# channel  phase_bin  observed  model  ns_surface  background  mdnse_contrib
40 0 719 668.467 304.334 364.133 0.23905608
40 1 634 650.72 286.588 364.132 0.026171112
40 2 667 619.396 255.264 364.132 0.21214682
40 3 570 578.549 214.417 364.132 0.0068419557
40 4 548 532.966 168.834 364.132 0.021159174
40 5 463 487.772 123.64 364.132 0.057447584
40 6 434 447.834 83.702 364.132 0.01791617
40 7 384 416.209 52.077 364.132 0.097118979
40 8 389 393.081 28.948 364.133 0.0015591317
40 9 395 385.046 20.913 364.133 0.0092756616
40 10 360 399.74 35.606 364.134 0.14784456
40 11 438 432.469 68.335 364.134 0.002863894
40 12 470 473.186 109.052 364.134 0.00095025719
40 13 522 513.398 149.264 364.134 0.0069270528
40 14 525 547.109 182.975 364.134 0.04576019
40 15 588 570.657 206.523 364.134 0.028157758
40 16 550 582.025 217.892 364.133 0.096012527
40 17 572 580.86 216.727 364.133 0.0073488108
40 18 600 568.149 204.016 364.133 0.09497204
40 19 558 545.99 181.858 364.132 0.013503167
40 20 499 516.873 152.741 364.132 0.02990505
40 21 493 484.838 120.706 364.132 0.006236527
40 22 454 456.018 91.886 364.132 0.00038123428
40 23 422 436.938 72.805 364.133 0.020889812
40 24 427 432.904 68.771 364.133 0.0032631897
40 25 411 447.17 83.036 364.134 0.12247477
40 26 520 481.113 116.979 364.134 0.14156585
40 27 559 528.434 164.299 364.135 0.087463498
40 28 580 578.402 214.268 364.134 0.00023905794
40 29 652 622.379 258.245 364.134 0.082138933
40 30 637 654.113 289.98 364.133 0.027415863
40 31 717 669.934 305.801 364.133 0.20737873
41 0 656 664.384 306.095 358.289 0.006580398
41 1 608 646.431 288.142 358.289 0.13826523
41 2 617 614.795 256.507 358.288 0.00045516285
41 3 596 573.596 215.308 358.288 0.046989492
41 4 560 527.689 169.401 358.288 0.097735069
41 5 444 482.233 123.945 358.288 0.13684419
41 6 459 442.111 83.823 358.288 0.026702843
41 7 448 410.383 52.095 358.288 0.13247012
41 8 344 387.232 28.944 358.288 0.17496866
41 9 375 379.233 20.943 358.29 0.0016774368
41 10 392 394.03 35.741 358.289 0.00038578177
41 11 455 427.008 68.718 358.29 0.073352933
41 12 446 468.132 109.842 358.29 0.045855449
41 13 546 508.821 150.532 358.289 0.1294032
41 14 549 542.969 184.679 358.29 0.0034050875
41 15 564 566.827 208.538 358.289 0.00074817164
41 16 600 578.331 220.042 358.289 0.043956931
41 17 581 577.113 218.824 358.289 0.001414421
41 18 527 564.185 205.896 358.289 0.12944497
41 19 539 541.689 183.4 358.289 0.00067691046
41 20 550 512.172 153.884 358.288 0.13396038
41 21 459 479.744 121.456 358.288 0.04028419
41 22 429 450.589 92.301 358.288 0.04363296
41 23 434 431.289 73 358.289 0.00068803203
41 24 413 427.222 68.933 358.289 0.018935247
41 25 452 441.625 83.335 358.29 0.010076874
41 26 459 475.799 117.509 358.29 0.026419007
41 27 516 523.419 165.128 358.291 0.0051527653
41 28 623 573.722 215.432 358.29 0.22732949
41 29 602 618.015 259.725 358.29 0.024010627
41 30 645 649.988 291.699 358.289 0.0023291771
41 31 661 665.912 307.623 358.289 0.0022587405
42 0 677 658.917 308.086 350.831 0.030611921
42 1 623 640.744 289.914 350.83 0.029474923
42 2 591 608.775 257.945 350.83 0.029578003
42 3 597 567.195 216.365 350.83 0.083162565
42 4 501 520.93 170.1 350.83 0.037184695
42 5 453 475.18 124.35 350.83 0.046054567
42 6 396 434.843 84.013 350.83 0.14124567
42 7 419 402.989 52.159 350.83 0.023998635
42 8 400 379.798 28.967 350.831 0.038206597
42 9 390 371.828 20.997 350.831 0.030913991
42 10 379 386.741 35.91 350.831 0.0056097532
42 11 401 419.987 69.156 350.831 0.03374911
42 12 483 461.545 110.714 350.831 0.043092993
42 13 472 502.74 151.908 350.832 0.088462121
42 14 528 537.346 186.515 350.831 0.0081771352
42 15 584 561.532 210.7 350.832 0.047258339
42 16 553 573.178 222.347 350.831 0.038115872
42 17 601 571.907 221.076 350.831 0.079236747
42 18 567 558.751 207.921 350.83 0.0063701877
42 19 552 535.901 185.071 350.83 0.024263163
42 20 498 505.965 155.135 350.83 0.0059391075
42 21 450 473.124 122.294 350.83 0.050058236
42 22 457 443.617 92.787 350.83 0.016767047
42 23 456 424.087 73.257 350.83 0.095342138
42 24 406 419.99 69.159 350.831 0.018322514
42 25 440 434.541 83.709 350.832 0.0027898176
42 26 470 468.97 118.138 350.832 9.931711e-05
42 27 507 516.923 166.091 350.832 0.0092179767
42 28 534 567.598 216.766 350.832 0.10567603
42 29 615 612.238 261.407 350.831 0.00071416238
42 30 690 644.472 293.64 350.832 0.19404693
42 31 652 660.507 309.676 350.831 0.0067748938
43 0 647 661.736 310.233 351.503 0.020328665
43 1 617 643.334 291.832 351.502 0.064920714
43 2 590 611.018 259.516 351.502 0.041355416
43 3 543 569.039 217.537 351.502 0.063474345
43 4 536 522.395 170.894 351.501 0.017327931
43 5 480 476.329 124.828 351.501 0.0012615904
43 6 449 435.758 84.256 351.502 0.016415601
43 7 397 403.76 52.258 351.502 0.004278022
43 8 375 380.516 29.013 351.503 0.0028483814
43 9 358 372.573 21.071 351.502 0.019881427
43 10 386 387.609 36.106 351.503 0.00024236043
43 11 424 421.136 69.633 351.503 0.00076788406
43 12 475 463.142 111.639 351.503 0.013163534
43 13 545 504.856 153.353 351.503 0.15086584
43 14 579 539.934 188.431 351.503 0.14287213
43 15 570 564.455 212.952 351.503 0.0028784105
43 16 577 576.248 224.746 351.502 5.2940167e-05
43 17 557 574.923 223.421 351.502 0.030072604
43 18 561 561.535 210.032 351.503 2.6795211e-05
43 19 538 538.322 186.82 351.502 9.7064711e-06
43 20 470 507.955 156.453 351.502 0.13486138
43 21 469 474.69 123.188 351.502 0.0030309178
43 22 448 444.825 93.323 351.502 0.0009437068
43 23 423 425.063 73.561 351.502 0.00039842637
43 24 406 420.938 69.435 351.503 0.020889812
43 25 413 435.643 84.14 351.503 0.047997383
43 26 501 470.343 118.839 351.504 0.087985059
43 27 534 518.652 167.148 351.504 0.022052265
43 28 543 569.723 218.219 351.504 0.066852869
43 29 654 614.729 263.225 351.504 0.14437551
43 30 670 647.236 295.733 351.503 0.048511732
43 31 674 663.39 311.887 351.503 0.010538539
44 0 602 657.866 312.248 345.618 0.29217616
44 1 615 639.246 293.629 345.617 0.055033841
44 2 580 606.598 260.982 345.616 0.066228907
44 3 538 564.242 218.626 345.616 0.064467894
44 4 531 517.243 171.627 345.616 0.017717282
44 5 489 470.881 125.265 345.616 0.030733928
44 6 390 430.092 84.476 345.616 0.15047525
44 7 398 397.963 52.347 345.616 1.2816017e-07
44 8 369 374.674 29.057 345.617 0.0030138962
44 9 382 366.762 21.145 345.617 0.021737298
44 10 399 381.914 36.296 345.618 0.027329421
44 11 402 415.702 70.084 345.618 0.017575899
44 12 450 458.132 112.513 345.619 0.0061907656
44 13 508 500.34 154.721 345.619 0.0054929692
44 14 553 535.867 190.249 345.618 0.027479983
44 15 539 560.709 215.091 345.618 0.044119366
44 16 570 572.642 227.025 345.617 0.00065345434
44 17 589 571.263 225.646 345.617 0.029451672
44 18 553 557.649 212.032 345.617 0.0020233393
44 19 537 534.087 188.471 345.616 0.00079438419
44 20 515 503.309 157.692 345.617 0.012795373
44 21 475 469.643 124.026 345.617 0.0026865376
44 22 492 439.44 93.823 345.617 0.25861895
44 23 430 419.462 73.845 345.617 0.010395994
44 24 437 415.316 69.698 345.618 0.044017809
44 25 449 430.169 84.551 345.618 0.033196813
44 26 492 465.12 119.502 345.618 0.067640709
44 27 539 513.765 168.146 345.619 0.059615095
44 28 529 565.207 219.589 345.618 0.12272547
44 29 589 610.557 264.939 345.618 0.043503707
44 30 595 643.32 297.702 345.618 0.2185765
44 31 647 659.583 313.965 345.618 0.014822383
45 0 642 659.944 313.735 346.209 0.030143116
45 1 645 641.139 294.93 346.209 0.0013955623
45 2 586 608.22 262.012 346.208 0.046220829
45 3 552 565.562 219.354 346.208 0.017218571
45 4 509 518.29 172.082 346.208 0.0080794361
45 5 435 471.712 125.504 346.208 0.12617279
45 6 399 430.774 84.566 346.208 0.094513404
45 7 405 398.567 52.359 346.208 0.0038741526
45 8 359 375.27 29.061 346.209 0.024781337
45 9 403 367.402 21.193 346.209 0.11863172
45 10 357 382.644 36.434 346.21 0.061563196
45 11 422 416.631 70.421 346.21 0.002698587
45 12 443 459.404 113.194 346.21 0.025191217
45 13 506 502.026 155.816 346.21 0.0014784456
45 14 542 537.936 191.726 346.21 0.0015461692
45 15 538 563.052 216.842 346.21 0.058753593
45 16 591 575.102 228.892 346.21 0.023661082
45 17 590 573.672 227.463 346.209 0.024958335
45 18 568 559.858 213.649 346.209 0.0062060007
45 19 520 535.991 189.783 346.208 0.023938717
45 20 508 504.859 158.651 346.208 0.00092360334
45 21 474 470.857 124.648 346.209 0.00092477991
45 22 468 440.377 94.168 346.209 0.071431753
45 23 457 420.226 74.017 346.209 0.12659932
45 24 443 416.071 69.862 346.209 0.067887541
45 25 437 431.045 84.835 346.21 0.0033198094
45 26 454 466.187 119.977 346.21 0.013904112
45 27 520 515.083 168.873 346.21 0.0022633413
45 28 595 566.808 220.598 346.21 0.074404876
45 29 627 612.42 266.21 346.21 0.019900531
45 30 616 645.379 299.17 346.209 0.080802285
45 31 666 661.722 315.512 346.21 0.0017132912
46 0 678 663.83 314.289 349.541 0.018797034
46 1 606 644.897 295.357 349.54 0.14163867
46 2 559 611.808 262.268 349.54 0.26106525
46 3 552 568.979 219.439 349.54 0.026988195
46 4 519 521.578 172.039 349.539 0.00062217914
46 5 477 474.924 125.384 349.54 0.00040346357
46 6 448 433.958 84.418 349.54 0.018458974
46 7 392 401.768 52.228 349.54 0.0089322511
46 8 375 378.529 28.989 349.54 0.0011658776
46 9 383 370.729 21.188 349.541 0.014096443
46 10 396 386.015 36.474 349.541 0.0093335264
46 11 395 420.095 70.553 349.542 0.058955459
46 12 473 463.076 113.534 349.542 0.0092198347
46 13 514 505.977 156.436 349.541 0.0060259179
46 14 560 542.155 192.613 349.542 0.029811424
46 15 575 567.464 217.923 349.541 0.0053165684
46 16 602 579.593 230.052 349.541 0.047002077
46 17 565 578.116 228.576 349.54 0.016104693
46 18 580 564.146 214.605 349.541 0.023530293
46 19 527 540.051 190.511 349.54 0.015945466
46 20 492 508.665 159.125 349.54 0.025999216
46 21 477 474.435 124.895 349.54 0.00061592008
46 22 444 443.778 94.238 349.54 4.6137661e-06
46 23 434 423.522 73.982 349.54 0.010277948
46 24 424 419.376 69.835 349.541 0.0020016368
46 25 430 434.426 84.884 349.542 0.0018338865
46 26 447 469.65 120.108 349.542 0.048027064
46 27 549 518.652 169.11 349.542 0.086220349
46 28 599 570.503 220.961 349.542 0.076023508
46 29 571 616.238 266.696 349.542 0.19158276
46 30 638 649.292 299.751 349.541 0.011936895
46 31 723 665.662 316.122 349.54 0.30777597
47 0 638 653.209 313.572 339.637 0.021654639
47 1 655 634.228 294.591 339.637 0.040393013
47 2 618 601.105 261.468 339.637 0.026721819
47 3 543 558.283 218.646 339.637 0.021865874
47 4 535 510.948 171.311 339.637 0.054156678
47 5 447 464.408 124.771 339.637 0.028369219
47 6 438 423.579 83.942 339.637 0.019468853
47 7 428 391.534 51.897 339.637 0.12448754
47 8 371 368.446 28.808 339.638 0.00061064866
47 9 337 360.745 21.107 339.638 0.052782988
47 10 387 376.013 36.375 339.638 0.011300766
47 11 394 410.043 70.404 339.639 0.024094659
47 12 412 453.05 113.411 339.639 0.15775239
47 13 444 496.049 156.41 339.639 0.25361469
47 14 509 532.34 192.702 339.638 0.050997787
47 15 556 557.735 218.097 339.638 0.00028180493
47 16 553 569.891 230.253 339.638 0.026709167
47 17 596 568.374 228.736 339.638 0.07144727
47 18 577 554.306 214.669 339.637 0.04821384
47 19 560 530.085 190.448 339.637 0.083777547
47 20 504 498.579 158.942 339.637 0.0027511131
47 21 466 464.269 124.632 339.637 0.00028050704
47 22 470 433.568 93.93 339.638 0.12425551
47 23 384 413.296 73.659 339.637 0.080346373
47 24 402 409.18 69.542 339.638 0.0048261244
47 25 435 424.244 84.605 339.639 0.010830567
47 26 458 459.406 119.767 339.639 0.00018506328
47 27 497 508.313 168.674 339.639 0.011981335
47 28 605 560.079 220.44 339.639 0.18890718
47 29 619 605.748 266.11 339.638 0.016440404
47 30 627 638.76 299.121 339.639 0.012946854
47 31 625 655.09 315.452 339.638 0.084760595
48 0 663 654.676 311.352 343.324 0.0064865499
48 1 623 635.739 292.416 343.323 0.015192187
48 2 584 602.746 259.422 343.324 0.032897799
48 3 542 560.139 216.815 343.324 0.030801815
48 4 544 513.099 169.776 343.323 0.089391184
48 5 462 466.896 123.573 343.323 0.0022440495
48 6 426 426.401 83.077 343.324 1.5053531e-05
48 7 394 394.652 51.329 343.323 3.9796494e-05
48 8 366 371.823 28.499 343.324 0.0031742652
48 9 385 364.257 20.933 343.324 0.040280306
48 10 409 379.435 36.11 343.325 0.081828651
48 11 418 413.247 69.922 343.325 0.0021148777
48 12 484 456.067 112.741 343.326 0.07304404
48 13 498 498.949 155.623 343.326 8.4310574e-05
48 14 539 535.172 191.848 343.324 0.0013718085
48 15 534 560.526 217.201 343.325 0.065870833
48 16 588 572.648 229.324 343.324 0.022063761
48 17 589 571.098 227.774 343.324 0.030002174
48 18 542 557.003 213.679 343.324 0.021072004
48 19 556 532.777 189.454 343.323 0.050487779
48 20 495 501.309 157.985 343.324 0.0037262388
48 21 457 467.09 123.767 343.323 0.0095308571
48 22 430 436.5 93.177 343.323 0.0039552718
48 23 432 416.318 72.994 343.324 0.023022502
48 24 394 412.257 68.932 343.325 0.03120387
48 25 443 427.261 83.936 343.325 0.023190168
48 26 442 462.189 118.864 343.325 0.038157441
48 27 491 510.768 167.443 343.325 0.036582644
48 28 545 562.198 218.873 343.325 0.027688888
48 29 592 607.579 264.254 343.325 0.02272107
48 30 616 640.386 297.061 343.325 0.055671223
48 31 653 656.596 313.272 343.324 0.0012105674
49 0 645 647.196 307.543 339.653 0.00045145482
49 1 610 628.403 288.75 339.653 0.031704936
49 2 585 595.71 256.057 339.653 0.010738128
49 3 574 553.54 213.887 339.653 0.039188702
49 4 526 507.039 167.387 339.652 0.033656744
49 5 485 461.41 121.758 339.652 0.052096135
49 6 435 421.453 81.8 339.653 0.017180503
49 7 424 390.162 50.509 339.653 0.10719117
49 8 370 367.705 28.052 339.653 0.00049307729
49 9 354 360.313 20.659 339.654 0.0037309652
49 10 358 375.323 35.668 339.655 0.028092852
49 11 430 408.741 69.086 339.655 0.042309246
49 12 479 451.147 111.492 339.655 0.072626244
49 13 489 493.684 154.029 339.655 0.0020539194
49 14 502 529.647 189.993 339.654 0.071555933
49 15 555 554.825 215.17 339.655 2.866987e-06
49 16 602 566.848 227.194 339.654 0.11567772
49 17 544 565.272 225.619 339.653 0.042361007
49 18 560 551.226 211.573 339.653 0.0072068401
49 19 494 527.126 187.473 339.653 0.10272771
49 20 487 495.862 156.21 339.652 0.0073521289
49 21 473 461.919 122.266 339.653 0.011494962
49 22 409 431.604 91.951 339.653 0.047832185
49 23 391 411.621 71.968 339.653 0.039807882
49 24 387 407.638 67.984 339.654 0.039873544
49 25 428 422.505 82.851 339.654 0.0028267345
49 26 419 457.02 117.365 339.655 0.1353237
49 27 495 505.021 165.366 339.655 0.0094009501
49 28 559 555.851 216.196 339.655 0.0009283141
49 29 628 600.709 261.054 339.655 0.069725
49 30 633 633.14 293.486 339.654 1.8348717e-06
49 31 662 649.145 309.491 339.654 0.015470124
50 0 624 640.15 302.224 337.926 0.024417133
50 1 659 621.594 283.668 337.926 0.1309882
50 2 580 589.367 251.441 337.926 0.0082139237
50 3 565 547.845 209.919 337.926 0.0275506
50 4 487 502.113 164.188 337.925 0.021382131
50 5 467 457.283 119.358 337.925 0.0088392217
50 6 432 418.06 80.134 337.926 0.018191779
50 7 407 387.379 49.453 337.926 0.036040591
50 8 371 365.402 27.476 337.926 0.002933698
50 9 388 358.218 20.291 337.927 0.083034264
50 10 385 372.985 35.058 337.927 0.013514413
50 11 411 405.842 67.914 337.928 0.0024906477
50 12 445 447.619 109.691 337.928 0.00064212654
50 13 475 489.593 151.666 337.927 0.019936035
50 14 501 525.112 187.185 337.927 0.054427213
50 15 533 549.983 212.056 337.927 0.027000913
50 16 547 561.846 223.919 337.927 0.020633293
50 17 568 560.254 222.327 337.927 0.0056170024
50 18 525 546.329 208.403 337.926 0.04258833
50 19 522 522.478 184.552 337.926 2.1389736e-05
50 20 493 491.581 153.655 337.926 0.00018850133
50 21 447 458.086 120.16 337.926 0.011505338
50 22 428 428.204 90.278 337.926 3.8959194e-06
50 23 432 408.525 70.599 337.926 0.051589441
50 24 406 404.643 66.716 337.927 0.00017238891
50 25 422 419.298 81.37 337.928 0.00068347135
50 26 380 453.228 115.3 337.928 0.50200029
50 27 489 500.414 162.487 337.927 0.012196223
50 28 566 550.393 212.465 337.928 0.022802816
50 29 614 594.504 256.577 337.927 0.035582844
50 30 615 626.398 288.471 337.927 0.012162054
50 31 637 642.118 304.191 337.927 0.0024521678
51 0 661 638.402 295.67 342.732 0.047806795
51 1 581 620.162 277.43 342.732 0.14357517
51 2 616 588.536 245.804 342.732 0.070611787
51 3 544 547.835 205.104 342.731 0.0013768301
51 4 501 503.062 160.331 342.731 0.00039804021
51 5 470 459.215 116.483 342.732 0.010889048
51 6 443 420.885 78.153 342.732 0.045785031
51 7 393 390.936 48.205 342.731 0.00039881273
51 8 386 369.526 26.794 342.732 0.02540667
51 9 355 362.578 19.846 342.732 0.0053759946
51 10 381 377.044 34.311 342.733 0.0014650829
51 11 389 409.201 66.468 342.733 0.038202815
51 12 431 450.171 107.438 342.733 0.034406394
51 13 450 491.403 148.67 342.733 0.16047717
51 14 507 526.323 183.59 342.733 0.034954149
51 15 564 550.781 208.048 342.733 0.016358626
51 16 595 562.431 219.698 342.733 0.099302109
51 17 561 560.829 218.097 342.732 2.7374226e-06
51 18 559 547.087 204.355 342.732 0.013285928
51 19 539 523.589 180.858 342.731 0.022233676
51 20 509 493.193 150.462 342.731 0.023390986
51 21 451 460.292 117.56 342.732 0.0080829153
51 22 404 430.972 88.24 342.732 0.068104518
51 23 407 411.683 68.951 342.732 0.0020530425
51 24 402 407.921 65.188 342.733 0.0032820088
51 25 437 422.302 79.569 342.733 0.020223956
51 26 429 455.507 112.773 342.734 0.065776503
51 27 498 501.686 158.952 342.734 0.0012719214
51 28 583 550.607 207.874 342.733 0.098231769
51 29 586 593.789 251.055 342.734 0.0056795383
51 30 617 625.011 282.278 342.733 0.0060079054
51 31 660 640.38 297.647 342.733 0.036036917
52 0 670 646.006 288.337 357.669 0.053895801
52 1 604 628.133 270.464 357.669 0.054522059
52 2 591 597.195 239.527 357.668 0.0035927934
52 3 535 557.427 199.759 357.668 0.047086021
52 4 507 513.734 156.065 357.669 0.0042451774
52 5 458 470.984 113.316 357.668 0.015782167
52 6 436 433.648 75.979 357.669 0.00051787418
52 7 414 404.509 46.84 357.669 0.0084328344
52 8 353 383.719 26.05 357.669 0.088341297
52 9 392 377.024 19.354 357.67 0.020996228
52 10 401 391.149 33.479 357.67 0.0090846931
52 11 420 422.519 64.849 357.67 0.00059402669
52 12 460 462.567 104.897 357.67 0.00061688095
52 13 544 502.939 145.268 357.671 0.15783695
52 14 618 537.16 179.49 357.67 0.6117898
52 15 568 561.133 203.463 357.67 0.0044145223
52 16 594 572.537 214.867 357.67 0.043125136
52 17 538 570.931 213.262 357.669 0.10152184
52 18 526 557.411 199.742 357.669 0.092366215
52 19 545 534.336 176.667 357.669 0.010646084
52 20 497 504.529 146.86 357.669 0.0053066961
52 21 460 472.316 114.647 357.669 0.014200021
52 22 472 443.642 85.973 357.669 0.075283676
52 23 419 424.801 67.132 357.669 0.003150325
52 24 387 421.17 63.5 357.67 0.10930489
52 25 443 435.238 77.568 357.67 0.0056402311
52 26 460 467.629 109.958 357.671 0.0054485991
52 27 483 512.678 155.007 357.671 0.082455359
52 28 558 560.411 202.741 357.67 0.00054418184
52 29 608 602.546 244.876 357.67 0.0027847095
52 30 627 633.013 275.343 357.67 0.0033847924
52 31 671 647.988 290.318 357.67 0.049574501
53 0 640 639.581 280.801 358.78 1.6435301e-05
53 1 621 622.091 263.312 358.779 0.00011142923
53 2 568 591.867 233.088 358.779 0.053326771
53 3 537 553.064 194.285 358.779 0.02415778
53 4 541 510.483 151.704 358.779 0.087183299
53 5 468 468.862 110.083 358.779 6.9560734e-05
53 6 430 432.544 73.765 358.779 0.00060587612
53 7 427 404.233 45.454 358.779 0.048524519
53 8 382 384.074 25.294 358.78 0.00040268655
53 9 348 377.635 18.855 358.78 0.082216595
53 10 367 391.41 32.629 358.781 0.055780857
53 11 422 421.968 63.187 358.781 9.5862683e-08
53 12 476 461.058 102.277 358.781 0.020901001
53 13 497 500.531 141.75 358.781 0.0011671994
53 14 485 534.02 175.24 358.78 0.2249553
53 15 548 557.485 198.704 358.781 0.0084221756
53 16 585 568.632 209.852 358.78 0.025080769
53 17 595 567.023 208.244 358.779 0.073274339
53 18 555 553.74 194.961 358.779 0.00014862461
53 19 523 531.112 172.332 358.78 0.0061603517
53 20 478 501.923 143.144 358.779 0.05357731
53 21 487 470.429 111.65 358.779 0.025706743
53 22 500 442.43 83.651 358.779 0.31027164
53 23 456 424.055 65.276 358.779 0.095533438
53 24 425 420.561 61.78 358.781 0.0018446752
53 25 419 434.304 75.524 358.78 0.021926006
53 26 471 465.856 107.075 358.781 0.0024771457
53 27 523 509.743 150.962 358.781 0.016452812
53 28 517 556.253 197.472 358.781 0.14424319
53 29 598 597.309 238.528 358.781 4.4699814e-05
53 30 650 626.995 268.214 358.781 0.049544346
53 31 612 641.565 282.785 358.78 0.081828651
54 0 605 625.404 273.648 351.756 0.038974473
54 1 591 608.276 256.521 351.755 0.027940618
54 2 577 578.73 226.975 351.755 0.00028018303
54 3 526 540.844 189.088 351.756 0.020627734
54 4 497 499.32 147.565 351.755 0.00050387823
54 5 443 458.772 107.016 351.756 0.023287516
54 6 420 423.421 71.665 351.756 0.0010956095
54 7 411 395.897 44.141 351.756 0.021353844
54 8 357 376.337 24.581 351.756 0.035004818
54 9 397 370.143 18.387 351.756 0.067525004
54 10 377 383.586 31.829 351.757 0.0040606268
54 11 401 413.37 61.613 351.757 0.014324815
54 12 446 451.549 99.792 351.757 0.0028825648
54 13 446 490.166 138.409 351.757 0.18261051
54 14 556 522.96 171.203 351.757 0.10219501
54 15 539 545.941 194.184 351.757 0.0045101783
54 16 593 556.843 205.086 351.757 0.12238675
54 17 577 555.231 203.474 351.757 0.04436358
54 18 511 542.171 190.415 351.756 0.090960134
54 19 526 519.966 168.21 351.756 0.003408476
54 20 512 491.366 139.61 351.756 0.039858089
54 21 439 460.556 108.801 351.755 0.043499671
54 22 437 433.202 81.446 351.756 0.001350391
54 23 409 415.275 63.519 351.756 0.0036861846
54 24 419 411.914 60.157 351.757 0.0047005851
54 25 452 425.349 73.592 351.757 0.066493109
54 26 486 456.104 104.346 351.758 0.083671161
54 27 501 498.888 147.13 351.758 0.00041757785
54 28 533 544.236 192.479 351.757 0.011818792
54 29 584 584.265 232.508 351.757 6.5741767e-06
54 30 623 613.208 261.451 351.757 0.0089761982
54 31 619 627.392 275.636 351.756 0.006592962
55 0 607 634.046 267.342 366.704 0.068478732
55 1 639 617.231 250.527 366.704 0.04436358
55 2 595 588.276 221.572 366.704 0.0042325786
55 3 581 551.194 184.49 366.704 0.083168145
55 4 503 510.602 143.898 366.704 0.0054101008
55 5 441 471.001 104.297 366.704 0.084259928
55 6 430 436.506 69.802 366.704 0.0039625772
55 7 437 409.682 42.977 366.705 0.069863031
55 8 406 390.657 23.952 366.705 0.022037899
55 9 368 384.686 17.981 366.705 0.026064782
55 10 406 397.839 31.133 366.706 0.0062349989
55 11 441 426.939 60.233 366.706 0.018508961
55 12 485 464.315 97.609 366.706 0.040055363
55 13 507 502.186 135.48 366.706 0.0021695107
55 14 556 534.374 167.669 366.705 0.043782648
55 15 527 556.936 190.23 366.706 0.08389521
55 16 613 567.622 200.917 366.705 0.19277039
55 17 554 566.002 199.298 366.704 0.013485184
55 18 557 553.132 186.427 366.705 0.0014006272
55 19 459 531.29 164.586 366.704 0.48922211
55 20 483 503.199 136.495 366.704 0.03819525
55 21 456 472.989 106.285 366.704 0.027019994
55 22 446 446.203 79.499 366.704 3.8578177e-06
55 23 414 428.675 61.97 366.705 0.020160711
55 24 439 425.438 58.733 366.705 0.017218571
55 25 484 438.606 71.9 366.706 0.19290635
55 26 473 468.656 101.95 366.706 0.0017665635
55 27 497 510.468 143.762 366.706 0.01698071
55 28 538 554.793 188.087 366.706 0.026400138
55 29 644 593.917 227.211 366.706 0.23481741
55 30 600 622.202 255.497 366.705 0.046145974
55 31 587 636.043 269.337 366.706 0.22516645
56 0 628 620.844 262.131 358.713 0.0047939145
56 1 635 604.277 245.564 358.713 0.088364305
56 2 553 575.8 217.087 358.713 0.04866529
56 3 531 539.375 180.663 358.712 0.0065662778
56 4 488 499.551 140.838 358.713 0.012490758
56 5 438 460.735 102.022 358.713 0.048388208
56 6 416 426.954 68.241 358.713 0.011232983
56 7 419 400.715 42.002 358.713 0.031299655
56 8 391 382.143 23.43 358.713 0.007343835
56 9 402 376.369 17.655 358.714 0.061500794
56 10 406 389.284 30.57 358.714 0.026158591
56 11 443 417.816 59.102 358.714 0.059374374
56 12 440 454.534 95.82 358.714 0.019775157
56 13 494 491.803 133.088 358.715 0.00045186608
56 14 516 523.507 164.793 358.714 0.0052757287
56 15 509 545.733 187.019 358.714 0.12631718
56 16 544 556.245 197.531 358.714 0.014036771
56 17 557 554.612 195.899 358.713 0.0005338488
56 18 514 541.884 183.171 358.713 0.072787998
56 19 533 520.325 161.613 358.712 0.015039921
56 20 502 492.639 133.926 358.713 0.0082034043
56 21 411 462.914 104.201 358.713 0.25230079
56 22 423 436.595 77.882 358.713 0.017302468
56 23 395 419.4 60.687 358.713 0.055735163
56 24 446 416.277 57.563 358.714 0.082705598
56 25 486 429.227 70.513 358.714 0.3017403
56 26 440 458.695 99.981 358.714 0.032719041
56 27 501 499.707 140.992 358.715 0.00015651165
56 28 540 543.188 184.473 358.715 0.00095145061
56 29 583 581.562 222.848 358.714 0.00019358308
56 30 599 609.304 250.59 358.714 0.0099394264
56 31 649 622.856 264.142 358.714 0.063987286
57 0 611 609.585 258.023 351.562 0.0001874401
57 1 600 593.199 241.638 351.561 0.0043300726
57 2 581 565.086 213.524 351.562 0.023708732
57 3 497 529.17 177.609 351.561 0.09688393
57 4 498 489.949 138.388 351.561 0.0060680518
57 5 449 451.756 100.194 351.562 0.00071106295
57 6 425 418.544 66.983 351.561 0.0039019048
57 7 400 392.778 41.217 351.561 0.0048827512
57 8 387 374.576 23.014 351.562 0.014450155
57 9 353 368.971 17.408 351.563 0.023878874
57 10 351 381.704 30.141 351.563 0.088255044
57 11 371 409.784 58.221 351.563 0.14081691
57 12 497 445.991 94.428 351.563 0.24358091
57 13 504 482.802 131.239 351.563 0.042066792
57 14 501 514.145 162.582 351.563 0.016175988
57 15 538 536.121 184.558 351.563 0.00033052414
57 16 583 546.498 194.936 351.562 0.12473345
57 17 540 544.847 193.285 351.562 0.0021993567
57 18 518 532.213 180.652 351.561 0.018911289
57 19 510 510.856 159.295 351.561 6.8595741e-05
57 20 467 483.468 131.907 351.561 0.025388167
57 21 452 454.113 102.551 351.562 0.00041797337
57 22 430 428.16 76.598 351.562 0.000316946
57 23 380 411.232 59.67 351.562 0.091316491
57 24 380 408.21 56.648 351.562 0.074499918
57 25 417 420.996 69.433 351.563 0.0014948602
57 26 496 450.004 98.441 351.563 0.1980568
57 27 434 490.386 138.823 351.563 0.29764062
57 28 593 533.204 181.641 351.563 0.33472942
57 29 566 570.988 219.425 351.563 0.0023291771
57 30 620 598.299 246.737 351.562 0.044086855
57 31 646 611.618 260.056 351.562 0.11066541
58 0 611 593.434 254.829 338.605 0.02888653
58 1 576 577.177 238.572 338.605 0.00012968882
58 2 585 549.332 210.727 338.605 0.11909873
58 3 504 513.803 175.198 338.605 0.0089963766
58 4 466 475.049 136.444 338.605 0.007665682
58 5 412 437.342 98.737 338.605 0.06012172
58 6 433 404.581 65.976 338.605 0.075607906
58 7 384 379.194 40.588 338.606 0.002162306
58 8 347 361.292 22.687 338.605 0.019122102
58 9 344 355.834 17.228 338.606 0.013110304
58 10 374 368.429 29.823 338.606 0.002905467
58 11 401 396.155 57.549 338.606 0.002197542
58 12 441 431.971 93.365 338.606 0.0076318342
58 13 457 468.445 129.838 338.607 0.012262562
58 14 510 499.527 160.92 338.607 0.010268141
58 15 499 521.322 182.716 338.606 0.046646153
58 16 517 531.598 192.993 338.605 0.019949699
58 17 517 529.925 191.319 338.606 0.015639063
58 18 494 517.347 178.741 338.606 0.051028381
58 19 501 496.124 157.519 338.605 0.0022257533
58 20 471 468.947 130.342 338.605 0.00039457314
58 21 424 439.867 101.262 338.605 0.023568897
58 22 423 414.195 75.59 338.605 0.0072578559
58 23 374 397.48 58.875 338.605 0.05161142
58 24 391 394.55 55.945 338.605 0.0011797944
58 25 446 407.215 68.609 338.606 0.14082417
58 26 458 435.864 97.258 338.606 0.045872025
58 27 483 475.76 137.153 338.607 0.0049071209
58 28 492 518.064 179.458 338.606 0.063596287
58 29 568 555.389 216.783 338.606 0.014888422
58 30 576 582.364 243.758 338.606 0.0037914904
58 31 616 595.496 256.89 338.606 0.039357437
59 0 612 578.311 252.257 326.054 0.10624925
59 1 553 562.144 236.091 326.053 0.0078274816
59 2 491 534.505 208.452 326.053 0.17718541
59 3 527 499.279 173.226 326.053 0.071939499
59 4 435 460.9 134.847 326.053 0.062798483
59 5 447 423.588 97.535 326.053 0.051312911
59 6 416 391.196 65.143 326.053 0.057596099
59 7 355 366.122 40.069 326.053 0.011580183
59 8 350 348.475 22.422 326.053 0.00021771548
59 9 341 343.148 17.094 326.054 0.00043193478
59 10 316 355.637 29.582 326.055 0.14707917
59 11 378 383.073 57.019 326.054 0.002409236
59 12 424 418.578 92.524 326.054 0.0027521281
59 13 465 454.794 128.739 326.055 0.0097512603
59 14 456 485.681 159.627 326.054 0.082472029
59 15 520 507.343 181.289 326.054 0.014997235
59 16 542 517.54 191.486 326.054 0.056009607
59 17 474 515.841 189.787 326.054 0.16389048
59 18 515 503.292 177.239 326.053 0.012832612
59 19 495 482.161 156.108 326.053 0.015431638
59 20 462 455.137 129.084 326.053 0.0044093809
59 21 439 426.269 100.216 326.053 0.015173112
59 22 380 400.824 74.771 326.053 0.040595504
59 23 382 384.286 58.232 326.054 0.0004892176
59 24 400 381.442 55.388 326.054 0.032241257
59 25 412 394.015 67.961 326.054 0.030281021
59 26 441 422.374 96.32 326.054 0.032477966
59 27 461 461.879 135.825 326.054 7.2331484e-05
59 28 513 503.772 177.718 326.054 0.0079719542
59 29 535 540.726 214.672 326.054 0.0030693917
59 30 535 567.427 241.373 326.054 0.098438087
59 31 574 580.404 254.35 326.054 0.003839302
60 0 555 558.834 250.01 308.824 0.0013761122
60 1 492 542.741 233.917 308.824 0.24102809
60 2 504 515.275 206.451 308.824 0.01190098
60 3 488 480.311 171.487 308.824 0.0055346396
60 4 429 442.258 133.435 308.823 0.016455294
60 5 408 405.294 96.47 308.824 0.00068549645
60 6 378 373.228 64.405 308.823 0.0021318198
60 7 345 348.434 39.611 308.823 0.001103952
60 8 319 331.015 22.191 308.824 0.013514413
60 9 309 325.81 16.986 308.824 0.026453616
60 10 333 338.208 29.383 308.825 0.0025391688
60 11 377 365.389 56.564 308.825 0.012620858
60 12 433 400.623 91.798 308.825 0.098134753
60 13 452 436.618 127.793 308.825 0.022150077
60 14 467 467.342 158.517 308.825 1.094969e-05
60 15 472 488.891 180.066 308.825 0.026709167
60 16 497 499.019 190.195 308.824 0.00038161221
60 17 493 497.293 188.469 308.824 0.0017253269
60 18 488 484.764 175.94 308.824 0.00098031726
60 19 424 463.702 154.878 308.824 0.14756195
60 20 459 436.805 127.981 308.824 0.04611688
60 21 402 408.12 99.296 308.824 0.0035063274
60 22 403 382.875 74.051 308.824 0.037915903
60 23 364 366.497 57.673 308.824 0.00058369599
60 24 358 363.736 54.912 308.824 0.0030801219
60 25 397 376.232 67.407 308.825 0.040377458
60 26 395 404.337 95.512 308.825 0.0081613939
60 27 433 443.502 134.677 308.825 0.010325085
60 28 471 485.036 176.211 308.825 0.018443203
60 29 554 521.664 212.839 308.825 0.097886368
60 30 594 548.124 239.299 308.825 0.19702472
60 31 571 560.961 252.136 308.825 0.0094347529
61 0 546 542.541 247.848 294.693 0.0011200844
61 1 536 526.517 231.825 294.692 0.0084186242
61 2 502 499.219 204.526 294.693 0.00072402173
61 3 476 464.507 169.815 294.692 0.012365635
61 4 402 426.771 132.079 294.692 0.057442946
61 5 378 390.141 95.449 294.692 0.013799347
61 6 365 358.389 63.697 294.692 0.004091513
61 7 332 333.865 39.173 294.692 0.00032561717
61 8 312 316.665 21.972 294.693 0.0020372903
61 9 298 311.579 16.886 294.693 0.017261765
61 10 345 323.891 29.198 294.693 0.041714298
61 11 356 350.824 56.13 294.694 0.0025080614
61 12 357 385.793 91.099 294.694 0.077611032
61 13 400 421.573 126.879 294.694 0.04356831
61 14 415 452.136 157.443 294.693 0.12910405
61 15 476 473.574 178.881 294.693 0.00055097414
61 16 502 483.634 188.941 294.693 0.031577576
61 17 453 481.882 187.19 294.692 0.078091569
61 18 465 469.37 174.678 294.692 0.0017877735
61 19 418 448.378 153.686 294.692 0.086390896
61 20 428 421.605 126.912 294.693 0.0038285182
61 21 384 393.099 98.407 294.692 0.0077506291
61 22 406 368.052 73.359 294.693 0.13481164
61 23 337 351.832 57.14 294.692 0.020594396
61 24 361 349.155 54.462 294.693 0.013134688
61 25 398 361.576 66.883 294.693 0.12420094
61 26 413 389.436 94.742 294.694 0.051981362
61 27 431 428.274 133.58 294.694 0.00069566688
61 28 470 469.462 174.769 294.693 2.7096561e-05
61 29 515 505.775 211.081 294.694 0.0079667717
61 30 528 532 237.307 294.693 0.0014978544
61 31 564 544.701 250.008 294.693 0.034867374
62 0 558 536.705 245.616 291.089 0.04245266
62 1 527 520.758 229.67 291.088 0.0036475155
62 2 527 493.637 202.549 291.088 0.1042029
62 3 453 459.191 168.103 291.088 0.0035881553
62 4 443 421.782 130.694 291.088 0.042146209
62 5 406 385.497 94.409 291.088 0.039353598
62 6 352 354.068 62.98 291.088 0.00040036001
62 7 328 329.819 38.73 291.089 0.00030975264
62 8 309 312.84 21.752 291.088 0.0013804226
62 9 295 307.873 16.784 291.089 0.015513478
62 10 319 320.096 29.007 291.089 0.00011245292
62 11 333 346.772 55.682 291.09 0.017755939
62 12 364 381.461 90.371 291.09 0.028542226
62 13 406 417.008 125.918 291.09 0.011344006
62 14 456 447.396 156.306 291.09 0.0069302743
62 15 494 468.712 177.622 291.09 0.059865772
62 16 467 478.699 187.61 291.089 0.01281289
62 17 429 476.922 185.833 291.089 0.21499061
62 18 467 464.435 173.346 291.089 0.00061592008
62 19 441 443.523 152.434 291.089 0.00059591474
62 20 382 416.887 125.799 291.088 0.11394017
62 21 397 388.575 97.487 291.088 0.0066449152
62 22 347 363.738 72.65 291.088 0.026227491
62 23 370 347.686 56.597 291.089 0.046612724
62 24 351 345.094 54.004 291.09 0.0032654009
62 25 381 357.435 66.346 291.089 0.051985774
62 26 387 385.041 93.951 291.09 0.00035926797
62 27 432 423.541 132.451 291.09 0.006698656
62 28 449 464.371 173.281 291.09 0.022118408
62 29 507 500.356 209.266 291.09 0.004132462
62 30 522 526.338 235.248 291.09 0.0017616869
62 31 532 538.897 247.808 291.089 0.0044531782
63 0 541 524.634 243.237 281.397 0.025074641
63 1 487 508.775 227.379 281.396 0.044388038
63 2 422 481.851 200.455 281.396 0.33534547
63 3 456 447.693 166.297 281.396 0.0064600822
63 4 440 410.636 129.24 281.396 0.080719796
63 5 376 374.718 93.322 281.396 0.00015385998
63 6 342 343.629 62.233 281.396 0.00024842299
63 7 341 319.667 38.271 281.396 0.042604305
63 8 302 302.918 21.522 281.396 7.8892367e-05
63 9 292 298.072 16.676 281.396 0.0034515419
63 10 319 310.199 28.802 281.397 0.0072512631
63 11 336 336.6 55.202 281.398 3.3701725e-05
63 12 386 370.983 89.586 281.397 0.021111349
63 13 393 406.27 124.873 281.397 0.016485096
63 14 415 436.457 155.06 281.397 0.043101028
63 15 442 457.632 176.236 281.396 0.022875928
63 16 484 467.538 186.141 281.397 0.02536967
63 17 445 465.737 184.341 281.396 0.040257007
63 18 447 453.286 171.89 281.396 0.0036991196
63 19 433 432.473 151.077 281.396 2.5999851e-05
63 20 421 405.997 124.601 281.396 0.021072004
63 21 406 377.902 96.506 281.396 0.07390953
63 22 344 353.295 71.899 281.396 0.0080881354
63 23 322 337.424 56.027 281.397 0.022271202
63 24 333 334.918 53.522 281.396 0.00034438706
63 25 368 347.172 65.775 281.397 0.040611101
63 26 400 374.507 93.109 281.398 0.060840324
63 27 412 412.646 131.248 281.398 3.9067414e-05
63 28 437 453.092 171.694 281.398 0.024242068
63 29 490 488.726 207.329 281.397 0.00015194572
63 30 498 514.446 233.049 281.397 0.025320379
63 31 516 526.856 245.459 281.397 0.01103289
64 0 507 516.621 240.686 275.935 0.0086654287
64 1 481 500.864 224.929 275.935 0.036938822
64 2 453 474.158 198.223 275.935 0.041908185
64 3 418 440.316 164.381 275.935 0.04662108
64 4 377 403.637 127.703 275.934 0.066423269
64 5 374 368.112 92.177 275.935 0.003245527
64 6 353 337.385 61.45 275.935 0.022826199
64 7 312 313.726 37.791 275.935 0.00027888889
64 8 309 297.216 21.281 275.935 0.012999753
64 9 300 292.493 16.558 275.935 0.0052757287
64 10 278 304.516 28.58 275.936 0.065821177
64 11 330 330.621 54.685 275.936 3.610213e-05
64 12 346 364.67 88.734 275.936 0.032631592
64 13 381 399.664 123.728 275.936 0.032610621
64 14 432 429.622 153.686 275.936 0.00052938706
64 15 475 450.637 174.701 275.936 0.055566258
64 16 441 460.452 184.516 275.936 0.035422413
64 17 438 458.63 182.695 275.935 0.039842637
64 18 401 446.227 170.292 275.935 0.1914896
64 19 453 425.532 149.597 275.935 0.070632357
64 20 394 399.24 123.305 275.935 0.002570468
64 21 374 371.388 95.454 275.934 0.00063869861
64 22 355 347.035 71.1 275.935 0.0059391075
64 23 330 331.359 55.424 275.935 0.00017289743
64 24 339 328.943 53.008 275.935 0.0094686164
64 25 344 341.099 65.163 275.936 0.0007878528
64 26 381 368.143 92.207 275.936 0.015474938
64 27 448 405.893 129.957 275.936 0.16598094
64 28 463 445.925 169.989 275.936 0.027294243
64 29 472 481.182 205.246 275.936 0.0078926746
64 30 533 506.62 230.685 275.935 0.065147718
64 31 564 518.871 242.936 275.935 0.19066064
65 0 502 510.53 237.963 272.567 0.0068115772
65 1 483 494.888 222.321 272.567 0.013230225
65 2 472 468.423 195.856 272.567 0.0011978088
65 3 389 434.922 162.356 272.566 0.19742003
65 4 390 398.651 126.084 272.567 0.0070061954
65 5 338 363.543 90.976 272.567 0.061079213
65 6 360 333.199 60.632 272.567 0.067243703
65 7 333 309.858 37.291 272.567 0.050136199
65 8 276 293.596 21.029 272.567 0.028985282
65 9 298 288.998 16.43 272.568 0.0075862586
65 10 308 300.908 28.34 272.568 0.0047085488
65 11 327 326.699 54.131 272.568 8.4816943e-06
65 12 354 360.383 87.815 272.568 0.0038141636
65 13 389 395.053 122.484 272.569 0.0034299751
65 14 464 424.753 152.185 272.568 0.1441991
65 15 439 445.588 173.02 272.568 0.0040630934
65 16 473 455.302 182.734 272.568 0.029322298
65 17 445 453.461 180.894 272.567 0.0067018239
65 18 461 441.119 168.552 272.567 0.037002075
65 19 419 420.563 147.996 272.567 0.00022870075
65 20 389 394.48 121.913 272.567 0.002811323
65 21 380 366.897 94.331 272.566 0.016072784
65 22 336 342.82 70.253 272.567 0.0043543003
65 23 295 327.354 54.787 272.567 0.097995376
65 24 332 325.031 52.463 272.568 0.0045466398
65 25 308 337.079 64.511 272.568 0.079160505
65 26 340 363.812 91.244 272.568 0.053081278
65 27 432 401.147 128.578 272.569 0.089113689
65 28 458 440.735 168.167 272.568 0.027905049
65 29 486 475.587 203.019 272.568 0.010150825
65 30 491 500.724 228.156 272.568 0.0088519616
65 31 555 512.806 240.239 272.567 0.16666754
66 0 490 510.654 235.079 275.575 0.039935394
66 1 510 495.139 219.564 275.575 0.020675008
66 2 456 468.936 193.361 275.575 0.015665694
66 3 405 435.803 160.228 275.575 0.08882509
66 4 432 399.964 124.389 275.575 0.096078495
66 5 341 365.298 89.723 275.575 0.055270155
66 6 348 335.355 59.78 275.575 0.014968811
66 7 324 312.347 36.772 275.575 0.012712329
66 8 293 296.342 20.767 275.575 0.0010455926
66 9 288 291.87 16.294 275.576 0.001402076
66 10 308 303.66 28.084 275.576 0.0017633117
66 11 331 329.117 53.541 275.576 0.00033193287
66 12 361 362.409 86.833 275.576 0.00018585387
66 13 395 396.723 121.147 275.576 0.00027792024
66 14 407 426.139 150.563 275.576 0.034291628
66 15 456 446.774 171.198 275.576 0.007968499
66 16 451 456.379 180.803 275.576 0.0027086489
66 17 450 454.521 178.945 275.576 0.0019134567
66 18 465 442.252 166.676 275.576 0.048443561
66 19 410 421.854 146.279 275.575 0.013154655
66 20 409 396.005 120.43 275.575 0.01580892
66 21 369 368.716 93.141 275.575 7.5506841e-06
66 22 359 344.936 69.361 275.575 0.01851686
66 23 354 329.694 54.119 275.575 0.055306555
66 24 266 327.465 51.89 275.575 0.35367584
66 25 335 339.397 63.821 275.576 0.0018099332
66 26 400 365.8 90.223 275.577 0.1094969
66 27 397 402.693 127.117 275.576 0.0030341147
66 28 406 441.811 166.234 275.577 0.12005563
66 29 496 476.233 200.657 275.576 0.036578943
66 30 502 501.049 225.473 275.576 8.4666315e-05
66 31 547 512.954 237.378 275.576 0.10851301
67 0 500 496.47 232.044 264.426 0.0011665384
67 1 501 481.094 216.669 264.425 0.037095192
67 2 490 455.172 190.747 264.425 0.11355511
67 3 398 422.431 158.005 264.426 0.055876875
67 4 389 387.049 122.624 264.425 0.00035633966
67 5 371 352.846 88.421 264.425 0.030852779
67 6 323 323.324 58.899 264.425 9.8274229e-06
67 7 300 300.662 36.236 264.426 4.1026607e-05
67 8 283 284.921 20.495 264.426 0.00034546524
67 9 273 280.576 16.15 264.426 0.0053731573
67 10 293 292.238 27.812 264.426 5.4357511e-05
67 11 309 317.344 52.917 264.427 0.0065177577
67 12 325 350.218 85.791 264.427 0.059534801
67 13 403 384.148 119.721 264.427 0.033270895
67 14 456 413.253 148.827 264.426 0.1710649
67 15 457 433.669 169.243 264.426 0.050958464
67 16 409 443.157 178.731 264.426 0.10922173
67 17 456 441.284 176.858 264.426 0.020273521
67 18 436 429.099 164.674 264.425 0.0044583451
67 19 412 408.879 144.454 264.425 0.00091187889
67 20 366 383.286 118.861 264.425 0.027972974
67 21 372 356.315 91.889 264.426 0.023031312
67 22 325 332.853 68.427 264.426 0.005773256
67 23 323 317.848 53.422 264.426 0.0024848566
67 24 302 315.715 51.289 264.426 0.017609266
67 25 310 327.52 63.094 264.426 0.028735438
67 26 338 353.576 89.15 264.426 0.02271232
67 27 392 390.005 125.578 264.427 0.00037259363
67 28 387 428.625 164.198 264.427 0.16220271
67 29 477 462.593 198.167 264.426 0.019431071
67 30 500 487.072 222.645 264.427 0.015646324
67 31 502 498.79 234.364 264.426 0.00096462761
68 0 496 485.258 228.865 256.393 0.010802392
68 1 456 470.034 213.642 256.392 0.018437947
68 2 433 444.412 188.02 256.392 0.012191949
68 3 412 412.084 155.693 256.391 6.605538e-07
68 4 396 377.183 120.791 256.392 0.033147471
68 5 353 343.465 87.073 256.392 0.0085112044
68 6 321 314.38 57.988 256.392 0.0041026607
68 7 281 292.076 35.684 256.392 0.011484591
68 8 264 276.606 20.214 256.392 0.014876619
68 9 285 272.389 15.997 256.392 0.014888422
68 10 255 283.917 27.525 256.392 0.078280951
68 11 329 308.655 52.262 256.393 0.038749403
68 12 358 341.086 84.693 256.393 0.026781955
68 13 401 374.604 118.211 256.393 0.065226768
68 14 422 403.374 146.981 256.393 0.032477966
68 15 425 423.554 167.161 256.393 0.00019574299
68 16 426 432.916 176.524 256.392 0.0044777474
68 17 429 431.03 174.638 256.392 0.00038578177
68 18 427 418.942 162.55 256.392 0.0060786082
68 19 396 398.917 142.525 256.392 0.00079656731
68 20 360 373.603 117.211 256.392 0.017322837
68 21 351 346.971 90.579 256.392 0.001519652
68 22 345 323.845 67.453 256.392 0.041896301
68 23 299 309.09 52.697 256.393 0.0095308571
68 24 286 307.054 50.661 256.393 0.041497206
68 25 308 318.725 62.332 256.393 0.010768228
68 26 339 344.417 88.024 256.393 0.0027470546
68 27 358 380.358 123.964 256.394 0.046796732
68 28 421 418.456 162.063 256.393 0.00060587612
68 29 428 451.948 195.555 256.393 0.053689347
68 30 490 476.072 219.679 256.393 0.018160472
68 31 504 487.596 231.204 256.392 0.025191217
69 0 465 475.355 225.55 249.805 0.010038061
69 1 482 460.294 210.489 249.805 0.044107173
69 2 401 434.99 185.186 249.804 0.10815633
69 3 423 403.098 153.294 249.804 0.037080285
69 4 389 368.698 118.894 249.804 0.038585779
69 5 372 335.485 85.681 249.804 0.12482232
69 6 300 306.855 57.05 249.805 0.0043991072
69 7 283 284.92 35.115 249.805 0.00034510566
69 8 291 269.728 19.923 249.805 0.042361007
69 9 264 265.64 15.835 249.805 0.00025178933
69 10 266 277.027 27.222 249.805 0.0113832
69 11 297 301.382 51.576 249.806 0.0017976054
69 12 342 333.346 83.541 249.805 0.0070110555
69 13 365 366.426 116.62 249.806 0.00019036569
69 14 382 394.837 145.032 249.805 0.01542683
69 15 400 414.765 164.96 249.805 0.020408756
69 16 451 423.994 174.189 249.805 0.068276327
69 17 409 422.097 172.293 249.804 0.016058067
69 18 429 410.115 160.311 249.804 0.033387477
69 19 379 390.304 140.499 249.805 0.011962279
69 20 375 365.289 115.484 249.805 0.0088283091
69 21 355 339.017 89.213 249.804 0.023914771
69 22 301 316.246 66.442 249.804 0.021760128
69 23 277 301.75 51.946 249.804 0.057345591
69 24 297 299.812 50.007 249.805 0.00074025314
69 25 288 311.341 61.536 249.805 0.051002157
69 26 343 336.655 86.849 249.806 0.0037688849
69 27 375 372.085 122.279 249.806 0.00079547538
69 28 389 409.638 159.832 249.806 0.039873544
69 29 441 442.633 192.828 249.805 0.00024964449
69 30 472 466.387 216.581 249.806 0.002949441
69 31 479 477.71 227.905 249.805 0.00015578622
70 0 480 472.178 222.107 250.071 0.0057277657
70 1 442 457.29 207.219 250.071 0.021885909
70 2 420 432.322 182.251 250.071 0.01421386
70 3 442 400.886 150.815 250.071 0.15824467
70 4 343 367.008 116.938 250.07 0.053958714
70 5 331 334.318 84.248 250.07 0.0010306291
70 6 286 306.157 56.086 250.071 0.038036576
70 7 284 284.602 34.531 250.071 3.3926777e-05
70 8 274 269.695 19.624 250.071 0.0017349858
70 9 252 265.737 15.665 250.072 0.017665804
70 10 316 276.976 26.904 250.072 0.14256509
70 11 323 300.933 50.861 250.072 0.045586496
70 12 327 332.409 82.337 250.072 0.0027389467
70 13 341 365.025 114.953 250.072 0.054035157
70 14 346 393.056 142.984 250.072 0.20729061
70 15 408 412.716 162.644 250.072 0.0020820791
70 16 437 421.805 171.733 250.072 0.021614791
70 17 421 419.9 169.828 250.072 0.00011327524
70 18 372 408.035 157.964 250.071 0.12156223
70 19 419 388.452 138.381 250.071 0.087360515
70 20 388 363.756 113.686 250.07 0.055024762
70 21 368 337.865 87.795 250.07 0.085014306
70 22 286 315.465 65.394 250.071 0.081276036
70 23 307 301.239 51.168 250.071 0.0031070295
70 24 292 299.4 49.328 250.072 0.0051264068
70 25 324 310.778 60.706 250.072 0.016366052
70 26 329 335.698 85.626 250.072 0.0041999093
70 27 365 370.599 120.526 250.073 0.0029347463
70 28 405 407.584 157.512 250.072 0.00062507862
70 29 450 440.062 189.99 250.072 0.0092458663
70 30 436 463.431 213.359 250.072 0.070442199
70 31 508 474.547 224.475 250.072 0.10476586
71 0 480 467.166 218.545 248.621 0.015419621
71 1 431 452.461 203.841 248.62 0.043117099
71 2 434 427.844 179.224 248.62 0.0035476997
71 3 382 396.883 148.263 248.62 0.020736268
71 4 344 363.546 114.926 248.62 0.035765592
71 5 361 331.397 82.777 248.62 0.082039135
71 6 280 303.718 55.098 248.62 0.052663019
71 7 270 282.554 33.933 248.621 0.014754139
71 8 281 267.936 19.315 248.621 0.015977248
71 9 252 264.108 15.487 248.621 0.013724434
71 10 280 275.194 26.572 248.622 0.002162306
71 11 302 298.74 50.119 248.621 0.00099491235
71 12 317 329.708 81.087 248.621 0.015118337
71 13 357 361.838 113.217 248.621 0.0021911966
71 14 392 389.468 140.847 248.621 0.00060017379
71 15 414 408.845 160.224 248.621 0.0024877513
71 16 426 417.788 169.167 248.621 0.0063131703
71 17 432 415.876 167.255 248.621 0.024338578
71 18 426 404.138 155.518 248.62 0.044743443
71 19 406 384.8 136.18 248.62 0.042074731
71 20 365 360.442 111.822 248.62 0.0019449044
71 21 318 334.949 86.329 248.62 0.026892909
71 22 322 312.934 64.313 248.621 0.0076945115
71 23 292 298.987 50.367 248.62 0.0045701569
71 24 287 297.246 48.625 248.621 0.0098278456
71 25 301 308.467 59.846 248.621 0.0052196565
71 26 335 332.981 84.359 248.622 0.00038161221
71 27 378 367.332 118.711 248.621 0.010654072
71 28 407 403.73 155.109 248.621 0.0010010255
71 29 426 435.673 187.051 248.622 0.0087593524
71 30 464 458.644 210.022 248.622 0.0026855346
71 31 480 469.546 220.925 248.621 0.010230918
72 0 445 459.146 214.882 244.264 0.018733414
72 1 411 444.634 200.37 244.264 0.10590261
72 2 440 420.382 176.118 244.264 0.03602957
72 3 389 389.912 145.648 244.264 7.7864464e-05
72 4 377 357.132 112.868 244.264 0.0369537
72 5 338 325.538 81.274 244.264 0.014538685
72 6 320 298.354 54.09 244.264 0.043863667
72 7 273 277.588 33.324 244.264 0.0019705908
72 8 254 263.264 19 244.264 0.0080342754
72 9 258 259.565 15.301 244.264 0.00022928641
72 10 293 270.493 26.228 244.265 0.047422544
72 11 279 293.618 49.353 244.265 0.0200044
72 12 317 324.06 79.795 244.265 0.0046661535
72 13 387 355.684 111.418 244.266 0.091808352
72 14 400 382.894 138.629 244.265 0.027393439
72 15 395 401.975 157.71 244.265 0.0045544721
72 16 413 410.766 166.501 244.265 0.00046721412
72 17 442 408.85 164.585 244.265 0.10287662
72 18 374 397.248 152.984 244.264 0.05059654
72 19 383 378.168 133.904 244.264 0.002185765
72 20 320 354.164 109.9 244.264 0.1092665
72 21 297 329.086 84.822 244.264 0.096378637
72 22 315 307.469 63.205 244.264 0.0053095158
72 23 277 293.809 49.545 244.264 0.026450469
72 24 272 292.166 47.902 244.264 0.03807055
72 25 286 303.224 58.959 244.265 0.027772671
72 26 341 327.319 83.054 244.265 0.017522066
72 27 364 361.106 116.841 244.265 0.00078405527
72 28 425 396.899 152.633 244.266 0.073925313
72 29 435 428.291 184.025 244.266 0.0042137155
72 30 461 450.852 206.587 244.265 0.0096407438
72 31 452 461.536 217.271 244.265 0.0085129897
73 0 417 451.138 211.137 240.001 0.10910026
73 1 430 436.826 196.825 240.001 0.0043619651
73 2 409 412.95 172.949 240.001 0.0014606421
73 3 400 382.984 142.984 240 0.027105947
73 4 357 350.775 110.775 240 0.0036276747
73 5 327 319.748 79.747 240.001 0.0049234011
73 6 302 293.068 53.067 240.001 0.007468735
73 7 255 272.706 32.705 240.001 0.029348813
73 8 273 258.68 18.679 240.001 0.019197101
73 9 238 255.11 15.108 240.002 0.027406252
73 10 247 265.875 25.873 240.002 0.033352128
73 11 265 288.569 48.567 240.002 0.052003424
73 12 271 318.472 78.469 240.003 0.21097193
73 13 335 349.571 109.569 240.002 0.01987597
73 14 400 376.345 136.343 240.002 0.052383623
73 15 384 395.12 155.118 240.002 0.011576018
73 16 423 403.754 163.753 240.001 0.034676127
73 17 428 401.835 161.834 240.001 0.064090122
73 18 365 390.377 150.376 240.001 0.060287904
73 19 405 371.568 131.567 240.001 0.10463436
73 20 374 347.933 107.933 240 0.063610927
73 21 299 323.283 83.282 240.001 0.055201935
73 22 322 302.075 62.074 240.001 0.037166039
73 23 303 288.708 48.706 240.002 0.019122102
73 24 293 287.163 47.161 240.002 0.003189547
73 25 315 298.051 58.049 240.002 0.026892909
73 26 320 321.72 81.717 240.003 0.00027695328
73 27 364 354.928 114.926 240.002 0.0077046995
73 28 380 390.101 150.099 240.002 0.0095516492
73 29 416 420.93 180.928 240.002 0.0022753251
73 30 440 443.073 203.071 240.002 0.00088404576
73 31 483 453.534 213.533 240.001 0.081281553
74 0 473 446.595 207.33 239.265 0.065271256
74 1 427 432.49 193.225 239.265 0.0028215926
74 2 437 409.001 169.735 239.266 0.073389624
74 3 378 379.55 140.285 239.265 0.0002249122
74 4 368 347.921 108.656 239.265 0.037742771
74 5 340 317.469 78.204 239.265 0.047523734
74 6 300 291.3 52.034 239.266 0.0070857876
74 7 291 271.347 32.081 239.266 0.036158244
74 8 234 257.619 18.353 239.266 0.052224301
74 9 230 254.176 14.91 239.266 0.054716526
74 10 280 264.775 25.509 239.266 0.021700224
74 11 293 287.033 47.767 239.266 0.0033332025
74 12 297 316.384 77.117 239.267 0.035175188
74 13 320 346.944 107.678 239.266 0.067963191
74 14 383 373.27 134.003 239.267 0.0088628889
74 15 398 391.729 152.463 239.266 0.0036814866
74 16 418 400.202 160.936 239.266 0.029654597
74 17 422 398.282 159.016 239.266 0.052663019
74 18 373 386.975 147.71 239.265 0.018283244
74 19 352 368.447 129.182 239.265 0.025323458
74 20 327 345.194 105.928 239.266 0.030988889
74 21 328 320.982 81.717 239.265 0.0046108007
74 22 309 300.192 60.926 239.266 0.0072628025
74 23 280 287.122 47.857 239.265 0.0047484685
74 24 279 285.674 46.408 239.266 0.0041698653
74 25 273 296.389 57.122 239.267 0.051212141
74 26 341 319.624 80.357 239.267 0.04277623
74 27 348 352.245 112.978 239.267 0.0016869609
74 28 357 386.787 147.521 239.266 0.083062147
74 29 390 417.043 177.777 239.266 0.068463541
74 30 433 438.761 199.494 239.267 0.0031070295
74 31 480 448.997 209.731 239.266 0.089982295
75 0 466 438.497 203.482 235.015 0.070812473
75 1 422 424.603 189.589 235.014 0.00063430474
75 2 372 401.507 166.493 235.014 0.081507906
75 3 366 372.579 137.566 235.013 0.0040519996
75 4 327 341.538 106.524 235.014 0.019786043
75 5 304 311.666 76.652 235.014 0.0055015777
75 6 294 286.012 50.998 235.014 0.0059734569
75 7 264 266.469 31.455 235.014 0.00057067888
75 8 237 253.04 18.026 235.014 0.024085649
75 9 242 249.723 14.709 235.014 0.0055836951
75 10 277 260.154 25.139 235.015 0.026567043
75 11 244 281.971 46.956 235.015 0.13497511
75 12 319 310.761 75.746 235.015 0.0063547523
75 13 366 340.772 105.757 235.015 0.059582026
75 14 356 366.638 131.623 235.015 0.010594235
75 15 391 384.773 149.758 235.015 0.0036300061
75 16 443 393.082 158.068 235.014 0.23327273
75 17 407 391.164 156.149 235.015 0.023476892
75 18 365 380.014 144.999 235.015 0.021102915
75 19 345 361.776 126.762 235.014 0.026346714
75 20 338 338.913 103.899 235.014 7.8035313e-05
75 21 323 315.15 80.136 235.014 0.0057688459
75 22 300 294.783 59.769 235.014 0.0025479523
75 23 273 282.014 47 235.014 0.0076064976
75 24 275 280.661 45.646 235.015 0.0030001014
75 25 300 291.199 56.184 235.015 0.0072512631
75 26 361 313.996 78.981 235.015 0.20683273
75 27 350 346.023 111.007 235.016 0.0014806786
75 28 353 379.928 144.913 235.015 0.067882499
75 29 408 409.605 174.59 235.015 0.0002411569
75 30 437 430.892 195.877 235.015 0.0034925906
75 31 423 440.901 205.886 235.015 0.029998823
76 0 449 433.074 199.614 233.46 0.023744501
76 1 437 419.397 185.936 233.461 0.029008348
76 2 358 396.699 163.239 233.46 0.14020035
76 3 349 368.299 134.839 233.46 0.034867374
76 4 319 337.849 104.389 233.46 0.033260307
76 5 306 308.56 75.1 233.46 0.00061352117
76 6 268 283.422 49.961 233.461 0.022265427
76 7 290 264.29 30.83 233.46 0.061880495
76 8 231 251.159 17.698 233.461 0.038044124
76 9 220 247.965 14.504 233.461 0.073211494
76 10 250 258.227 24.766 233.461 0.0063362546
76 11 301 279.601 46.139 233.462 0.042868332
76 12 339 307.825 74.364 233.461 0.090983481
76 13 341 337.277 103.815 233.462 0.0012975846
76 14 361 362.675 129.214 233.461 0.00026265111
76 15 365 380.481 147.02 233.461 0.022436114
76 16 405 388.624 155.163 233.461 0.025105292
76 17 378 386.708 153.247 233.461 0.0070988249
76 18 394 375.72 142.259 233.461 0.03128254
76 19 351 357.779 124.319 233.46 0.0043021039
76 20 362 335.315 101.855 233.46 0.066662875
76 21 314 312.006 78.546 233.46 0.00037222019
76 22 263 292.067 58.607 233.46 0.079095185
76 23 278 279.601 46.141 233.46 0.00023995637
76 24 274 278.341 44.88 233.461 0.0017641244
76 25 271 288.701 55.24 233.461 0.02933224
76 26 335 311.058 77.597 233.461 0.053662447
76 27 364 342.486 109.025 233.461 0.043330326
76 28 405 375.75 142.288 233.462 0.080094255
76 29 380 404.844 171.383 233.461 0.057782013
76 30 434 425.699 192.238 233.461 0.0064507536
76 31 455 435.48 202.019 233.461 0.035670504
77 0 434 431.094 195.74 235.354 0.00079057093
77 1 403 417.635 182.281 235.354 0.020050956
77 2 411 395.339 159.985 235.354 0.022960884
77 3 383 367.47 132.116 235.354 0.022578367
77 4 363 337.612 102.258 235.354 0.06034018
77 5 297 308.907 73.553 235.354 0.013272549
77 6 323 284.283 48.929 235.354 0.14033081
77 7 234 265.561 30.207 235.354 0.093250492
77 8 263 252.725 17.371 235.354 0.0098835573
77 9 238 249.652 14.298 235.354 0.012710147
77 10 262 259.744 24.39 235.354 0.0004764615
77 11 293 280.675 45.32 235.355 0.014220782
77 12 300 308.33 72.975 235.355 0.0064959044
77 13 349 337.218 101.863 235.355 0.01299534
77 14 362 362.142 126.787 235.355 1.887671e-06
77 15 361 379.615 144.26 235.355 0.032439616
77 16 405 387.59 152.236 235.354 0.028375738
77 17 392 385.678 150.324 235.354 0.0037416108
77 18 383 374.856 139.502 235.354 0.0062090499
77 19 367 357.217 121.863 235.354 0.0089597054
77 20 349 335.158 99.805 235.353 0.017936897
77 21 291 312.308 76.954 235.354 0.042504509
77 22 298 292.799 57.446 235.353 0.0025323477
77 23 308 280.636 45.282 235.354 0.07009851
77 24 238 279.468 44.114 235.354 0.16098144
77 25 275 289.647 54.293 235.354 0.020083851
77 26 309 311.564 76.209 235.355 0.00061543992
77 27 316 342.393 107.038 235.355 0.065211943
77 28 375 375.014 139.659 235.355 1.8348717e-08
77 29 416 403.524 168.17 235.354 0.014571369
77 30 392 423.945 188.591 235.354 0.095533438
77 31 441 433.499 198.145 235.354 0.0052672988
78 0 370 419.095 191.875 227.22 0.22564419
78 1 430 405.856 178.636 227.22 0.054571774
78 2 402 383.962 156.743 227.219 0.030459754
78 3 345 356.625 129.406 227.219 0.012651311
78 4 351 327.358 100.139 227.219 0.052326062
78 5 290 299.235 72.016 227.219 0.0079840532
78 6 274 275.124 47.905 227.219 0.00011827208
78 7 245 256.809 29.59 227.219 0.01305497
78 8 252 244.265 17.045 227.22 0.0056010604
78 9 217 241.311 14.091 227.22 0.055329312
78 10 255 251.233 24.013 227.22 0.0013284367
78 11 291 271.722 44.502 227.22 0.034791534
78 12 287 298.807 71.587 227.22 0.013050548
78 13 322 327.127 99.907 227.22 0.0024607997
78 14 359 351.574 124.354 227.22 0.0051624934
78 15 383 368.711 141.491 227.22 0.019114075
78 16 410 376.517 149.297 227.22 0.10495384
78 17 367 374.611 147.391 227.22 0.0054229184
78 18 382 363.957 136.738 227.219 0.030476643
78 19 339 346.625 119.405 227.22 0.005442887
78 20 317 324.974 97.755 227.219 0.0059525368
78 21 299 302.585 75.366 227.219 0.0012031726
78 22 277 283.508 56.288 227.22 0.0039650139
78 23 278 271.647 44.427 227.22 0.0037783948
78 24 257 270.569 43.349 227.22 0.01723635
78 25 282 280.567 53.347 227.22 0.00019223922
78 26 273 302.045 74.824 227.221 0.0789755
78 27 295 332.276 105.055 227.221 0.13007931
78 28 425 364.255 137.034 227.221 0.34543847
78 29 373 392.182 164.962 227.22 0.034445889
78 30 422 412.17 184.95 227.22 0.0090460016
78 31 456 421.498 194.278 227.22 0.11143925
79 0 410 414.246 188.029 226.217 0.0016877558
79 1 408 401.227 175.011 226.216 0.0042944918
79 2 385 379.738 153.521 226.217 0.0025920974
79 3 360 352.93 126.714 226.216 0.0046793815
79 4 316 324.253 98.036 226.217 0.0063763671
79 5 269 296.708 70.491 226.217 0.071872042
79 6 298 273.106 46.89 226.216 0.058014826
79 7 255 255.194 28.977 226.217 3.5233281e-06
79 8 230 242.939 16.722 226.217 0.015672961
79 9 244 240.101 13.884 226.217 0.0014231677
79 10 253 249.854 23.636 226.218 0.00092654616
79 11 261 269.904 43.686 226.218 0.0074219825
79 12 313 296.42 70.202 226.218 0.025734674
79 13 337 324.171 97.953 226.218 0.015407608
79 14 347 348.138 121.921 226.217 0.00012123671
79 15 346 364.937 138.72 226.217 0.033571596
79 16 376 372.575 146.358 226.217 0.001098173
79 17 369 370.675 144.458 226.217 0.00026265111
79 18 352 360.193 133.976 226.217 0.0062839907
79 19 348 343.169 116.952 226.217 0.0021848604
79 20 338 321.929 95.713 226.216 0.024178838
79 21 317 300.001 73.785 226.216 0.027051813
79 22 297 281.354 55.138 226.216 0.022916921
79 23 266 269.794 43.578 226.216 0.0013475481
79 24 271 268.804 42.587 226.217 0.00045145482
79 25 285 278.622 52.404 226.218 0.0038081904
79 26 305 299.663 73.445 226.218 0.002666515
79 27 342 329.299 103.081 226.218 0.015101687
79 28 307 360.638 134.42 226.218 0.26933623
79 29 376 387.985 161.768 226.217 0.013447009
79 30 390 407.543 181.325 226.218 0.028810935
79 31 415 416.645 190.428 226.217 0.00025332697
80 0 396 405.274 184.208 221.066 0.0080516299
80 1 401 392.477 171.411 221.066 0.0068004022
80 2 398 371.39 150.324 221.066 0.06628868
80 3 340 345.11 124.045 221.065 0.0024445078
80 4 322 317.018 95.953 221.065 0.002323577
80 5 315 290.048 68.982 221.066 0.058285476
80 6 233 266.951 45.885 221.066 0.10790828
80 7 251 249.438 28.372 221.066 0.0002284082
80 8 234 237.467 16.401 221.066 0.0011252715
80 9 242 234.742 13.676 221.066 0.0049315513
80 10 251 244.327 23.26 221.067 0.0041686158
80 11 276 263.941 42.875 221.066 0.013613576
80 12 296 289.89 68.823 221.067 0.0034948782
80 13 316 317.073 96.006 221.067 0.0001077827
80 14 349 340.56 119.494 221.066 0.0066685977
80 15 340 357.021 135.954 221.067 0.027121879
80 16 359 364.49 143.424 221.066 0.0028215926
80 17 350 362.598 141.532 221.066 0.014857743
80 18 359 352.288 131.222 221.066 0.0042174847
80 19 334 335.575 114.509 221.066 0.00023222595
80 20 318 314.747 93.681 221.066 0.00099064431
80 21 311 293.28 72.214 221.066 0.029395243
80 22 290 275.062 53.996 221.066 0.020889812
80 23 258 263.801 42.735 221.066 0.003150325
80 24 266 262.896 41.83 221.066 0.00090197198
80 25 255 272.533 51.466 221.067 0.028778098
80 26 258 293.141 72.074 221.067 0.11560533
80 27 344 322.185 101.118 221.067 0.044551267
80 28 332 352.889 131.822 221.067 0.040849329
80 29 369 379.66 158.593 221.067 0.010638099
80 30 397 398.789 177.723 221.066 0.00029961966
80 31 411 407.669 186.603 221.066 0.0010387209
81 0 415 396.004 180.417 215.587 0.033781112
81 1 384 383.428 167.842 215.586 3.0629625e-05
81 2 375 362.742 147.156 215.586 0.014066591
81 3 367 336.987 121.401 215.586 0.084327347
81 4 302 309.477 93.89 215.587 0.0052336465
81 5 299 283.075 67.489 215.586 0.023741519
81 6 255 260.478 44.892 215.586 0.0028092713
81 7 211 243.36 27.773 215.587 0.098031726
81 8 249 231.67 16.083 215.587 0.028115561
81 9 223 229.055 13.468 215.587 0.0034322421
81 10 232 238.473 22.886 215.587 0.0039224809
81 11 260 257.655 42.068 215.587 0.00051479618
81 12 280 283.041 67.453 215.588 0.00086572999
81 13 317 309.656 94.069 215.587 0.0050491115
81 14 325 332.664 117.076 215.588 0.0054987075
81 15 325 348.786 133.199 215.587 0.052965424
81 16 388 356.087 140.5 215.587 0.095342138
81 17 339 354.204 138.617 215.587 0.021640403
81 18 332 344.068 128.482 215.586 0.013633904
81 19 357 327.665 112.079 215.586 0.080560436
81 20 310 307.249 91.663 215.586 0.00070848524
81 21 309 286.243 70.656 215.587 0.048481901
81 22 280 268.451 52.864 215.587 0.012486433
81 23 239 257.486 41.899 215.587 0.031991568
81 24 236 256.664 41.077 215.587 0.039974074
81 25 273 266.121 50.534 215.587 0.0044299645
81 26 280 286.3 70.712 215.588 0.0037156151
81 27 304 314.757 99.169 215.588 0.010832581
81 28 312 344.83 129.243 215.587 0.10090005
81 29 402 371.029 155.442 215.587 0.089796639
81 30 385 389.734 174.147 215.587 0.0020980031
81 31 387 398.393 182.806 215.587 0.012151386
82 0 405 399.31 176.658 222.652 0.0030309178
82 1 379 386.955 164.304 222.651 0.0059242038
82 2 359 366.668 144.018 222.65 0.0055044487
82 3 349 341.435 118.785 222.65 0.0053575655
82 4 321 314.501 91.85 222.651 0.0039540549
82 5 283 288.663 66.012 222.651 0.0030022216
82 6 260 266.561 43.91 222.651 0.0040298576
82 7 260 249.832 27.181 222.651 0.0096787818
82 8 247 238.419 15.768 222.651 0.0068932722
82 9 246 235.912 13.261 222.651 0.0095270791
82 10 221 245.163 22.512 222.651 0.054657697
82 11 251 263.919 41.267 222.652 0.015624546
82 12 294 288.744 66.092 222.652 0.0025861895
82 13 308 314.795 92.143 222.652 0.0043224357
82 14 334 337.323 114.671 222.652 0.0010337376
82 15 377 353.107 130.456 222.651 0.05344302
82 16 384 360.241 137.59 222.651 0.052845248
82 17 328 358.368 135.717 222.651 0.086334028
82 18 323 348.407 125.756 222.651 0.060430529
82 19 360 332.316 109.665 222.651 0.071747588
82 20 305 312.311 89.66 222.651 0.0050038374
82 21 298 291.762 69.112 222.65 0.0036428422
82 22 285 274.394 51.743 222.651 0.010530594
82 23 286 263.722 41.071 222.651 0.046462441
82 24 254 262.981 40.33 222.651 0.0075509052
82 25 277 272.259 49.607 222.652 0.0021042122
82 26 281 292.012 69.36 222.652 0.011352252
82 27 290 319.887 97.235 222.652 0.083620791
82 28 338 349.335 126.683 222.652 0.012027979
82 29 352 374.967 152.316 222.651 0.049380805
82 30 421 393.251 170.599 222.652 0.072084899
82 31 426 401.692 179.041 222.651 0.055315657
83 0 399 387.75 172.933 214.817 0.011848263
83 1 399 375.617 160.8 214.817 0.051185869
83 2 371 355.728 140.911 214.817 0.02183441
83 3 303 331.013 116.196 214.817 0.073463035
83 4 304 304.649 89.832 214.817 3.9431111e-05
83 5 263 279.37 64.553 214.817 0.025086899
83 6 260 257.757 42.94 214.817 0.00047098619
83 7 240 241.413 26.596 214.817 0.00018691061
83 8 252 230.273 15.456 214.817 0.044192559
83 9 233 227.871 13.053 214.818 0.0024627199
83 10 227 236.957 22.139 214.818 0.0092812536
83 11 267 255.29 40.472 214.818 0.012836996
83 12 306 279.559 64.741 214.818 0.065449356
83 13 312 305.047 90.228 214.819 0.0045257867
83 14 350 327.097 112.279 214.818 0.049105979
83 15 368 342.544 127.726 214.818 0.060663847
83 16 348 349.512 134.694 214.818 0.00021401943
83 17 323 347.649 132.832 214.817 0.056878513
83 18 326 337.864 123.047 214.817 0.013176859
83 19 304 322.084 107.267 214.817 0.030615307
83 20 297 302.491 87.674 214.817 0.0028226206
83 21 271 282.398 67.581 214.817 0.012162054
83 22 246 265.45 50.632 214.818 0.03541513
83 23 254 255.067 40.25 214.817 0.00010658067
83 24 246 254.405 39.587 214.818 0.0066134041
83 25 245 263.505 48.687 214.818 0.032057364
83 26 268 282.837 68.019 214.818 0.020608283
83 27 310 310.135 95.317 214.818 1.7061498e-06
83 28 349 338.963 124.145 214.818 0.0094309941
83 29 362 364.033 149.215 214.818 0.00038692285
83 30 407 381.899 167.081 214.818 0.058983654
83 31 388 390.125 175.307 214.818 0.0004227343
84 0 388 379.455 169.243 210.212 0.0068355546
84 1 390 367.542 157.33 210.212 0.047216281
84 2 362 348.048 137.836 210.212 0.018223113
84 3 302 323.847 113.635 210.212 0.044682065
84 4 320 298.05 87.838 210.212 0.045104375
84 5 263 273.323 63.111 210.212 0.0099761157
84 6 278 252.194 41.982 210.212 0.062343475
84 7 223 236.23 26.018 210.212 0.016385863
84 8 220 225.358 15.146 210.212 0.0026875407
84 9 220 223.057 12.845 210.212 0.00087486391
84 10 255 231.98 21.768 210.212 0.049608976
84 11 227 249.895 39.682 210.213 0.049071679
84 12 294 273.612 63.4 210.212 0.038913373
84 13 296 298.539 88.327 210.212 0.00060349687
84 14 317 320.113 109.901 210.212 0.00090721008
84 15 329 335.224 125.012 210.212 0.0036265093
84 16 337 342.027 131.814 210.213 0.0023657421
84 17 360 340.176 129.964 210.212 0.036790204
84 18 321 330.567 120.355 210.212 0.0085684284
84 19 323 315.099 104.888 210.211 0.0058440476
84 20 277 295.916 85.704 210.212 0.033497179
84 21 276 276.277 66.065 210.212 7.1830545e-06
84 22 262 259.745 49.533 210.212 0.0004760392
84 23 218 249.649 39.437 210.212 0.093771229
84 24 258 249.062 38.85 210.212 0.0074787725
84 25 251 257.985 47.772 210.213 0.0045675409
84 26 258 276.901 66.688 210.213 0.033444075
84 27 307 303.627 93.414 210.213 0.0010650802
84 28 319 331.84 121.627 210.213 0.015434042
84 29 365 356.354 146.141 210.213 0.0069980991
84 30 394 373.807 163.595 210.212 0.038172562
84 31 384 381.82 171.608 210.212 0.00044490021
85 0 402 375.957 165.59 210.367 0.063493848
85 1 337 364.263 153.897 210.366 0.069582
85 2 320 345.162 134.796 210.366 0.059270684
85 3 353 321.472 111.106 210.366 0.09305559
85 4 327 296.234 85.869 210.365 0.088611828
85 5 289 272.054 61.688 210.366 0.02688339
85 6 248 251.403 41.037 210.366 0.0010841104
85 7 213 235.814 25.448 210.366 0.048725073
85 8 199 225.206 14.84 210.366 0.064291136
85 9 225 223.004 12.638 210.366 0.00037296725
85 10 211 231.764 21.397 210.367 0.040361906
85 11 231 249.266 38.9 210.366 0.031234642
85 12 273 272.437 62.07 210.367 2.9673339e-05
85 13 314 296.806 86.439 210.367 0.027676009
85 14 321 317.905 107.539 210.366 0.00089674906
85 15 327 332.681 122.315 210.366 0.0030213372
85 16 368 339.319 128.953 210.366 0.077008418
85 17 346 337.481 127.115 210.366 0.0067940206
85 18 354 328.05 117.683 210.367 0.063041182
85 19 330 312.894 102.528 210.366 0.027393439
85 20 292 294.12 83.754 210.366 0.00042074731
85 21 260 274.931 64.565 210.366 0.020870239
85 22 264 258.812 48.446 210.366 0.0025197042
85 23 260 248.999 38.633 210.366 0.011329584
85 24 232 248.485 38.118 210.367 0.02544061
85 25 245 257.232 46.865 210.367 0.014006982
85 26 254 275.736 65.369 210.367 0.044229179
85 27 314 301.896 91.529 210.367 0.013715368
85 28 351 329.501 119.133 210.368 0.043269925
85 29 356 353.464 143.097 210.367 0.00060207157
85 30 360 370.509 160.142 210.367 0.010338854
85 31 380 378.311 167.945 210.366 0.00026706005
86 0 368 362.171 161.981 200.19 0.00318081
86 1 336 350.696 150.506 200.19 0.020218452
86 2 274 331.985 131.795 200.19 0.31476102
86 3 306 308.799 108.609 200.19 0.00073342451
86 4 288 284.116 83.926 200.19 0.0014122386
86 5 270 260.475 60.285 200.19 0.0084933612
86 6 243 240.295 40.105 200.19 0.00068498989
86 7 241 225.075 24.885 200.19 0.023741519
86 8 239 214.727 14.537 200.19 0.055156479
86 9 208 212.621 12.43 200.191 0.0019990404
86 10 235 221.22 21.029 200.191 0.017776574
86 11 220 238.315 38.124 200.191 0.031402445
86 12 257 260.944 60.753 200.191 0.0014562081
86 13 285 284.76 84.569 200.191 5.3922759e-06
86 14 270 305.387 105.196 200.191 0.11722955
86 15 327 319.829 119.639 200.19 0.0048140331
86 16 305 326.304 126.114 200.19 0.042488552
86 17 344 324.48 124.29 200.19 0.035670504
86 18 353 315.226 115.036 200.19 0.1335782
86 19 310 300.381 100.191 200.19 0.0086618263
86 20 282 282.014 81.824 200.19 1.8348717e-08
86 21 257 263.273 63.083 200.19 0.0036838352
86 22 232 247.562 47.372 200.19 0.02267151
86 23 259 238.028 37.837 200.191 0.041174594
86 24 239 237.583 37.393 200.19 0.00018797034
86 25 238 246.156 45.966 200.19 0.0062273612
86 26 271 264.254 64.063 200.191 0.0042603207
86 27 296 289.854 89.663 200.191 0.003536183
86 28 292 316.857 116.666 200.191 0.057842499
86 29 327 340.276 140.086 200.19 0.016500006
86 30 385 356.918 156.728 200.19 0.07382538
86 31 357 364.514 164.323 200.191 0.0052855721
87 0 351 359.341 158.418 200.923 0.0065130718
87 1 377 348.084 147.161 200.923 0.078275537
87 2 346 329.759 128.836 200.923 0.024693074
87 3 312 307.073 106.15 200.923 0.0022725568
87 4 299 282.936 82.013 200.923 0.02415778
87 5 243 259.827 58.904 200.923 0.026507149
87 6 218 240.111 39.188 200.923 0.04576847
87 7 221 225.255 24.332 200.923 0.0016949182
87 8 229 215.161 14.237 200.924 0.017929123
87 9 208 213.147 12.224 200.923 0.0024800359
87 10 217 221.587 20.664 200.923 0.0019697318
87 11 243 238.281 37.358 200.923 0.0020847289
87 12 260 260.375 59.451 200.924 1.3164736e-05
87 13 268 283.643 82.719 200.924 0.022908134
87 14 309 303.801 102.877 200.924 0.0025304005
87 15 334 317.912 116.988 200.924 0.024230018
87 16 284 324.225 123.302 200.923 0.15147527
87 17 313 322.415 121.492 200.923 0.0082983218
87 18 326 313.339 112.416 200.923 0.015006715
87 19 324 298.804 97.881 200.923 0.059430971
87 20 274 280.842 79.919 200.923 0.0043824378
87 21 264 262.544 61.621 200.923 0.00019845972
87 22 245 247.236 46.313 200.923 0.00046805105
87 23 241 237.976 37.053 200.923 0.00085607773
87 24 265 237.599 36.676 200.923 0.070288204
87 25 233 245.999 45.076 200.923 0.015818653
87 26 251 263.696 62.773 200.923 0.015089799
87 27 268 288.744 87.82 200.924 0.04028419
87 28 329 315.154 114.23 200.924 0.017947265
87 29 330 338.036 137.112 200.924 0.0060454618
87 30 392 354.28 153.356 200.924 0.13319655
87 31 332 361.672 160.749 200.923 0.082422022
88 0 355 349.623 154.91 194.713 0.002706635
88 1 315 338.581 143.868 194.713 0.052056392
88 2 346 320.638 125.925 194.713 0.060216654
88 3 310 298.444 103.731 194.713 0.012501574
88 4 269 274.846 80.133 194.713 0.0031993905
88 5 230 252.26 57.547 194.713 0.046387391
88 6 254 233.001 38.288 194.713 0.041280681
88 7 204 218.501 23.787 194.714 0.019685458
88 8 202 208.656 13.942 194.714 0.0041474031
88 9 199 206.732 12.019 194.713 0.0055967166
88 10 225 215.016 20.302 194.714 0.009331657
88 11 217 231.315 36.601 194.714 0.019183698
88 12 246 252.881 58.167 194.714 0.0044325408
88 13 269 275.606 80.892 194.714 0.0040853264
88 14 274 295.3 100.586 194.714 0.042472598
88 15 317 309.082 114.369 194.713 0.0058692231
88 16 305 315.236 120.523 194.713 0.0098086712
88 17 315 313.442 118.728 194.714 0.00022723987
88 18 320 304.542 109.829 194.713 0.022369498
88 19 326 290.315 95.602 194.713 0.11921229
88 20 286 272.754 78.041 194.713 0.01642552
88 21 266 254.894 60.181 194.713 0.011546888
88 22 267 239.983 45.27 194.713 0.068331959
88 23 223 230.993 36.28 194.713 0.0059809373
88 24 226 230.681 35.968 194.713 0.0020512893
88 25 253 238.911 44.197 194.714 0.018582749
88 26 273 256.214 61.5 194.714 0.026378133
88 27 280 280.717 86.003 194.714 4.8126905e-05
88 28 300 306.542 111.828 194.714 0.0040065513
88 29 311 328.896 134.182 194.714 0.029982067
88 30 310 344.748 150.034 194.714 0.11303404
88 31 339 351.94 157.226 194.714 0.015675384
89 0 350 346.314 151.459 194.855 0.0012719214
89 1 346 335.485 140.631 194.854 0.010350663
89 2 319 317.918 123.064 194.854 0.00010959838
89 3 316 296.209 101.355 194.854 0.036667821
89 4 273 273.14 78.286 194.854 1.8348717e-06
89 5 239 251.069 56.215 194.854 0.013636163
89 6 228 232.258 37.404 194.854 0.0016973091
89 7 220 218.108 23.253 194.855 0.00033511347
89 8 212 208.507 13.652 194.855 0.0011422122
89 9 210 206.67 11.815 194.855 0.0010380974
89 10 230 214.799 19.944 194.855 0.021631864
89 11 209 230.711 35.856 194.855 0.044127495
89 12 218 251.757 56.902 194.855 0.1066786
89 13 280 273.947 79.092 194.855 0.0034299751
89 14 294 293.182 98.327 194.855 6.2640646e-05
89 15 307 306.64 111.785 194.855 1.2132621e-05
89 16 310 312.636 117.781 194.855 0.00065048972
89 17 288 310.857 116.003 194.854 0.048908921
89 18 282 302.133 107.279 194.854 0.037946053
89 19 309 288.212 93.358 194.854 0.040455264
89 20 266 271.048 76.194 194.854 0.0023855489
89 21 260 253.62 58.765 194.855 0.0038105791
89 22 226 239.1 44.245 194.855 0.016065425
89 23 268 230.373 35.519 194.854 0.13254056
89 24 236 230.124 35.269 194.855 0.0032323114
89 25 220 238.185 43.33 194.855 0.030958238
89 26 274 255.101 60.246 194.855 0.033436998
89 27 285 279.069 84.214 194.855 0.0032931042
89 28 310 304.319 109.464 194.855 0.0030213372
89 29 348 326.154 131.299 194.855 0.044677975
89 30 338 341.621 146.766 194.855 0.0012274581
89 31 309 348.617 153.762 194.855 0.14693078
90 0 335 335.706 148.072 187.634 4.6661535e-05
90 1 356 325.087 137.454 187.633 0.089460626
90 2 315 307.891 120.257 187.634 0.0047311493
90 3 253 286.658 99.025 187.633 0.1060538
90 4 244 264.109 76.476 187.633 0.037855638
90 5 281 242.543 54.91 187.633 0.13845238
90 6 213 224.171 36.538 187.633 0.011682445
90 7 213 210.363 22.729 187.634 0.00065098335
90 8 201 201 13.367 187.633 0
90 9 195 199.247 11.614 187.633 0.0016885509
90 10 188 207.224 19.59 187.634 0.034596896
90 11 221 222.757 35.123 187.634 0.00028899687
90 12 224 243.292 55.658 187.634 0.034842085
90 13 246 264.955 77.321 187.634 0.033635447
90 14 293 283.737 96.103 187.634 0.008032541
90 15 295 296.875 109.241 187.634 0.0003291184
90 16 291 302.715 115.082 187.633 0.012847961
90 17 282 300.954 113.32 187.634 0.033631898
90 18 285 292.404 104.77 187.634 0.0051319503
90 19 288 278.785 91.151 187.634 0.0079495089
90 20 267 262.012 74.379 187.633 0.0023291771
90 21 267 245.009 57.376 187.633 0.045273032
90 22 252 230.873 43.24 187.633 0.04178547
90 23 204 222.405 34.772 187.633 0.031711827
90 24 247 222.216 34.582 187.634 0.057503254
90 25 225 230.111 42.477 187.634 0.0024454646
90 26 280 246.647 59.013 187.634 0.10414045
90 27 285 270.09 82.456 187.634 0.020811573
90 28 313 294.775 107.141 187.634 0.03109458
90 29 289 316.1 128.466 187.634 0.068752454
90 30 343 331.19 143.556 187.634 0.013057181
90 31 300 337.994 150.36 187.634 0.13513868
91 0 337 333.006 144.751 188.255 0.0014933642
91 1 308 322.594 134.339 188.255 0.019938767
91 2 296 305.762 117.507 188.255 0.0089212812
91 3 300 284.997 96.743 188.254 0.021072004
91 4 231 262.958 74.703 188.255 0.095611209
91 5 264 241.886 53.631 188.255 0.04578089
91 6 232 223.944 35.689 188.255 0.0060755911
91 7 215 210.471 22.216 188.255 0.0019202345
91 8 192 201.341 13.086 188.255 0.0081683882
91 9 194 199.67 11.414 188.256 0.0030096483
91 10 208 207.497 19.242 188.255 2.3685666e-05
91 11 208 222.659 34.403 188.256 0.020116773
91 12 256 242.693 54.437 188.256 0.016577153
91 13 272 263.837 75.581 188.256 0.0062380552
91 14 250 282.174 93.918 188.256 0.096908024
91 15 321 294.996 106.74 188.256 0.063303823
91 16 289 300.683 112.428 188.255 0.012777867
91 17 275 298.938 110.683 188.255 0.053644518
91 18 296 290.561 102.306 188.255 0.0027694131
91 19 269 277.24 88.985 188.255 0.006356295
91 20 290 260.854 72.599 188.255 0.079525708
91 21 265 244.269 56.014 188.255 0.040233714
91 22 211 230.509 42.254 188.255 0.035630313
91 23 252 222.293 34.038 188.255 0.082616581
91 24 205 222.161 33.906 188.255 0.027569876
91 25 220 229.894 41.638 188.256 0.0091641763
91 26 261 246.059 57.803 188.256 0.020898204
91 27 269 268.986 80.73 188.256 1.8348717e-08
91 28 311 293.117 104.862 188.255 0.029938523
91 29 311 313.943 125.687 188.256 0.00081083063
91 30 332 328.663 140.407 188.256 0.0010424663
91 31 317 335.279 147.024 188.255 0.031279117
92 0 312 316.137 141.498 174.639 0.0016022145
92 1 309 305.929 131.29 174.639 0.0008828954
92 2 288 289.454 114.815 174.639 0.00019791488
92 3 267 269.148 94.509 174.639 0.00043193478
92 4 249 247.608 72.969 174.639 0.00018139616
92 5 239 227.02 52.381 174.639 0.013435792
92 6 239 209.499 34.86 174.639 0.081474762
92 7 208 196.353 21.714 174.639 0.012699241
92 8 191 187.45 12.811 174.639 0.0011797944
92 9 177 185.857 11.217 174.64 0.007343835
92 10 217 193.538 18.898 174.64 0.051532319
92 11 187 208.337 33.697 174.64 0.042620284
92 12 226 227.88 53.24 174.64 0.00033087604
92 13 231 248.514 73.874 174.64 0.02871576
92 14 270 266.413 91.773 174.64 0.0012045155
92 15 273 278.925 104.285 174.64 0.0032864447
92 16 263 284.462 109.823 174.639 0.043121117
92 17 296 282.734 108.095 174.639 0.016475159
92 18 278 274.528 99.889 174.639 0.0011285195
92 19 254 261.501 86.862 174.639 0.0052672988
92 20 234 245.495 70.856 174.639 0.012369939
92 21 253 229.32 54.681 174.639 0.052494405
92 22 216 215.927 41.288 174.639 4.9887914e-07
92 23 214 207.959 33.319 174.64 0.0034163888
92 24 179 207.881 33.241 174.64 0.078086162
92 25 189 215.454 40.815 174.639 0.065513729
92 26 255 231.255 56.616 174.639 0.052782988
92 27 217 253.679 79.039 174.64 0.12594606
92 28 300 277.267 102.627 174.64 0.048379695
92 29 309 297.604 122.964 174.64 0.012157786
92 30 316 311.962 137.322 174.64 0.0015264488
92 31 313 318.395 143.755 174.64 0.0027247868
93 0 314 320.201 138.314 181.887 0.0035997562
93 1 279 310.193 128.307 181.886 0.091088576
93 2 273 294.069 112.182 181.887 0.041556357
93 3 270 274.212 92.326 181.886 0.0016608345
93 4 263 253.16 71.273 181.887 0.0090644158
93 5 229 233.045 51.158 181.887 0.0015317457
93 6 214 215.935 34.049 181.886 0.000350519
93 7 223 203.109 21.222 181.887 0.037039307
93 8 198 194.428 12.541 181.887 0.0011944625
93 9 201 192.91 11.023 181.887 0.0061269829
93 10 219 200.448 18.56 181.888 0.032220412
93 11 204 214.892 33.004 181.888 0.011106185
93 12 234 233.954 52.067 181.887 1.9809125e-07
93 13 253 254.089 72.201 181.888 0.00011102106
93 14 259 271.557 89.669 181.888 0.014761191
93 15 309 283.763 101.876 181.887 0.059624545
93 16 269 289.154 107.267 181.887 0.038025255
93 17 304 287.443 105.556 181.887 0.025663325
93 18 269 279.405 97.518 181.887 0.010135234
93 19 231 266.668 84.782 181.886 0.11909873
93 20 256 251.036 69.149 181.887 0.0023068171
93 21 233 235.262 53.376 181.886 0.00047899924
93 22 231 222.23 40.343 181.887 0.0072002705
93 23 219 214.502 32.615 181.887 0.0018940373
93 24 218 214.476 32.589 181.887 0.0011625762
93 25 208 221.893 40.006 181.887 0.018069315
93 26 220 237.339 55.451 181.888 0.028144771
93 27 284 259.268 77.381 181.887 0.057262209
93 28 279 282.326 100.439 181.887 0.0010356049
93 29 319 302.185 120.297 181.888 0.026469355
93 30 323 316.189 134.302 181.887 0.0043428155
93 31 331 322.443 140.555 181.888 0.0068547668
94 0 330 309.304 135.199 174.105 0.040097976
94 1 304 299.493 125.388 174.105 0.0019016244
94 2 299 283.712 109.607 174.105 0.021880184
94 3 276 264.296 90.19 174.106 0.012823845
94 4 259 243.721 69.615 174.106 0.02185443
94 5 245 224.069 49.963 174.106 0.041013759
94 6 232 207.361 33.256 174.105 0.056832371
94 7 172 194.847 20.741 174.106 0.048866135
94 8 217 186.382 12.276 174.106 0.087761343
94 9 186 184.936 10.83 174.106 0.00010598219
94 10 164 192.334 18.227 174.107 0.075156302
94 11 181 206.431 32.325 174.106 0.060544751
94 12 242 225.023 50.917 174.106 0.026981837
94 13 238 244.667 70.561 174.106 0.0041611228
94 14 252 261.712 87.606 174.106 0.0088301274
94 15 268 273.619 99.513 174.106 0.0029557499
94 16 277 278.865 104.759 174.106 0.00032561717
94 17 289 277.172 103.066 174.106 0.013097013
94 18 274 269.301 95.195 174.106 0.0020670954
94 19 259 256.849 82.744 174.105 0.00043314215
94 20 257 241.584 67.478 174.106 0.022248105
94 21 211 226.205 52.099 174.106 0.02164325
94 22 206 213.524 39.419 174.105 0.0052996501
94 23 200 206.03 31.924 174.106 0.0034039584
94 24 191 206.054 31.948 174.106 0.021215509
94 25 217 213.318 39.211 174.107 0.0012691624
94 26 220 228.416 54.31 174.106 0.0066307259
94 27 239 249.863 75.756 174.107 0.011047123
94 28 266 272.401 98.295 174.106 0.0038357057
94 29 273 291.792 117.686 174.106 0.033059451
94 30 289 305.45 131.344 174.106 0.025332697
94 31 329 311.529 137.423 174.106 0.028574928
95 0 319 298.011 132.148 165.863 0.041241373
95 1 291 288.393 122.53 165.863 0.0006362557
95 2 245 272.95 107.087 165.863 0.073132976
95 3 237 253.964 88.101 165.863 0.026940531
95 4 243 233.857 67.994 165.863 0.0078257697
95 5 204 214.658 48.795 165.863 0.010634108
95 6 186 198.343 32.48 165.863 0.01426235
95 7 175 186.134 20.271 165.863 0.011605185
95 8 188 177.879 12.016 165.863 0.0095895113
95 9 157 176.504 10.64 165.864 0.035612052
95 10 185 183.763 17.899 165.864 0.00014324815
95 11 217 197.522 31.658 165.864 0.035517169
95 12 249 215.653 49.789 165.864 0.10410298
95 13 219 234.816 68.952 165.864 0.02341763
95 14 263 251.445 85.581 165.864 0.01249941
95 15 277 263.057 97.194 165.863 0.01819961
95 16 260 268.161 102.297 165.864 0.0062349989
95 17 263 266.486 100.622 165.864 0.0011376388
95 18 265 258.779 92.916 165.863 0.0036230141
95 19 263 246.609 80.746 165.863 0.025151305
95 20 212 231.705 65.842 165.863 0.03634984
95 21 209 216.713 50.85 165.863 0.0055692445
95 22 211 204.377 38.513 165.864 0.00410638
95 23 192 197.111 31.247 165.864 0.0024454646
95 24 207 197.182 31.318 165.864 0.0090239292
95 25 207 204.295 38.431 165.864 0.00068498989
95 26 232 219.054 53.19 165.864 0.015689924
95 27 241 240.027 74.163 165.864 8.8628889e-05
95 28 247 262.057 96.193 165.864 0.021223965
95 29 288 280.99 115.126 165.864 0.0046002948
95 30 288 294.311 128.447 165.864 0.0037286016
95 31 294 300.219 134.355 165.864 0.003620685
96 0 296 288.9 129.157 159.743 0.0047191776
96 1 274 279.473 119.731 159.742 0.0028041453
96 2 281 264.361 104.618 159.743 0.025918154
96 3 228 245.799 86.056 159.743 0.02965793
96 4 222 226.149 66.407 159.742 0.0016115229
96 5 216 207.393 47.651 159.742 0.006935108
96 6 183 191.464 31.721 159.743 0.0067065773
96 7 167 179.552 19.81 159.742 0.014749438
96 8 178 171.503 11.76 159.743 0.0039516217
96 9 181 170.195 10.452 159.743 0.010929472
96 10 209 177.319 17.575 159.744 0.093960947
96 11 189 190.747 31.003 159.744 0.00028571657
96 12 205 208.426 48.683 159.743 0.0010988144
96 13 224 227.116 67.372 159.744 0.00090895948
96 14 240 243.336 83.593 159.743 0.0010418416
96 15 251 254.659 94.915 159.744 0.001253356
96 16 277 259.623 99.879 159.744 0.02826827
96 17 221 257.966 98.223 159.743 0.12792474
96 18 246 250.423 90.68 159.743 0.0018314012
96 19 227 238.53 78.787 159.743 0.012445382
96 20 249 223.982 64.239 159.743 0.058594223
96 21 187 209.369 49.626 159.743 0.046842791
96 22 222 197.369 37.626 159.743 0.056795472
96 23 186 190.326 30.583 159.743 0.0017519538
96 24 196 190.442 30.698 159.744 0.0028919229
96 25 181 197.406 37.663 159.743 0.02519736
96 26 209 211.834 52.09 159.744 0.00075188135
96 27 222 232.343 72.599 159.744 0.010014809
96 28 246 253.874 94.131 159.743 0.0058041743
96 29 272 272.359 112.616 159.743 1.2065311e-05
96 30 315 285.349 125.605 159.744 0.082305397
96 31 279 291.091 131.347 159.744 0.013685922
97 0 261 287.665 126.223 161.442 0.066562987
97 1 276 278.426 116.985 161.441 0.00055097414
97 2 296 263.639 102.198 161.441 0.098037785
97 3 241 245.492 84.051 161.441 0.0018889876
97 4 201 226.292 64.851 161.441 0.059884713
97 5 175 207.971 46.53 161.441 0.10176861
97 6 202 192.418 30.977 161.441 0.0085953181
97 7 189 180.798 19.357 161.441 0.0062978042
97 8 187 172.95 11.509 161.441 0.018480013
97 9 171 171.707 10.265 161.442 4.6793815e-05
97 10 185 178.697 17.255 161.442 0.0037191547
97 11 157 191.801 30.359 161.442 0.11337912
97 12 205 209.037 47.595 161.442 0.0015256929
97 13 227 227.262 65.82 161.442 6.4261699e-06
97 14 239 243.08 81.638 161.442 0.0015583677
97 15 239 254.117 92.675 161.442 0.021393451
97 16 281 258.944 97.503 161.441 0.045541059
97 17 252 257.306 95.865 161.441 0.002635628
97 18 240 249.924 88.483 161.441 0.0092198347
97 19 229 238.305 76.864 161.441 0.0081055479
97 20 247 224.107 62.666 161.441 0.049063106
97 21 210 209.867 48.426 161.441 1.6559717e-06
97 22 199 198.197 36.756 161.441 6.0364376e-05
97 23 195 191.371 29.929 161.442 0.0012328878
97 24 196 191.529 30.087 161.442 0.001871367
97 25 208 198.348 36.907 161.441 0.0087213607
97 26 247 212.45 51.008 161.442 0.11174954
97 27 250 232.504 71.062 161.442 0.028656765
97 28 252 253.547 92.105 161.442 0.00022404242
97 29 277 271.593 110.151 161.442 0.0027369216
97 30 277 284.258 122.816 161.442 0.0049315513
97 31 269 289.837 128.396 161.441 0.040646205
98 0 298 284.478 123.345 161.133 0.017117151
98 1 272 275.424 114.291 161.133 0.0010975319
98 2 233 260.958 99.825 161.133 0.073174847
98 3 242 243.219 82.086 161.133 0.00013910958
98 4 233 224.459 63.327 161.132 0.0068291565
98 5 184 206.564 45.431 161.133 0.047663047
98 6 194 191.38 30.248 161.132 0.00064261699
98 7 181 180.046 18.914 161.132 8.520133e-05
98 8 162 172.395 11.262 161.133 0.010115762
98 9 190 171.213 10.08 161.133 0.033041861
98 10 204 178.072 16.939 161.133 0.062934337
98 11 187 190.859 29.726 161.133 0.0013941169
98 12 204 207.661 46.527 161.134 0.0012547265
98 13 194 225.429 64.295 161.134 0.092472106
98 14 250 240.851 79.717 161.134 0.0078360442
98 15 257 251.607 90.473 161.134 0.0027227669
98 16 258 256.299 95.166 161.133 0.00027086834
98 17 254 254.68 93.547 161.133 4.3287993e-05
98 18 256 247.458 86.325 161.133 0.0068307558
98 19 232 236.11 74.977 161.133 0.0015813692
98 20 238 222.256 61.124 161.132 0.023204905
98 21 200 208.382 47.249 161.133 0.0065772589
98 22 203 197.035 35.902 161.133 0.0033309685
98 23 174 190.42 29.287 161.133 0.025240382
98 24 180 190.618 29.485 161.133 0.010554437
98 25 207 197.295 36.162 161.133 0.0088174032
98 26 214 211.078 49.944 161.134 0.00079930043
98 27 252 230.685 69.551 161.134 0.04253244
98 28 257 251.248 90.114 161.134 0.0030973293
98 29 265 268.863 107.73 161.133 0.0013970085
98 30 277 281.211 120.078 161.133 0.0016600459
98 31 276 286.632 125.498 161.134 0.010582288
99 0 269 274.629 120.521 154.108 0.0029662798
99 1 259 265.758 111.65 154.108 0.004275491
99 2 234 251.607 97.499 154.108 0.029021533
99 3 216 234.268 80.16 154.108 0.031241482
99 4 222 215.94 61.833 154.107 0.0034379129
99 5 183 198.463 44.355 154.108 0.022383971
99 6 201 183.641 29.533 154.108 0.028209737
99 7 153 172.586 18.478 154.108 0.035912127
99 8 141 165.126 11.018 154.108 0.054490434
99 9 157 164.005 9.896 154.109 0.0045937346
99 10 194 170.734 16.626 154.108 0.05067492
99 11 193 183.211 29.102 154.109 0.0089706989
99 12 200 199.586 45.478 154.108 1.6045391e-05
99 13 222 216.906 62.797 154.109 0.0024292237
99 14 236 231.938 77.83 154.108 0.0015446478
99 15 263 242.418 88.31 154.108 0.039657449
99 16 245 246.979 92.871 154.108 0.00036664115
99 17 222 245.379 91.271 154.108 0.051168359
99 18 224 238.314 84.207 154.107 0.019181018
99 19 268 227.233 73.125 154.108 0.15558479
99 20 223 213.719 59.611 154.108 0.0080637892
99 21 191 200.204 46.096 154.108 0.0079305415
99 22 199 189.172 35.064 154.108 0.009042321
99 23 187 182.764 28.656 154.108 0.0016798153
99 24 196 183 28.892 154.108 0.015821087
99 25 197 189.536 35.428 154.108 0.0052154632
99 26 184 203.006 48.898 154.108 0.033816688
99 27 218 222.175 68.067 154.108 0.0016317837
99 28 239 242.268 88.159 154.109 0.00099980135
99 29 267 259.462 105.353 154.109 0.0053193907
99 30 272 271.498 117.39 154.108 2.3591582e-05
99 31 285 276.764 122.656 154.108 0.0063501254
100 0 280 273.616 117.754 155.862 0.0038153588
100 1 277 264.925 109.063 155.862 0.013649725
100 2 239 251.083 95.221 155.862 0.013667818
100 3 239 234.136 78.274 155.862 0.0022148114
100 4 224 216.232 60.37 155.862 0.0056489542
100 5 197 199.164 43.301 155.863 0.00043839353
100 6 194 184.695 28.833 155.862 0.0081055479
100 7 171 173.914 18.052 155.862 0.00079492969
100 8 180 166.641 10.779 155.862 0.016706963
100 9 173 165.577 9.715 155.862 0.0051583231
100 10 162 172.18 16.317 155.863 0.0097016405
100 11 185 184.353 28.49 155.863 3.9188459e-05
100 12 205 200.312 44.449 155.863 0.0020574289
100 13 197 217.191 61.328 155.863 0.038165001
100 14 209 231.841 75.978 155.863 0.048840472
100 15 249 242.05 86.187 155.863 0.0045218821
100 16 240 246.481 90.619 155.862 0.0039321825
100 17 236 244.901 89.039 155.862 0.007416982
100 18 221 237.992 82.13 155.862 0.027029538
100 19 223 227.172 71.31 155.862 0.0016294394
100 20 214 213.991 58.129 155.862 7.582888e-09
100 21 193 200.828 44.966 155.862 0.0057365563
100 22 187 190.106 34.243 155.863 0.00090313469
100 23 166 183.898 28.036 155.862 0.029988768
100 24 203 184.17 28.308 155.862 0.033193287
100 25 189 190.569 34.706 155.863 0.00023045998
100 26 215 203.733 47.87 155.863 0.011884098
100 27 232 222.473 66.61 155.863 0.0084969283
100 28 266 242.104 86.241 155.863 0.053456441
100 29 245 258.885 103.022 155.863 0.018048512
100 30 254 270.618 114.755 155.863 0.025852773
100 31 303 275.732 119.869 155.863 0.069607525
101 0 285 267.722 115.046 152.676 0.027947088
101 1 271 259.207 106.531 152.676 0.013019617
101 2 222 245.668 92.993 152.675 0.052441215
101 3 237 229.106 76.43 152.676 0.005833697
101 4 211 211.616 58.94 152.676 3.5523115e-05
101 5 214 194.947 42.271 152.676 0.033984146
101 6 189 180.824 28.149 152.675 0.0062579399
101 7 166 170.31 17.634 152.676 0.0017390183
101 8 165 163.22 10.544 152.676 0.00029661262
101 9 147 162.212 9.535 152.677 0.021663182
101 10 168 168.689 16.013 152.676 4.4441434e-05
101 11 170 180.566 27.89 152.676 0.010451313
101 12 202 196.117 43.44 152.677 0.0032400172
101 13 220 212.565 59.888 152.677 0.0051750145
101 14 202 226.84 74.164 152.676 0.057763408
101 15 226 236.783 84.107 152.676 0.01088501
101 16 255 241.088 88.412 152.676 0.018118772
101 17 228 239.528 86.852 152.676 0.012441065
101 18 239 232.772 80.096 152.676 0.0036311721
101 19 258 222.21 69.534 152.676 0.11991486
101 20 204 209.355 56.68 152.675 0.0026845319
101 21 195 196.537 43.861 152.676 0.0002211553
101 22 201 186.116 33.44 152.676 0.020739054
101 23 175 180.104 27.428 152.676 0.0024387706
101 24 174 180.41 27.734 152.676 0.0038464995
101 25 172 186.673 33.997 152.676 0.020155216
101 26 200 199.539 46.862 152.677 1.9895345e-05
101 27 186 217.858 65.181 152.677 0.095013789
101 28 233 237.038 84.362 152.676 0.0015264488
101 29 242 253.416 100.739 152.677 0.012200498
101 30 290 264.852 112.175 152.677 0.059204747
101 31 292 269.818 117.142 152.676 0.046062873
102 0 254 267.762 112.4 155.362 0.017730163
102 1 233 259.42 104.058 155.362 0.065345434
102 2 255 246.178 90.816 155.362 0.0072859088
102 3 222 229.991 74.629 155.362 0.0059779446
102 4 221 212.905 57.544 155.361 0.0061345587
102 5 237 196.627 41.265 155.362 0.15259197
102 6 177 182.842 27.48 155.362 0.0031950137
102 7 169 172.588 17.226 155.362 0.0012051871
102 8 115 165.676 10.314 155.362 0.24041097
102 9 164 164.721 9.358 155.363 4.8665384e-05
102 10 163 171.076 15.713 155.363 0.0061057954
102 11 217 182.664 27.301 155.363 0.11036949
102 12 199 197.817 42.454 155.363 0.00013101442
102 13 222 213.843 58.48 155.363 0.0062288884
102 14 192 227.752 72.389 155.363 0.11966036
102 15 268 237.435 82.072 155.363 0.087457775
102 16 239 241.616 86.254 155.362 0.0006406563
102 17 232 240.075 84.713 155.362 0.0061042834
102 18 218 233.47 78.108 155.362 0.022404242
102 19 222 223.16 67.798 155.362 0.00012596956
102 20 219 210.626 55.264 155.362 0.0065647099
102 21 203 198.144 42.782 155.362 0.0022075319
102 22 190 188.016 32.654 155.362 0.00036849615
102 23 204 182.194 26.832 155.362 0.044514514
102 24 164 182.532 27.17 155.362 0.032150979
102 25 194 188.664 33.302 155.362 0.0026655158
102 26 210 201.238 45.875 155.363 0.0071871403
102 27 237 219.146 63.783 155.363 0.029841502
102 28 243 237.886 82.523 155.363 0.0024483363
102 29 228 253.869 98.507 155.362 0.062648244
102 30 289 265.015 109.653 155.362 0.053855377
102 31 263 269.838 114.476 155.362 0.0043773152
103 0 282 265.768 109.816 155.952 0.024665714
103 1 260 257.596 101.644 155.952 0.00054102652
103 2 263 244.644 88.692 155.952 0.031543198
103 3 242 228.824 72.872 155.952 0.016252374
103 4 198 212.133 56.181 155.952 0.018698998
103 5 171 196.235 40.283 155.952 0.059615095
103 6 185 182.779 26.828 155.951 0.00046179236
103 7 155 172.779 16.827 155.952 0.029591316
103 8 154 166.041 10.088 155.953 0.013572965
103 9 159 165.136 9.184 155.952 0.0035246851
103 10 187 171.371 15.419 155.952 0.022867148
103 11 180 182.678 26.726 155.952 0.00067138366
103 12 221 197.443 41.49 155.953 0.051950483
103 13 192 213.057 57.104 155.953 0.041509033
103 14 232 226.607 70.655 155.952 0.0027227669
103 15 228 236.036 80.084 155.952 0.0060454618
103 16 243 240.097 84.145 155.952 0.00078893949
103 17 241 238.576 82.624 155.952 0.00055006607
103 18 255 232.118 76.166 155.952 0.049015968
103 19 233 222.056 66.104 155.952 0.011212483
103 20 205 209.834 53.882 155.952 0.0021875748
103 21 204 197.681 41.729 155.952 0.0037380606
103 22 181 187.839 31.887 155.952 0.0043785955
103 23 185 182.202 26.25 155.952 0.00073290054
103 24 184 182.57 26.617 155.953 0.00019143516
103 25 193 188.573 32.62 155.953 0.0018347152
103 26 208 200.862 44.909 155.953 0.0047698279
103 27 199 218.369 62.416 155.953 0.035120769
103 28 205 236.679 80.726 155.953 0.093949084
103 29 267 252.278 96.325 155.953 0.020290056
103 30 267 263.141 107.189 155.952 0.0013941169
103 31 276 267.824 111.872 155.952 0.0062579399
104 0 273 255.122 107.295 147.827 0.029921784
104 1 234 247.116 99.289 147.827 0.016104693
104 2 245 234.447 86.62 147.827 0.010425611
104 3 215 218.985 71.158 147.827 0.0014866416
104 4 181 202.679 54.852 147.827 0.043997512
104 5 172 187.153 39.326 147.827 0.021495466
104 6 170 174.018 26.191 147.827 0.0015113654
104 7 171 164.264 16.437 147.827 0.0042476995
104 8 148 157.695 9.868 147.827 0.0087992418
104 9 177 156.84 9.012 147.828 0.038047899
104 10 171 162.957 15.13 147.827 0.0060559985
104 11 166 173.99 26.163 147.827 0.0059764485
104 12 165 188.376 40.549 147.827 0.051155228
104 13 219 203.588 55.76 147.828 0.022236561
104 14 199 216.788 68.961 147.827 0.029621283
104 15 249 225.968 78.141 147.827 0.04966071
104 16 220 229.912 82.084 147.828 0.0091975511
104 17 250 228.411 80.583 147.828 0.04363296
104 18 219 222.097 74.27 147.827 0.0008979084
104 19 224 212.277 64.45 147.827 0.012865514
104 20 193 200.361 52.534 147.827 0.0050725141
104 21 200 188.528 40.701 147.827 0.012320488
104 22 172 178.966 31.138 147.828 0.0045427262
104 23 171 173.507 25.68 147.827 0.00058838053
104 24 179 173.903 26.076 147.827 0.0024320858
104 25 186 179.78 31.952 147.828 0.0036218494
104 26 171 191.792 43.964 147.828 0.040470834
104 27 205 208.908 61.08 147.828 0.0014297455
104 28 257 226.798 78.97 147.828 0.085392756
104 29 242 242.022 94.195 147.827 4.5310096e-08
104 30 261 252.611 104.783 147.828 0.0065882491
104 31 236 257.158 109.331 147.827 0.041908185
105 0 267 251.674 104.833 146.841 0.02198909
105 1 237 243.83 96.99 146.84 0.0043670788
105 2 238 231.439 84.598 146.841 0.0040298576
105 3 232 216.326 69.486 146.84 0.022999019
105 4 222 200.396 53.556 146.84 0.043693613
105 5 181 185.232 38.392 146.84 0.0016766443
105 6 162 172.41 25.57 146.84 0.010144977
105 7 153 162.897 16.056 146.841 0.0091697346
105 8 152 156.492 9.651 146.841 0.0018889876
105 9 164 155.683 8.843 146.84 0.0064756449
105 10 176 161.686 14.845 146.841 0.019181018
105 11 191 172.452 25.611 146.841 0.03220652
105 12 181 186.469 39.628 146.841 0.002800048
105 13 203 201.288 54.447 146.841 0.00027438296
105 14 207 214.146 67.305 146.841 0.0047805256
105 15 202 223.083 76.242 146.841 0.041611602
105 16 228 226.912 80.071 146.841 0.00011081726
105 17 246 225.431 78.59 146.841 0.039607368
105 18 217 219.26 72.419 146.841 0.00047815258
105 19 199 209.677 62.836 146.841 0.010672056
105 20 204 198.06 51.219 146.841 0.003303106
105 21 172 186.539 39.699 146.84 0.019788765
105 22 171 177.248 30.407 146.841 0.0036545311
105 23 149 171.962 25.122 146.84 0.049359306
105 24 175 172.385 25.544 146.841 0.0006401666
105 25 189 178.139 31.298 146.841 0.011043055
105 26 191 189.881 43.04 146.841 0.00011722218
105 27 214 206.614 59.773 146.841 0.0051070279
105 28 219 224.094 77.253 146.841 0.0024292237
105 29 247 238.954 92.113 146.841 0.0060605171
105 30 217 249.274 102.433 146.841 0.09751136
105 31 257 253.69 106.849 146.841 0.0010256652
106 0 257 247.039 102.428 144.611 0.0092887121
106 1 235 239.355 94.745 144.61 0.0017755215
106 2 229 227.234 82.624 144.61 0.00029196515
106 3 214 212.464 67.853 144.611 0.00022086762
106 4 189 196.9 52.29 144.61 0.0058425684
106 5 154 182.09 37.48 144.61 0.073867449
106 6 176 169.573 24.963 144.61 0.0038669292
106 7 176 160.295 15.684 144.611 0.023090084
106 8 161 154.05 9.439 144.611 0.0045218821
106 9 177 153.286 8.675 144.611 0.052645258
106 10 153 159.175 14.565 144.61 0.0035696328
106 11 187 169.682 25.071 144.611 0.028076637
106 12 196 183.339 38.728 144.611 0.015006715
106 13 224 197.774 53.163 144.611 0.064389305
106 14 204 210.297 65.686 144.611 0.0037120773
106 15 228 218.996 74.386 144.61 0.0075896299
106 16 217 222.713 78.103 144.61 0.0030554703
106 17 208 221.252 76.642 144.61 0.016440404
106 18 207 215.221 70.611 144.61 0.0063270158
106 19 199 205.871 61.26 144.611 0.0044196667
106 20 178 194.546 49.936 144.61 0.025629236
106 21 162 183.331 38.721 144.61 0.042596317
106 22 161 174.303 29.693 144.61 0.016567188
106 23 166 169.186 24.575 144.611 0.00095025719
106 24 159 169.633 25.022 144.611 0.010584278
106 25 171 175.266 30.656 144.61 0.0017036929
106 26 191 186.745 42.134 144.611 0.0016949182
106 27 201 203.104 58.493 144.611 0.00041442037
106 28 242 220.184 75.573 144.611 0.044555351
106 29 221 234.688 90.077 144.611 0.017540001
106 30 244 244.747 100.136 144.611 5.2238516e-05
106 31 258 249.034 104.424 144.61 0.0075257033
107 0 227 243.073 100.077 142.996 0.024184856
107 1 253 235.545 92.549 142.996 0.028522614
107 2 221 223.691 80.695 142.996 0.00067791777
107 3 220 209.254 66.258 142.996 0.010810438
107 4 189 194.049 51.053 142.996 0.0023864941
107 5 173 179.584 36.588 142.996 0.004058161
107 6 152 167.366 24.37 142.996 0.022104021
107 7 144 158.316 15.32 142.996 0.019186378
107 8 170 152.227 9.231 142.996 0.029571347
107 9 162 151.506 8.51 142.996 0.010309361
107 10 182 157.285 14.288 142.997 0.057183516
107 11 168 167.538 24.541 142.997 1.9981752e-05
107 12 194 180.843 37.847 142.996 0.016205535
107 13 205 194.903 51.907 142.996 0.0095440858
107 14 196 207.098 64.102 142.996 0.011530259
107 15 210 215.565 72.569 142.996 0.0028992119
107 16 232 219.173 76.177 142.996 0.015402805
107 17 216 217.732 74.736 142.996 0.00028083123
107 18 238 211.838 68.842 142.996 0.064075427
107 19 188 202.716 59.72 142.996 0.020273521
107 20 190 191.677 48.681 142.996 0.00026327871
107 21 170 180.761 37.765 142.996 0.010840639
107 22 170 171.99 28.994 142.996 0.00037072833
107 23 166 167.035 24.039 142.996 0.00010028369
107 24 162 167.505 24.509 142.996 0.0028370322
107 25 169 173.021 30.025 142.996 0.0015136232
107 26 159 184.242 41.246 142.996 0.059648173
107 27 222 200.236 57.24 142.996 0.044343203
107 28 212 216.925 73.928 142.997 0.0022707122
107 29 215 231.08 88.084 142.996 0.024205927
107 30 242 240.885 97.889 142.996 0.00011638563
107 31 236 245.048 102.052 142.996 0.0076639878
108 0 248 237.914 97.774 140.14 0.0095233019
108 1 241 230.541 90.401 140.14 0.010240707
108 2 216 218.946 78.806 140.14 0.00081248454
108 3 226 204.837 64.697 140.14 0.041927994
108 4 203 189.983 49.843 140.14 0.015862493
108 5 168 175.856 35.716 140.14 0.0057776679
108 6 145 163.929 23.789 140.14 0.033543237
108 7 146 155.103 14.963 140.14 0.0077574451
108 8 157 149.167 9.027 140.14 0.0057438869
108 9 154 148.487 8.347 140.14 0.0028452839
108 10 145 154.156 14.016 140.14 0.0078480397
108 11 184 164.162 24.021 140.141 0.036842186
108 12 186 177.124 36.983 140.141 0.0073753768
108 13 195 190.816 50.675 140.141 0.0016388265
108 14 204 202.69 62.55 140.14 0.00016065425
108 15 220 210.929 70.789 140.14 0.0077030011
108 16 215 214.431 74.291 140.14 3.0309178e-05
108 17 194 213.01 72.87 140.14 0.033830924
108 18 203 207.251 67.111 140.14 0.001691733
108 19 204 198.353 58.212 140.141 0.0029852809
108 20 211 187.595 47.455 140.14 0.051282231
108 21 185 176.97 36.829 140.141 0.0060364376
108 22 161 168.449 28.309 140.14 0.0051945218
108 23 176 163.653 23.513 140.14 0.014271595
108 24 149 164.144 24.004 140.14 0.02146994
108 25 171 169.545 29.404 140.141 0.0001981872
108 26 188 180.514 40.373 140.141 0.0052462535
108 27 183 196.15 56.009 140.141 0.016188296
108 28 220 212.456 72.315 140.141 0.0053278622
108 29 208 226.271 86.13 140.141 0.031251744
108 30 199 235.827 95.686 140.141 0.1269645
108 31 213 239.868 99.728 140.14 0.067580329
109 0 247 233.055 95.517 137.538 0.018204831
109 1 208 225.833 88.295 137.538 0.029771344
109 2 226 214.494 76.957 137.537 0.012393625
109 3 190 200.706 63.168 137.538 0.010730108
109 4 166 186.195 48.658 137.537 0.038180124
109 5 168 172.4 34.862 137.538 0.0018124039
109 6 159 160.758 23.22 137.538 0.00028932593
109 7 136 152.151 14.613 137.538 0.024420157
109 8 138 146.364 8.826 137.538 0.0065490404
109 9 153 145.723 8.185 137.538 0.0049574047
109 10 153 151.284 13.746 137.538 0.00027566663
109 11 169 161.048 23.51 137.538 0.0059197364
109 12 187 173.674 36.136 137.538 0.016624525
109 13 175 187.006 49.468 137.538 0.013494174
109 14 195 198.566 61.028 137.538 0.0011904531
109 15 236 206.582 69.044 137.538 0.081016954
109 16 235 209.98 72.442 137.538 0.058603592
109 17 228 208.579 71.041 137.538 0.0353096
109 18 206 202.953 65.415 137.538 0.00086914959
109 19 173 194.274 56.737 137.537 0.042368973
109 20 186 183.792 46.254 137.538 0.00045640223
109 21 188 173.452 35.914 137.538 0.019813272
109 22 176 165.176 27.638 137.538 0.010967943
109 23 135 160.534 22.996 137.538 0.061036178
109 24 187 161.044 23.506 137.538 0.063070337
109 25 161 166.332 28.794 137.538 0.002661521
109 26 176 177.054 39.516 137.538 0.0001039994
109 27 188 192.339 54.801 137.538 0.0017624992
109 28 196 208.27 70.732 137.538 0.014094145
109 29 212 221.752 84.214 137.538 0.008903013
109 30 232 231.065 93.527 137.538 8.1841361e-05
109 31 225 234.988 97.45 137.538 0.0093391358
110 0 217 228.626 93.305 135.321 0.012653488
110 1 217 221.552 86.232 135.32 0.0019397874
110 2 227 210.464 75.144 135.32 0.025598266
110 3 231 196.991 61.67 135.321 0.10827728
110 4 187 182.817 47.496 135.321 0.0016380432
110 5 140 169.346 34.025 135.321 0.080620864
110 6 148 157.984 22.663 135.321 0.009331657
110 7 155 149.59 14.269 135.321 0.0027399596
110 8 134 143.949 8.628 135.321 0.0092663454
110 9 176 143.346 8.025 135.321 0.099821111
110 10 143 148.801 13.48 135.321 0.003150325
110 11 160 158.328 23.007 135.321 0.00026171112
110 12 197 170.625 35.304 135.321 0.065123024
110 13 200 183.606 48.284 135.322 0.025160513
110 14 206 194.857 59.536 135.321 0.011623954
110 15 176 202.655 67.334 135.321 0.066513071
110 16 206 205.95 70.629 135.321 2.3403975e-07
110 17 213 204.57 69.249 135.321 0.0066528047
110 18 173 199.075 63.754 135.321 0.063649978
110 19 173 190.612 55.291 135.321 0.029038018
110 20 197 180.399 45.079 135.32 0.025799906
110 21 142 170.339 35.018 135.321 0.075182829
110 22 160 162.301 26.98 135.321 0.00049565885
110 23 180 157.809 22.488 135.321 0.04610026
110 24 139 158.337 23.016 135.321 0.035004818
110 25 181 163.513 28.192 135.321 0.02862729
110 26 173 173.994 38.673 135.321 9.2495881e-05
110 27 169 188.935 53.614 135.321 0.037203355
110 28 188 204.498 69.177 135.321 0.025480751
110 29 215 217.655 82.333 135.322 0.00065990083
110 30 232 226.729 91.408 135.321 0.0026009719
110 31 236 230.537 95.216 135.321 0.0027939075
111 0 225 224.25 91.135 133.115 5.2658945e-05
111 1 191 217.323 84.209 133.114 0.064866489
111 2 211 206.482 73.367 133.115 0.0019109181
111 3 198 193.317 60.202 133.115 0.0020530425
111 4 170 179.473 46.358 133.115 0.0084008784
111 5 177 166.319 33.205 133.114 0.010680054
111 6 147 155.231 22.116 133.115 0.0063424175
111 7 155 147.047 13.932 133.115 0.0059212253
111 8 134 141.548 8.433 133.115 0.0053335136
111 9 148 140.981 7.866 133.115 0.0046121148
111 10 156 146.332 13.217 133.115 0.0087502993
111 11 139 155.628 22.512 133.116 0.025883897
111 12 194 167.603 34.488 133.115 0.065231711
111 13 169 180.238 47.123 133.115 0.011823
111 14 190 191.188 58.073 133.115 0.00013212424
111 15 226 198.771 65.656 133.115 0.069408556
111 16 200 201.967 68.852 133.115 0.00036220825
111 17 196 200.607 67.492 133.115 0.0019869459
111 18 195 195.241 62.126 133.115 5.4373052e-06
111 19 209 186.99 53.876 133.114 0.045351297
111 20 159 177.043 43.928 133.115 0.030476643
111 21 156 167.255 34.14 133.115 0.011858797
111 22 146 159.45 26.335 133.115 0.016935351
111 23 157 155.103 21.988 133.115 0.00033688703
111 24 170 155.648 22.533 133.115 0.019282994
111 25 155 160.715 27.6 133.115 0.00305761
111 26 151 170.959 37.844 133.115 0.037292988
111 27 207 185.563 52.448 133.115 0.043020717
111 28 209 200.765 67.65 133.115 0.0063485834
111 29 204 213.603 80.488 133.115 0.0086330346
111 30 215 222.445 89.33 133.115 0.0051889445
111 31 230 226.14 93.025 133.115 0.0013948395
112 0 244 219.764 89.009 130.755 0.054988454
112 1 206 212.982 82.227 130.755 0.0045636183
112 2 216 202.382 71.627 130.755 0.017361062
112 3 196 189.519 58.764 130.755 0.0039321825
112 4 164 175.998 45.244 130.754 0.013476197
112 5 138 163.156 32.401 130.755 0.059242421
112 6 133 152.335 21.581 130.754 0.034997577
112 7 157 144.356 13.601 130.755 0.014966443
112 8 128 138.997 8.242 130.755 0.011321346
112 9 156 138.464 7.709 130.755 0.028787947
112 10 154 143.712 12.957 130.755 0.0099085826
112 11 149 152.782 22.026 130.756 0.0013390373
112 12 156 164.443 33.688 130.755 0.0066733392
112 13 194 176.74 45.985 130.755 0.027888889
112 14 188 187.394 56.639 130.755 3.4379129e-05
112 15 187 194.768 64.013 130.755 0.0056489542
112 16 175 197.867 67.111 130.756 0.048951726
112 17 221 196.527 65.772 130.755 0.056069159
112 18 167 191.288 60.533 130.755 0.05522467
112 19 167 183.245 52.49 130.755 0.024705239
112 20 198 173.557 42.802 130.755 0.05593178
112 21 173 164.036 33.281 130.755 0.0075223462
112 22 156 156.458 25.703 130.755 1.9637246e-05
112 23 147 152.252 21.497 130.755 0.0025822546
112 24 130 152.812 22.056 130.756 0.04871653
112 25 160 157.772 27.017 130.755 0.00046470784
112 26 162 167.785 37.029 130.756 0.0031329708
112 27 172 182.057 51.302 130.755 0.0094686164
112 28 203 196.906 66.151 130.755 0.0034765984
112 29 225 209.432 78.677 130.755 0.022688996
112 30 232 218.047 87.291 130.756 0.018225725
112 31 240 221.633 90.878 130.755 0.031581014
113 0 230 216.703 86.927 129.776 0.016552247
113 1 191 210.062 80.286 129.776 0.034016259
113 2 191 199.699 69.922 129.777 0.0070841588
113 3 171 187.132 57.356 129.776 0.024362735
113 4 191 173.928 44.152 129.776 0.027284653
113 5 159 161.391 31.614 129.777 0.00053519097
113 6 136 150.832 21.056 129.776 0.020594396
113 7 177 143.053 13.277 129.776 0.10788285
113 8 107 137.83 8.054 129.776 0.088980875
113 9 135 137.331 7.554 129.777 0.00050866771
113 10 126 142.477 12.7 129.777 0.025415924
113 11 150 151.325 21.548 129.777 0.00016435442
113 12 152 162.679 32.903 129.776 0.010676055
113 13 155 174.646 44.87 129.776 0.036132491
113 14 194 185.011 55.234 129.777 0.0075643634
113 15 189 192.18 62.403 129.777 0.00094668144
113 16 192 195.183 65.407 129.776 0.00094846848
113 17 215 193.864 64.087 129.777 0.041821078
113 18 202 188.749 58.973 129.776 0.016437923
113 19 199 180.911 51.134 129.777 0.030632239
113 20 165 171.477 41.7 129.777 0.0039273302
113 21 154 162.217 32.44 129.777 0.0063208604
113 22 148 154.86 25.083 129.777 0.0044055269
113 23 178 150.791 21.014 129.777 0.06930663
113 24 147 151.364 21.588 129.776 0.0017828677
113 25 157 156.22 26.443 129.777 5.6955914e-05
113 26 171 166.006 36.229 129.777 0.002334784
113 27 197 179.954 50.177 129.777 0.027201609
113 28 201 194.457 64.68 129.777 0.0040077762
113 29 208 206.677 76.901 129.776 0.00016385863
113 30 204 215.07 85.294 129.776 0.011472151
113 31 229 218.55 88.773 129.777 0.01022309
114 0 231 210.596 84.887 125.709 0.038974473
114 1 202 204.094 78.385 125.709 0.00041049037
114 2 174 193.962 68.254 125.708 0.0373042
114 3 184 181.686 55.978 125.708 0.00050127533
114 4 172 168.792 43.084 125.708 0.00096342596
114 5 150 156.553 30.844 125.709 0.0040200362
114 6 158 146.25 20.542 125.708 0.012924845
114 7 133 138.667 12.959 125.708 0.0030064643
114 8 148 133.577 7.869 125.708 0.019474254
114 9 130 133.109 7.401 125.708 0.00090488016
114 10 144 138.156 12.447 125.709 0.0031972017
114 11 146 146.788 21.079 125.709 5.8130232e-05
114 12 159 157.842 32.133 125.709 0.00012553555
114 13 181 169.486 43.777 125.709 0.012410866
114 14 180 179.568 53.859 125.709 1.7470974e-05
114 15 159 186.537 60.828 125.709 0.070987662
114 16 196 189.447 63.738 125.709 0.0040200362
114 17 187 188.148 62.439 125.709 0.00012337677
114 18 178 183.156 57.448 125.708 0.0024887166
114 19 186 175.517 49.809 125.708 0.010287759
114 20 168 166.332 40.624 125.708 0.00026046041
114 21 158 157.327 31.619 125.708 4.2401357e-05
114 22 140 150.185 24.477 125.708 0.009711173
114 23 163 146.249 20.54 125.709 0.026268248
114 24 130 146.835 21.126 125.709 0.026532359
114 25 155 151.587 25.879 125.708 0.0010904913
114 26 135 161.152 35.443 125.709 0.064026452
114 27 182 174.783 49.074 125.709 0.0048759926
114 28 192 188.947 63.238 125.709 0.00087257594
114 29 201 200.869 75.16 125.709 1.6065425e-06
114 30 191 209.045 83.336 125.709 0.030483399
114 31 233 212.42 86.712 125.708 0.039649742
115 0 228 212.838 82.891 129.947 0.021521008
115 1 185 206.473 76.525 129.948 0.043165331
115 2 236 196.569 66.621 129.948 0.14555436
115 3 191 184.577 54.629 129.948 0.0038621174
115 4 179 171.986 42.038 129.948 0.0046055462
115 5 165 160.038 30.09 129.948 0.0023049587
115 6 134 149.987 20.039 129.948 0.023926742
115 7 131 142.595 12.647 129.948 0.012586099
115 8 134 137.635 7.687 129.948 0.001236968
115 9 132 137.197 7.249 129.948 0.002528454
115 10 157 142.146 12.197 129.949 0.020655536
115 11 158 150.567 20.618 129.949 0.0051722307
115 12 143 161.328 31.379 129.949 0.03144704
115 13 189 172.656 42.708 129.948 0.025007273
115 14 196 182.462 52.513 129.949 0.017157683
115 15 188 189.234 59.286 129.948 0.00014255418
115 16 178 192.054 62.106 129.948 0.018490537
115 17 180 190.775 60.827 129.948 0.010868865
115 18 194 185.904 55.956 129.948 0.0061360745
115 19 173 178.461 48.513 129.948 0.0027918622
115 20 157 169.519 39.572 129.947 0.014671986
115 21 170 160.763 30.815 129.948 0.0079875118
115 22 151 153.831 23.883 129.948 0.00075029035
115 23 161 150.023 20.075 129.948 0.011280204
115 24 166 150.62 20.672 129.948 0.022144317
115 25 145 155.272 25.323 129.949 0.0098777867
115 26 164 164.619 34.671 129.948 3.5869962e-05
115 27 190 177.939 47.991 129.948 0.013618092
115 28 183 191.771 61.823 129.948 0.0072019126
115 29 196 203.402 73.453 129.949 0.0051291782
115 30 194 211.366 81.418 129.948 0.028232492
115 31 197 214.641 84.693 129.948 0.029133725
116 0 213 206.602 80.935 125.667 0.0038321111
116 1 213 200.37 74.703 125.667 0.014933318
116 2 198 190.69 65.023 125.667 0.0050024687
116 3 191 178.975 53.309 125.666 0.013536918
116 4 170 166.682 41.015 125.667 0.0010306291
116 5 160 155.019 29.353 125.666 0.0023226443
116 6 119 145.213 19.546 125.667 0.064325486
116 7 112 138.008 12.342 125.666 0.0633233
116 8 134 133.175 7.508 125.667 6.3717323e-05
116 9 130 132.767 7.1 125.667 0.0007167504
116 10 150 137.618 11.951 125.667 0.014352621
116 11 128 145.833 20.165 125.668 0.029771344
116 12 175 156.308 30.641 125.667 0.032708541
116 13 163 167.328 41.661 125.667 0.0017535741
116 14 181 176.863 51.196 125.667 0.0016022145
116 15 191 183.444 57.777 125.667 0.0053448254
116 16 184 186.176 60.509 125.667 0.00044326905
116 17 177 184.917 59.25 125.667 0.0058677407
116 18 173 180.164 54.497 125.667 0.0048046392
116 19 178 172.913 47.246 125.667 0.0024225519
116 20 167 164.21 38.543 125.667 0.00072871554
116 21 145 155.696 30.029 125.667 0.010710073
116 22 163 148.967 23.301 125.666 0.01843532
116 23 135 145.285 19.618 125.667 0.0099028047
116 24 141 145.892 20.225 125.667 0.0022403843
116 25 156 150.444 24.777 125.667 0.002889842
116 26 164 159.58 33.912 125.668 0.0018289177
116 27 185 172.595 46.927 125.668 0.014405992
116 28 179 186.102 60.435 125.667 0.0047218367
116 29 203 197.448 71.78 125.668 0.0028856825
116 30 198 205.206 79.539 125.667 0.0048611401
116 31 217 208.382 82.715 125.667 0.0069528459
117 0 233 208.255 79.019 129.236 0.057322423
117 1 211 202.155 72.92 129.235 0.0073239488
117 2 177 192.694 63.458 129.236 0.02305775
117 3 185 181.252 52.016 129.236 0.0013150697
117 4 179 169.249 40.013 129.236 0.0089011872
117 5 161 157.866 28.63 129.236 0.00091949126
117 6 171 148.3 19.064 129.236 0.048239338
117 7 131 141.278 12.042 129.236 0.0098893296
117 8 141 136.568 7.333 129.235 0.001838862
117 9 127 136.188 6.951 129.237 0.007902993
117 10 136 140.943 11.707 129.236 0.0022873406
117 11 157 148.956 19.72 129.236 0.0060575045
117 12 160 159.152 29.916 129.236 6.7319569e-05
117 13 176 169.871 40.635 129.236 0.0035166477
117 14 180 179.142 49.906 129.236 6.8916656e-05
117 15 186 185.536 56.299 129.237 2.0155129e-05
117 16 170 188.181 58.945 129.236 0.03094462
117 17 166 186.943 57.707 129.236 0.0410608
117 18 195 182.306 53.07 129.236 0.015085045
117 19 153 175.243 46.007 129.236 0.046316565
117 20 187 166.773 37.538 129.235 0.038301217
117 21 190 158.497 29.261 129.236 0.092908072
117 22 132 151.966 22.731 129.235 0.037319151
117 23 171 148.404 19.168 129.236 0.047798334
117 24 137 149.021 19.785 129.236 0.013527914
117 25 150 153.476 24.24 129.236 0.0011311212
117 26 166 162.403 33.167 129.236 0.0012112408
117 27 165 175.12 45.883 129.237 0.0095876164
117 28 174 188.309 59.073 129.236 0.01916762
117 29 187 199.376 70.139 129.237 0.014338715
117 30 207 206.932 77.696 129.236 4.3287993e-07
117 31 191 210.013 80.777 129.236 0.033841602
118 0 194 204.621 77.142 127.479 0.010560402
118 1 181 198.651 71.172 127.479 0.029166764
118 2 177 189.403 61.925 127.478 0.014401347
118 3 166 178.229 50.75 127.479 0.014000112
118 4 153 166.51 39.032 127.478 0.017086784
118 5 166 155.401 27.922 127.479 0.010516698
118 6 148 146.07 18.591 127.479 0.00034870987
118 7 118 139.226 11.748 127.478 0.042177996
118 8 118 134.639 7.16 127.479 0.025918154
118 9 137 134.284 6.805 127.479 0.0006905723
118 10 153 138.945 11.467 127.478 0.018493168
118 11 145 146.762 19.283 127.479 0.00029064405
118 12 173 156.685 29.206 127.479 0.024918608
118 13 184 167.109 39.63 127.479 0.026709167
118 14 180 176.121 48.643 127.478 0.0014086049
118 15 175 182.332 54.853 127.479 0.0050326246
118 16 194 184.893 57.415 127.478 0.007764264
118 17 198 183.675 56.197 127.478 0.01921051
118 18 183 179.152 51.674 127.478 0.0013861804
118 19 183 172.274 44.796 127.478 0.010770236
118 20 157 164.033 36.554 127.479 0.0046305317
118 21 156 155.988 28.509 127.479 1.348069e-08
118 22 155 149.651 22.172 127.479 0.0026785195
118 23 147 146.206 18.727 127.479 5.9018834e-05
118 24 178 146.83 19.351 127.479 0.090954298
118 25 143 151.19 23.711 127.479 0.0062793896
118 26 147 159.913 32.434 127.479 0.015610037
118 27 165 172.337 44.858 127.479 0.0050394909
118 28 183 185.215 57.736 127.479 0.00045930068
118 29 194 196.009 68.53 127.479 0.00037784136
118 30 229 203.368 75.889 127.479 0.061505593
118 31 187 206.356 78.877 127.479 0.035073641
119 0 208 200.387 75.302 125.085 0.0054257688
119 1 217 194.544 69.46 125.084 0.047207872
119 2 177 185.508 60.423 125.085 0.0067764866
119 3 155 174.595 49.511 125.084 0.035945138
119 4 162 163.155 38.071 125.084 0.00012488595
119 5 168 152.314 27.229 125.085 0.023034248
119 6 156 143.212 18.128 125.084 0.015309284
119 7 121 136.544 11.46 125.084 0.022619094
119 8 133 132.075 6.99 125.085 8.0100106e-05
119 9 121 131.745 6.66 125.085 0.010808426
119 10 141 136.314 11.229 125.085 0.0020556738
119 11 152 143.937 18.853 125.084 0.0060861541
119 12 151 153.594 28.509 125.085 0.00062992605
119 13 171 163.731 38.646 125.085 0.0049465108
119 14 172 172.49 47.405 125.085 2.2477178e-05
119 15 185 178.522 53.437 125.085 0.003928543
119 16 179 181.001 55.917 125.084 0.00037483816
119 17 189 179.803 54.719 125.084 0.0079184831
119 18 158 175.392 50.308 125.084 0.028317094
119 19 161 168.695 43.611 125.084 0.0055432807
119 20 153 160.677 35.593 125.084 0.0055173776
119 21 158 152.858 27.773 125.085 0.0024752198
119 22 136 146.709 21.624 125.085 0.010736123
119 23 171 143.378 18.293 125.085 0.071426582
119 24 135 144.008 18.924 125.084 0.0075963747
119 25 138 148.275 23.19 125.085 0.0098835573
119 26 164 156.799 31.714 125.085 0.0048543965
119 27 171 168.935 43.851 125.084 0.00039919927
119 28 146 181.509 56.424 125.085 0.11803927
119 29 224 192.035 66.95 125.085 0.095653098
119 30 194 199.202 74.117 125.085 0.0025333216
119 31 199 202.099 77.015 125.084 0.00089906849
120 0 221 196.377 73.5 122.877 0.056758584
120 1 212 190.66 67.783 122.877 0.04263227
120 2 171 181.83 58.953 122.877 0.010980106
120 3 176 171.173 48.297 122.876 0.0021812439
120 4 149 160.006 37.13 122.876 0.011339885
120 5 156 149.428 26.551 122.877 0.0040433816
120 6 151 140.551 17.674 122.877 0.010221134
120 7 130 134.054 11.177 122.877 0.0015385695
120 8 109 129.7 6.823 122.877 0.040113478
120 9 127 129.395 6.518 122.877 0.00053698315
120 10 134 133.872 10.995 122.877 1.5338029e-06
120 11 141 141.307 18.43 122.877 8.8232051e-06
120 12 155 150.704 27.827 122.877 0.0017277391
120 13 163 160.56 37.682 122.878 0.00055735163
120 14 165 169.072 46.195 122.877 0.0015522625
120 15 154 174.929 52.051 122.878 0.041005922
120 16 165 177.328 54.451 122.877 0.014227706
120 17 169 176.151 53.274 122.877 0.0047872177
120 18 173 171.849 48.973 122.876 0.00012402244
120 19 177 165.329 42.452 122.877 0.012751632
120 20 141 157.529 34.653 122.876 0.025576598
120 21 150 149.931 27.054 122.877 4.4570531e-07
120 22 140 143.965 21.088 122.877 0.0014717566
120 23 143 140.744 17.867 122.877 0.0004764615
120 24 148 141.38 18.503 122.877 0.0041026607
120 25 140 145.555 22.678 122.877 0.0028888018
120 26 162 153.884 31.007 122.877 0.0061664285
120 27 161 165.739 42.862 122.877 0.0021024372
120 28 185 178.013 55.136 122.877 0.0045701569
120 29 200 188.279 65.402 122.877 0.012861125
120 30 189 195.258 72.381 122.877 0.0036662387
120 31 218 198.067 75.19 122.877 0.03719589
121 0 219 192.241 71.737 120.504 0.067033112
121 1 185 186.646 66.142 120.504 0.00025363506
121 2 175 178.019 57.515 120.504 0.00085324912
121 3 175 167.613 47.109 120.504 0.0051084109
121 4 162 156.713 36.209 120.504 0.0026167862
121 5 152 146.391 25.887 120.504 0.0029452387
121 6 126 137.734 17.23 120.504 0.01288967
121 7 138 131.404 10.9 120.504 0.0040729672
121 8 111 127.164 6.66 120.504 0.024459485
121 9 143 126.881 6.377 120.504 0.024323486
121 10 132 131.268 10.764 120.504 5.0161647e-05
121 11 156 138.519 18.015 120.504 0.028607649
121 12 127 147.662 27.158 120.504 0.039966336
121 13 160 157.244 36.74 120.504 0.00071106295
121 14 157 165.515 45.011 120.504 0.006787642
121 15 180 171.201 50.697 120.504 0.0072479679
121 16 185 173.523 53.019 120.504 0.01233123
121 17 154 172.365 51.861 120.504 0.031574137
121 18 166 168.172 47.668 120.504 0.00044164088
121 19 149 161.825 41.321 120.504 0.015398002
121 20 157 154.238 33.734 120.504 0.00071416238
121 21 169 146.855 26.351 120.504 0.045909334
121 22 137 141.067 20.563 120.504 0.0015484528
121 23 145 137.953 17.449 120.504 0.0046489852
121 24 140 138.594 18.09 120.504 0.00018506328
121 25 133 142.679 22.174 120.505 0.0087702223
121 26 145 150.817 30.312 120.505 0.003167727
121 27 142 162.396 41.892 120.504 0.038943917
121 28 165 174.378 53.874 120.504 0.0082332268
121 29 184 184.388 63.884 120.504 1.4093312e-05
121 30 199 191.184 70.68 120.504 0.0057189819
121 31 189 193.908 73.404 120.504 0.0022550633
122 0 194 192.291 70.013 122.278 0.00027342218
122 1 199 186.817 64.539 122.278 0.013894986
122 2 185 178.387 56.109 122.278 0.004093989
122 3 175 168.227 45.949 122.278 0.0042944918
122 4 153 157.588 35.31 122.278 0.0019705908
122 5 165 147.516 25.238 122.278 0.028617469
122 6 134 139.074 16.796 122.278 0.0024101859
122 7 144 132.907 10.629 122.278 0.011519872
122 8 131 128.777 6.499 122.278 0.00046262441
122 9 142 128.516 6.238 122.278 0.01702108
122 10 120 132.814 10.536 122.278 0.0153716
122 11 149 139.887 17.608 122.279 0.0077744981
122 12 149 148.782 26.504 122.278 4.4490021e-06
122 13 157 158.097 35.819 122.278 0.00011265822
122 14 171 166.133 43.855 122.278 0.0022175444
122 15 164 171.652 49.374 122.278 0.0054815016
122 16 167 173.899 51.621 122.278 0.0044557613
122 17 159 172.761 50.483 122.278 0.017727586
122 18 174 168.673 46.395 122.278 0.0026565318
122 19 163 162.495 40.217 122.278 2.3874395e-05
122 20 156 155.116 32.839 122.277 7.3156708e-05
122 21 142 147.942 25.665 122.277 0.0033053307
122 22 132 142.328 20.05 122.278 0.009985782
122 23 138 139.317 17.039 122.278 0.00016237575
122 24 138 139.962 17.684 122.278 0.00036036917
122 25 144 143.959 21.681 122.278 1.5736833e-07
122 26 157 151.91 29.632 122.278 0.0024254101
122 27 148 163.22 40.942 122.278 0.021685974
122 28 171 174.916 52.638 122.278 0.0014356051
122 29 184 184.677 62.399 122.278 4.2906882e-05
122 30 200 191.294 69.016 122.278 0.0070955644
122 31 174 193.935 71.657 122.278 0.037203355
123 0 176 187.447 68.329 119.118 0.012266848
123 1 165 182.091 62.974 119.117 0.027345418
123 2 155 173.855 54.737 119.118 0.033281485
123 3 186 163.934 44.816 119.118 0.045582365
123 4 151 153.55 34.432 119.118 0.0006087374
123 5 136 143.723 24.605 119.118 0.0055836951
123 6 140 135.491 16.373 119.118 0.0019033125
123 7 133 129.482 10.364 119.118 0.0011586207
123 8 140 125.46 6.342 119.118 0.019791488
123 9 118 125.22 6.102 119.118 0.0048800472
123 10 140 129.431 10.313 119.118 0.010457248
123 11 145 136.328 17.21 119.118 0.0070402513
123 12 147 144.984 25.866 119.118 0.00038047899
123 13 154 154.038 34.92 119.118 1.3518136e-07
123 14 177 161.845 42.727 119.118 0.021501141
123 15 152 167.203 48.084 119.119 0.021637556
123 16 148 169.376 50.258 119.118 0.04277623
123 17 184 168.257 49.14 119.117 0.023201957
123 18 148 164.272 45.154 119.118 0.02478743
123 19 162 158.259 39.141 119.118 0.0013101621
123 20 157 151.084 31.966 119.118 0.0032764682
123 21 140 144.113 24.995 119.118 0.0015836786
123 22 157 138.667 19.549 119.118 0.0314642
123 23 125 135.756 16.638 119.118 0.010830567
123 24 131 136.404 17.286 119.118 0.0027338854
123 25 138 140.315 21.197 119.118 0.00050170868
123 26 143 148.083 28.965 119.118 0.0024187437
123 27 161 159.13 40.012 119.118 0.00032736545
123 28 168 170.547 51.429 119.118 0.00060730592
123 29 185 180.066 60.948 119.118 0.0022790188
123 30 197 186.509 67.391 119.118 0.010303467
123 31 184 189.069 69.951 119.118 0.0024054382
124 0 185 189.465 66.688 122.777 0.0018663477
124 1 165 184.224 61.447 122.777 0.034596896
124 2 166 176.176 53.4 122.776 0.009694018
124 3 145 166.489 43.712 122.777 0.043229681
124 4 150 156.353 33.576 122.777 0.0037783948
124 5 162 146.764 23.988 122.776 0.021731592
124 6 133 138.736 15.96 122.776 0.0030801219
124 7 132 132.882 10.106 122.776 7.2826056e-05
124 8 157 128.965 6.189 122.776 0.073578469
124 9 143 128.745 5.968 122.777 0.019023222
124 10 138 132.871 10.094 122.777 0.0024627199
124 11 133 139.598 16.821 122.777 0.0040754376
124 12 141 148.02 25.243 122.777 0.0046134291
124 13 157 156.821 34.044 122.777 2.9995471e-06
124 14 143 164.405 41.628 122.777 0.042892374
124 15 155 169.605 46.828 122.777 0.019968836
124 16 173 171.707 48.93 122.777 0.00015651165
124 17 166 170.608 47.832 122.776 0.0019878086
124 18 167 166.724 43.947 122.777 7.1312849e-06
124 19 160 160.871 38.095 122.776 7.1020861e-05
124 20 147 153.893 31.116 122.777 0.0044480144
124 21 156 147.12 24.344 122.776 0.0073820257
124 22 149 141.837 19.06 122.777 0.0048032979
124 23 149 139.023 16.246 122.777 0.0093185763
124 24 120 139.673 16.896 122.777 0.036231875
124 25 142 143.5 20.723 122.777 0.00021063578
124 26 164 151.091 28.314 122.777 0.015600367
124 27 181 161.881 39.104 122.777 0.034219997
124 28 160 173.026 50.249 122.777 0.015884435
124 29 199 182.308 59.531 122.777 0.026083531
124 30 191 188.582 65.805 122.777 0.00054734634
124 31 200 191.064 68.287 122.777 0.0074754259
125 0 173 185.142 65.089 120.053 0.01380162
125 1 166 180.014 59.961 120.053 0.018385432
125 2 174 172.15 52.097 120.053 0.00032040042
125 3 158 162.69 42.638 120.052 0.0020591847
125 4 144 152.796 32.743 120.053 0.0072430263
125 5 143 143.439 23.387 120.052 1.804175e-05
125 6 131 135.61 15.557 120.053 0.0019895345
125 7 132 129.907 9.854 120.053 0.0004100984
125 8 127 126.092 6.039 120.053 7.7182941e-05
125 9 141 125.89 5.837 120.053 0.021373643
125 10 128 129.932 9.879 120.053 0.00034943296
125 11 145 136.494 16.441 120.053 0.0067733011
125 12 153 144.689 24.636 120.053 0.006466305
125 13 172 153.244 33.191 120.053 0.032932907
125 14 134 160.612 40.559 120.053 0.066298645
125 15 170 165.659 45.606 120.053 0.0017641244
125 16 157 167.692 47.639 120.053 0.010702064
125 17 161 166.612 46.559 120.053 0.0029483901
125 18 168 162.826 42.773 120.053 0.0025061235
125 19 157 157.13 37.077 120.053 1.5821087e-06
125 20 156 150.343 30.29 120.053 0.0029958632
125 21 163 143.763 23.71 120.053 0.034643704
125 22 125 138.637 18.584 120.053 0.01740954
125 23 145 135.916 15.863 120.053 0.0077250958
125 24 137 136.568 16.515 120.053 1.7470974e-05
125 25 150 140.313 20.26 120.053 0.0087847261
125 26 150 147.731 27.677 120.054 0.00048196846
125 27 132 158.271 38.217 120.054 0.06461046
125 28 167 169.15 49.097 120.053 0.0004327395
125 29 178 178.203 58.15 120.053 3.8578177e-06
125 30 201 184.313 64.26 120.053 0.026067907
125 31 178 186.719 66.666 120.053 0.0071167708
126 0 185 180.474 63.531 116.943 0.0019176914
126 1 166 175.457 58.514 116.943 0.008372524
126 2 152 167.772 50.829 116.943 0.023287516
126 3 151 158.534 41.591 116.943 0.0053137468
126 4 161 148.875 31.932 116.943 0.013763
126 5 130 139.744 22.801 116.943 0.0088884119
126 6 126 132.108 15.165 116.943 0.0034925906
126 7 119 126.551 9.608 116.943 0.0053377541
126 8 112 122.835 5.892 116.943 0.010990247
126 9 123 122.651 5.708 116.943 1.140251e-05
126 10 137 126.612 9.669 116.943 0.010102143
126 11 140 133.013 16.069 116.944 0.0045701569
126 12 144 140.987 24.044 116.943 0.00084986097
126 13 158 149.304 32.361 116.943 0.0070792734
126 14 184 156.462 39.519 116.943 0.070992818
126 15 153 161.36 44.417 116.943 0.0065427779
126 16 160 163.326 46.383 116.943 0.0010356049
126 17 181 162.266 45.323 116.943 0.032855695
126 18 153 158.574 41.631 116.943 0.002908597
126 19 148 153.03 36.088 116.942 0.0023685666
126 20 147 146.43 29.487 116.943 3.0415806e-05
126 21 141 140.036 23.093 116.943 8.6996883e-05
126 22 146 135.063 18.12 116.943 0.011198144
126 23 126 132.432 15.489 116.943 0.0038729483
126 24 138 133.085 16.142 116.943 0.0022615004
126 25 134 136.75 19.807 116.943 0.00070797025
126 26 145 143.999 27.056 116.943 9.3803227e-05
126 27 154 154.295 37.352 116.943 8.1469238e-06
126 28 142 164.917 47.974 116.943 0.049166031
126 29 176 173.746 56.803 116.943 0.00047561708
126 30 179 179.697 62.753 116.944 4.5479447e-05
126 31 191 182.029 65.086 116.943 0.0075340992
127 0 167 177.464 62.014 115.45 0.010250501
127 1 178 172.554 57.104 115.45 0.0027765462
127 2 177 165.044 49.594 115.45 0.013382013
127 3 160 156.022 40.572 115.45 0.0014814233
127 4 139 146.591 31.142 115.449 0.0053944554
127 5 142 137.681 22.231 115.45 0.0017462887
127 6 130 130.233 14.784 115.449 5.0823137e-06
127 7 104 124.818 9.369 115.449 0.040572114
127 8 105 121.199 5.749 115.45 0.024565524
127 9 128 121.031 5.582 115.449 0.0045466398
127 10 106 124.912 9.462 115.45 0.033483014
127 11 129 131.156 15.707 115.449 0.00043515816
127 12 145 138.918 23.468 115.45 0.00346292
127 13 147 147.003 31.553 115.45 8.4254311e-10
127 14 145 153.956 38.506 115.45 0.0075089255
127 15 182 158.71 43.26 115.45 0.050779521
127 16 143 160.611 45.162 115.449 0.029034721
127 17 148 159.569 44.12 115.449 0.012529717
127 18 142 155.971 40.521 115.45 0.018272779
127 19 180 150.575 35.126 115.449 0.081055514
127 20 160 144.156 28.707 115.449 0.023500618
127 21 151 137.943 22.494 115.449 0.01596013
127 22 136 133.118 17.669 115.449 0.00077756656
127 23 118 130.574 15.124 115.45 0.014801187
127 24 123 131.227 15.778 115.449 0.0063362546
127 25 138 134.814 19.364 115.45 0.00095025719
127 26 144 141.899 26.449 115.45 0.00041323941
127 27 148 151.958 36.508 115.45 0.0014665646
127 28 163 162.328 46.878 115.45 4.2275443e-05
127 29 181 170.94 55.49 115.45 0.0094742662
127 30 180 176.735 61.285 115.45 0.00099796657
127 31 205 178.997 63.547 115.45 0.063298954
128 0 179 174.068 60.536 113.532 0.0022771716
128 1 161 169.263 55.731 113.532 0.0063918287
128 2 173 161.923 48.391 113.532 0.011486664
128 3 149 153.111 39.579 113.532 0.0015821388
128 4 148 143.904 30.372 113.532 0.0015706142
128 5 140 135.208 21.676 113.532 0.0021497267
128 6 130 127.944 14.412 113.532 0.00039572715
128 7 117 122.667 9.135 113.532 0.0030064643
128 8 116 119.142 5.609 113.533 0.00092419153
128 9 106 118.99 5.458 113.532 0.015796757
128 10 138 122.792 9.26 113.532 0.021651791
128 11 137 128.884 15.352 113.532 0.0061664285
128 12 128 136.438 22.906 113.532 0.0066654376
128 13 145 144.298 30.766 113.532 4.6134291e-05
128 14 133 151.053 37.521 113.532 0.030510434
128 15 153 155.666 42.134 113.532 0.00066538026
128 16 161 157.505 43.973 113.532 0.0011435206
128 17 156 156.482 42.95 113.532 2.1749221e-05
128 18 143 152.974 39.442 113.532 0.0093129732
128 19 140 147.723 34.191 113.532 0.0055836951
128 20 150 141.479 27.947 113.532 0.006797211
128 21 150 135.442 21.91 113.532 0.01984052
128 22 117 130.76 17.228 113.532 0.01772501
128 23 129 128.299 14.767 113.532 4.6002948e-05
128 24 132 128.953 15.421 113.532 0.00086914959
128 25 136 132.464 18.931 113.533 0.0011705073
128 26 126 139.389 25.856 113.533 0.016782085
128 27 133 149.215 35.683 113.532 0.024614076
128 28 155 159.341 45.808 113.533 0.0017641244
128 29 192 167.741 54.209 113.532 0.055092872
128 30 187 173.386 59.854 113.532 0.017350864
128 31 189 175.579 62.047 113.532 0.0168624
129 0 174 176.516 59.093 117.423 0.00059261262
129 1 170 171.814 54.391 117.423 0.00030805211
129 2 170 164.641 47.218 117.423 0.0026885439
129 3 140 156.034 38.611 117.423 0.024067633
129 4 143 147.045 29.622 117.423 0.0015317457
129 5 150 138.557 21.135 117.422 0.012258277
129 6 124 131.472 14.049 117.423 0.0052266492
129 7 132 126.33 8.907 117.423 0.0030096483
129 8 126 122.896 5.473 117.423 0.00090197198
129 9 108 122.759 5.336 117.423 0.020392172
129 10 132 126.484 9.061 117.423 0.0028483814
129 11 162 132.428 15.005 117.423 0.081867404
129 12 120 139.78 22.357 117.423 0.036627072
129 13 149 147.422 29.998 117.424 0.00023311146
129 14 163 153.983 36.56 117.423 0.0076115615
129 15 160 158.46 41.037 117.423 0.00022201947
129 16 164 160.238 42.815 117.423 0.0013249125
129 17 144 159.233 41.81 117.423 0.021723035
129 18 141 155.814 38.391 117.423 0.02054444
129 19 148 150.703 33.28 117.423 0.00068397734
129 20 134 144.631 27.208 117.423 0.010580297
129 21 135 138.764 21.341 117.423 0.0013263216
129 22 130 134.221 16.798 117.423 0.0016679396
129 23 134 131.841 14.418 117.423 0.00043637002
129 24 132 132.494 15.071 117.423 2.284565e-05
129 25 156 135.93 18.507 117.423 0.037708944
129 26 138 142.699 25.276 117.423 0.0020670954
129 27 155 152.3 34.876 117.424 0.00068245992
129 28 156 162.186 44.763 117.423 0.0035823619
129 29 178 170.381 52.957 117.424 0.0054343245
129 30 185 175.879 58.456 117.423 0.0077881541
129 31 188 178.005 60.582 117.423 0.0093522309
130 0 181 173.776 57.685 116.091 0.0048854559
130 1 172 169.174 53.083 116.091 0.00074764243
130 2 178 162.164 46.073 116.091 0.023476892
130 3 163 153.757 37.666 116.091 0.0079978919
130 4 142 144.981 28.889 116.092 0.0008319047
130 5 138 136.698 20.606 116.092 0.00015869805
130 6 123 129.786 13.694 116.092 0.0043109932
130 7 123 124.776 8.684 116.092 0.00029528103
130 8 117 121.43 5.339 116.091 0.0018372027
130 9 121 121.308 5.217 116.091 8.8807789e-06
130 10 127 124.957 8.866 116.091 0.00039073864
130 11 118 130.757 14.665 116.092 0.01523515
130 12 132 137.912 21.821 116.091 0.003272039
130 13 126 145.341 29.249 116.092 0.035019301
130 14 134 151.715 35.623 116.092 0.029378657
130 15 149 156.059 39.968 116.091 0.0046648318
130 16 159 157.779 41.687 116.092 0.00013956642
130 17 187 156.791 40.7 116.091 0.085432344
130 18 150 153.459 37.367 116.092 0.0011200844
130 19 141 148.484 32.393 116.091 0.0052434506
130 20 141 142.579 26.488 116.091 0.000233407
130 21 136 136.879 20.787 116.092 7.2331484e-05
130 22 114 132.47 16.379 116.091 0.031936213
130 23 118 130.168 14.076 116.092 0.013860791
130 24 141 130.82 14.728 116.092 0.0097016405
130 25 152 134.183 18.092 116.091 0.029717946
130 26 153 140.8 24.708 116.092 0.013933791
130 27 167 150.179 34.087 116.092 0.026488249
130 28 142 159.833 43.741 116.092 0.029771344
130 29 180 167.826 51.734 116.092 0.013874464
130 30 183 173.182 57.09 116.092 0.0090239292
130 31 178 175.244 59.152 116.092 0.00071106295
131 0 156 172.435 56.309 116.126 0.025286519
131 1 159 167.932 51.806 116.126 0.007468735
131 2 174 161.08 44.954 116.126 0.015626965
131 3 166 152.87 36.743 116.127 0.016139091
131 4 127 144.3 28.174 116.126 0.028018303
131 5 151 136.216 20.09 116.126 0.020461315
131 6 125 129.475 13.348 116.127 0.0018747169
131 7 125 124.592 8.466 116.126 1.5583677e-05
131 8 143 121.334 5.208 116.126 0.04394476
131 9 106 121.226 5.099 116.127 0.021703075
131 10 127 124.8 8.674 116.126 0.00045310096
131 11 130 130.459 14.333 116.126 1.9723092e-05
131 12 130 137.423 21.297 116.126 0.0051583231
131 13 146 144.645 28.518 116.127 0.00017188114
131 14 135 150.836 34.709 116.127 0.023476892
131 15 159 155.051 38.925 116.126 0.0014599026
131 16 139 156.713 40.587 116.126 0.029372024
131 17 152 155.744 39.617 116.127 0.0013122643
131 18 144 152.495 36.369 116.126 0.0067557939
131 19 159 147.655 31.528 116.127 0.012049211
131 20 144 141.912 25.786 116.126 0.00040814136
131 21 135 136.373 20.247 116.126 0.00017647805
131 22 140 132.095 15.969 116.126 0.0058499664
131 23 136 129.868 13.742 116.126 0.0035200912
131 24 155 130.518 14.392 116.126 0.056110406
131 25 121 133.811 17.685 116.126 0.015364403
131 26 143 140.278 24.152 116.126 0.0006936268
131 27 156 149.442 33.315 116.127 0.0040261731
131 28 160 158.868 42.741 116.127 0.00011996166
131 29 178 166.665 50.539 116.126 0.012027979
131 30 150 171.882 55.756 116.126 0.044825346
131 31 171 173.882 57.755 116.127 0.00077756656
132 0 161 170.434 54.965 115.469 0.0083318486
132 1 159 166.027 50.558 115.469 0.0046226342
132 2 150 159.331 43.862 115.469 0.0081509082
132 3 150 151.311 35.843 115.468 0.00016089962
132 4 135 142.944 27.476 115.468 0.0059078314
132 5 136 135.055 19.586 115.469 8.360134e-05
132 6 144 128.479 13.011 115.468 0.022552206
132 7 127 123.722 8.253 115.469 0.0010059294
132 8 135 120.549 5.08 115.469 0.01954994
132 9 115 120.453 4.984 115.469 0.0027836884
132 10 133 123.954 8.486 115.468 0.0076606001
132 11 138 129.476 14.007 115.469 0.0068019981
132 12 128 136.254 20.785 115.469 0.0063779124
132 13 145 143.274 27.805 115.469 0.00027888889
132 14 132 149.287 33.818 115.469 0.027976211
132 15 138 153.377 37.908 115.469 0.022135679
132 16 168 154.983 39.515 115.468 0.015862493
132 17 158 154.031 38.563 115.468 0.0014747276
132 18 166 150.865 35.397 115.468 0.021444428
132 19 151 146.154 30.686 115.468 0.0021984492
132 20 130 140.57 25.102 115.468 0.010459227
132 21 125 135.188 19.72 115.468 0.0097168947
132 22 130 131.038 15.569 115.469 0.00010086589
132 23 136 128.883 13.415 115.468 0.0047418035
132 24 138 129.531 14.063 115.468 0.0067145033
132 25 128 132.754 17.286 115.468 0.0021157677
132 26 146 139.076 23.607 115.469 0.0044881126
132 27 158 148.028 32.56 115.468 0.0093092386
132 28 131 157.232 41.763 115.469 0.06441877
132 29 171 164.838 49.369 115.469 0.0035546186
132 30 163 169.92 54.451 115.469 0.0044829285
132 31 172 171.859 56.39 115.469 1.8611777e-06
133 0 165 169.09 53.653 115.437 0.0015660162
133 1 172 164.777 49.341 115.436 0.0048841034
133 2 160 158.233 42.797 115.436 0.0002922959
133 3 158 150.4 34.964 115.436 0.0054072545
133 4 135 142.231 26.795 115.436 0.0048949284
133 5 124 134.531 19.095 115.436 0.010382187
133 6 115 128.117 12.681 115.436 0.016107148
133 7 135 123.482 8.046 115.436 0.01241949
133 8 94 120.391 4.955 115.436 0.06520206
133 9 112 120.308 4.871 115.437 0.0064616376
133 10 118 123.737 8.301 115.436 0.003081196
133 11 127 129.125 13.688 115.437 0.0004227343
133 12 149 135.721 20.285 115.436 0.016507464
133 13 166 142.545 27.109 115.436 0.051501573
133 14 146 148.385 32.949 115.436 0.00053250831
133 15 169 152.353 36.917 115.436 0.025943083
133 16 140 153.906 38.47 115.436 0.018103147
133 17 149 152.972 37.535 115.437 0.0014769579
133 18 146 149.886 34.45 115.436 0.0014136934
133 19 132 145.302 29.866 115.436 0.016564698
133 20 141 139.872 24.435 115.437 0.00011911538
133 21 151 134.642 19.206 115.436 0.025050133
133 22 144 130.615 15.178 115.437 0.016772059
133 23 136 128.531 13.095 115.436 0.005222453
133 24 136 129.177 13.74 115.437 0.0043581319
133 25 137 132.331 16.895 115.436 0.0020407856
133 26 142 138.511 23.074 115.437 0.0011395977
133 27 148 147.257 31.821 115.436 5.1680565e-05
133 28 139 156.244 40.807 115.437 0.027837207
133 29 161 163.664 48.227 115.437 0.00066438232
133 30 155 168.614 53.178 115.436 0.017350864
133 31 185 170.494 55.057 115.437 0.019699036
134 0 189 170.633 52.374 118.259 0.031581014
134 1 169 166.413 48.154 118.259 0.00062653088
134 2 138 160.017 41.758 118.259 0.045380148
134 3 143 152.366 34.107 118.259 0.00821217
134 4 133 144.39 26.131 118.259 0.012144987
134 5 158 136.875 18.616 118.259 0.041777559
134 6 95 130.619 12.36 118.259 0.11877173
134 7 117 126.102 7.843 118.259 0.0077557408
134 8 137 123.092 4.832 118.26 0.018108354
134 9 101 123.02 4.76 118.26 0.045392516
134 10 126 126.379 8.12 118.259 1.3447082e-05
134 11 136 131.636 13.376 118.26 0.0017828677
134 12 152 138.056 19.797 118.259 0.018202221
134 13 131 144.69 26.43 118.26 0.017545127
134 14 158 150.362 32.102 118.26 0.0054614622
134 15 160 154.211 35.952 118.259 0.0031373049
134 16 168 155.712 37.453 118.259 0.014135528
134 17 150 154.794 36.535 118.259 0.0021515215
134 18 146 151.787 33.528 118.259 0.0031351375
134 19 153 147.326 29.067 118.259 0.0030138962
134 20 135 142.046 23.787 118.259 0.0046476659
134 21 150 136.965 18.706 118.259 0.015906392
134 22 126 133.057 14.798 118.259 0.0046621888
134 23 138 131.041 12.782 118.259 0.004533601
134 24 127 131.684 13.424 118.26 0.0020539194
134 25 142 134.772 16.513 118.259 0.0048908677
134 26 159 140.813 22.553 118.26 0.030965048
134 27 153 149.358 31.098 118.26 0.0012417367
134 28 137 158.132 39.873 118.259 0.04180525
134 29 162 165.371 47.112 118.259 0.0010638175
134 30 197 170.194 51.934 118.26 0.067268795
134 31 175 172.016 53.757 118.259 0.00083357995
135 0 189 160.716 51.127 109.589 0.074891285
135 1 151 156.585 46.997 109.588 0.0029200883
135 2 154 150.334 40.746 109.588 0.0012581561
135 3 154 142.86 33.272 109.588 0.011617696
135 4 134 135.072 25.484 109.588 0.0001075819
135 5 129 127.737 18.149 109.588 0.00014933318
135 6 120 121.635 12.046 109.589 0.00025025637
135 7 98 117.233 7.645 109.588 0.034629298
135 8 120 114.301 4.713 109.588 0.0030405135
135 9 102 114.24 4.652 109.588 0.01402531
135 10 107 117.53 7.942 109.588 0.010380215
135 11 136 122.66 13.072 109.588 0.016659474
135 12 137 128.91 19.321 109.589 0.0061269829
135 13 143 135.358 25.769 109.589 0.005467184
135 14 159 140.867 31.278 109.589 0.030781441
135 15 152 144.602 35.013 109.589 0.0051236361
135 16 158 146.052 36.464 109.588 0.01336411
135 17 140 145.151 35.563 109.588 0.0024838921
135 18 139 142.22 32.632 109.588 0.00097064711
135 19 123 137.879 28.291 109.588 0.020725123
135 20 118 132.745 23.156 109.589 0.020353504
135 21 122 127.807 18.219 109.588 0.0031568451
135 22 117 124.015 14.426 109.589 0.0046068596
135 23 120 122.065 12.476 109.589 0.00039919927
135 24 119 122.704 13.115 109.589 0.0012843742
135 25 134 125.728 16.139 109.589 0.0064057602
135 26 132 131.633 22.045 109.588 1.2609032e-05
135 27 146 139.982 30.393 109.589 0.0033904238
135 28 155 148.55 38.961 109.589 0.0038946555
135 29 141 155.612 46.024 109.588 0.019987982
135 30 172 160.31 50.722 109.588 0.012793184
135 31 143 162.078 52.489 109.589 0.034073387
136 0 189 163.637 49.913 113.724 0.060221403
136 1 146 159.594 45.871 113.723 0.017299922
136 2 154 153.484 39.76 113.724 2.4925795e-05
136 3 171 146.183 32.459 113.724 0.057656488
136 4 173 138.578 24.854 113.724 0.11092306
136 5 144 131.418 17.694 113.724 0.014820027
136 6 140 125.465 11.741 113.724 0.019777878
136 7 111 121.176 7.452 113.724 0.009694018
136 8 114 118.32 4.596 113.724 0.0017470974
136 9 117 118.269 4.545 113.724 0.0001507554
136 10 122 121.492 7.768 113.724 2.4158894e-05
136 11 110 126.498 12.774 113.724 0.025480751
136 12 115 132.581 18.857 113.724 0.028935885
136 13 124 138.85 25.126 113.724 0.020644413
136 14 149 144.201 30.477 113.724 0.0021560117
136 15 133 147.824 34.101 113.723 0.020572186
136 16 136 149.226 35.502 113.724 0.016375956
136 17 165 148.341 34.618 113.723 0.025980498
136 18 138 145.485 31.761 113.724 0.0052448519
136 19 146 141.261 27.537 113.724 0.0021024372
136 20 144 136.267 22.543 113.724 0.0055981643
136 21 145 131.47 17.746 113.724 0.017137411
136 22 107 127.789 14.065 113.724 0.040459156
136 23 125 125.902 12.178 113.724 7.6166272e-05
136 24 143 126.537 12.814 113.723 0.025372752
136 25 127 129.498 15.774 113.724 0.0005841636
136 26 135 135.272 21.548 113.724 6.9260788e-06
136 27 160 143.429 29.705 113.724 0.025706743
136 28 140 151.796 38.072 113.724 0.013026242
136 29 152 158.687 44.963 113.724 0.0041861257
136 30 145 163.264 49.54 113.724 0.031227802
136 31 144 164.978 51.255 113.723 0.041198157
137 0 164 156.036 48.73 107.306 0.0059376163
137 1 135 152.08 44.774 107.306 0.02731023
137 2 155 146.106 38.8 107.306 0.0074053207
137 3 145 138.974 31.668 107.306 0.0033994439
137 4 115 131.547 24.241 107.306 0.025632334
137 5 149 124.558 17.252 107.306 0.055927203
137 6 133 118.75 11.444 107.306 0.019009879
137 7 118 114.57 7.264 107.306 0.0011013817
137 8 114 111.789 4.482 107.307 0.0004576433
137 9 106 111.748 4.441 107.307 0.0030930229
137 10 129 114.904 7.598 107.306 0.018601219
137 11 100 119.79 12.484 107.306 0.036664115
137 12 128 125.712 18.405 107.307 0.000490074
137 13 145 131.806 24.5 107.306 0.016296809
137 14 128 137.004 29.698 107.306 0.0075896299
137 15 154 140.519 33.213 107.306 0.017013507
137 16 152 141.873 34.567 107.306 0.0096008845
137 17 130 141.005 33.699 107.306 0.011337824
137 18 121 138.221 30.915 107.306 0.027762998
137 19 113 134.11 26.804 107.306 0.041718251
137 20 137 129.254 21.948 107.306 0.0056170024
137 21 129 124.592 17.286 107.306 0.0018190004
137 22 109 121.019 13.713 107.306 0.013523412
137 23 114 119.193 11.887 107.306 0.0025245633
137 24 114 119.825 12.519 107.306 0.003176446
137 25 130 122.723 15.417 107.306 0.0049574047
137 26 121 128.369 21.063 107.306 0.0050835458
137 27 131 136.34 29.033 107.307 0.0026695136
137 28 157 144.511 37.205 107.306 0.014601752
137 29 154 151.235 43.929 107.306 0.00071571463
137 30 142 155.695 48.389 107.306 0.017557945
137 31 168 157.358 50.051 107.307 0.010602203
138 0 144 157.431 47.577 109.854 0.016887537
138 1 157 153.559 43.705 109.854 0.0011084573
138 2 139 147.719 37.866 109.853 0.0071167708
138 3 143 140.751 30.897 109.854 0.00047350932
138 4 150 133.497 23.643 109.854 0.025496198
138 5 126 126.674 16.821 109.853 4.2527457e-05
138 6 129 121.009 11.155 109.854 0.0059779446
138 7 111 116.935 7.081 109.854 0.0032975476
138 8 99 114.225 4.371 109.854 0.021700224
138 9 116 114.193 4.34 109.853 0.00030567923
138 10 111 117.285 7.431 109.854 0.0036979428
138 11 100 122.054 12.2 109.854 0.045532801
138 12 120 127.819 17.965 109.854 0.005723373
138 13 131 133.744 23.891 109.853 0.0007048843
138 14 138 138.793 28.939 109.854 5.8870266e-05
138 15 132 142.204 32.35 109.854 0.0097474389
138 16 156 143.512 33.658 109.854 0.014599413
138 17 144 142.66 32.806 109.854 0.00016809671
138 18 143 139.947 30.093 109.854 0.00087257594
138 19 127 135.945 26.092 109.853 0.0074904915
138 20 148 131.223 21.369 109.854 0.026349855
138 21 134 126.692 16.838 109.854 0.0049997317
138 22 117 123.224 13.37 109.854 0.0036265093
138 23 126 121.457 11.603 109.854 0.0019321245
138 24 133 122.084 12.23 109.854 0.011155182
138 25 141 124.922 15.068 109.854 0.024199906
138 26 119 130.443 20.589 109.854 0.012258277
138 27 149 138.232 28.378 109.854 0.010854747
138 28 169 146.213 36.359 109.854 0.048609811
138 29 155 152.774 42.92 109.854 0.00046387391
138 30 133 157.12 47.266 109.854 0.054463335
138 31 164 158.733 48.879 109.854 0.0025970258
139 0 147 155.902 46.453 109.449 0.0074186487
139 1 150 152.112 42.663 109.449 0.00041757785
139 2 148 146.403 36.954 109.449 0.00023875884
139 3 141 139.595 30.146 109.449 0.00018480013
139 4 156 132.51 23.061 109.449 0.051655391
139 5 138 125.85 16.401 109.449 0.013819813
139 6 129 120.322 10.873 109.449 0.0070499967
139 7 132 116.352 6.903 109.449 0.022922781
139 8 110 113.712 4.263 109.449 0.0012899283
139 9 125 113.689 4.24 109.449 0.011977099
139 10 115 116.717 7.267 109.45 0.00027598801
139 11 106 121.372 11.922 109.45 0.022121286
139 12 106 126.985 17.535 109.45 0.041225656
139 13 122 132.746 23.296 109.45 0.010810438
139 14 111 137.65 28.201 109.449 0.06648812
139 15 151 140.959 31.51 109.449 0.0094385125
139 16 136 142.223 32.774 109.449 0.003625344
139 17 152 141.387 31.937 109.45 0.010544499
139 18 150 138.742 29.293 109.449 0.011865119
139 19 137 134.848 25.399 109.449 0.00043354498
139 20 131 130.255 20.806 109.449 5.1959166e-05
139 21 134 125.852 16.402 109.45 0.0062151507
139 22 100 122.485 13.035 109.45 0.04732988
139 23 122 120.775 11.325 109.45 0.00014048236
139 24 118 121.397 11.948 109.449 0.0010802909
139 25 121 124.177 14.727 109.45 0.00094489609
139 26 129 129.575 20.126 109.449 3.0951757e-05
139 27 150 137.187 27.737 109.45 0.0153692
139 28 140 144.982 35.532 109.45 0.002323577
139 29 154 151.384 41.935 109.449 0.0006406563
139 30 148 155.62 46.17 109.45 0.0054357511
139 31 160 157.184 47.735 109.449 0.00074236062
140 0 164 154.545 45.355 109.19 0.0083689831
140 1 152 150.835 41.645 109.19 0.00012705784
140 2 164 145.254 36.064 109.19 0.032897799
140 3 120 138.602 29.412 109.19 0.032394323
140 4 118 131.683 22.493 109.19 0.017527189
140 5 138 125.181 15.991 109.19 0.015383598
140 6 117 119.788 10.598 109.19 0.00072767116
140 7 127 115.918 6.728 109.19 0.011497037
140 8 106 113.347 4.157 109.19 0.0050532374
140 9 107 113.332 4.142 109.19 0.0037534569
140 10 139 116.297 7.107 109.19 0.048252089
140 11 120 120.841 11.65 109.191 6.6212748e-05
140 12 148 126.306 17.115 109.191 0.044058418
140 13 126 131.907 22.717 109.19 0.0032665068
140 14 140 136.671 27.48 109.191 0.001037474
140 15 146 139.881 30.691 109.19 0.0035051817
140 16 133 141.102 31.912 109.19 0.0061451728
140 17 121 140.281 31.091 109.19 0.034802363
140 18 131 137.704 28.513 109.191 0.0042074371
140 19 114 133.914 24.724 109.19 0.037125014
140 20 149 129.447 20.257 109.19 0.035791214
140 21 123 125.167 15.977 109.19 0.00043960988
140 22 96 121.899 12.709 109.19 0.062793634
140 23 112 120.244 11.054 109.19 0.0063624677
140 24 128 120.862 11.672 109.19 0.0047698279
140 25 113 123.584 14.393 109.191 0.010486952
140 26 131 128.863 19.672 109.191 0.0004275222
140 27 125 136.301 27.11 109.191 0.01195593
140 28 160 143.914 34.724 109.19 0.024223994
140 29 160 150.162 40.972 109.19 0.0090607315
140 30 167 154.29 45.099 109.191 0.015123097
140 31 152 155.807 46.617 109.19 0.0013567986
141 0 143 154.856 44.281 110.575 0.013159094
141 1 137 151.225 40.65 110.575 0.018943236
141 2 132 145.769 35.194 110.575 0.017748204
141 3 127 139.27 28.695 110.575 0.014094145
141 4 136 132.512 21.937 110.575 0.0011389445
141 5 122 126.165 15.59 110.575 0.0016239761
141 6 125 120.904 10.329 110.575 0.0015706142
141 7 121 117.133 6.558 110.575 0.0013999031
141 8 102 114.628 4.053 110.575 0.014928589
141 9 119 114.621 4.046 110.575 0.0017951449
141 10 115 117.525 6.949 110.576 0.00059685988
141 11 136 121.959 11.384 110.575 0.018456345
141 12 122 127.28 16.705 110.575 0.0026098615
141 13 131 132.726 22.15 110.576 0.00027888889
141 14 145 137.353 26.777 110.576 0.0054743405
141 15 156 140.467 29.891 110.576 0.022587091
141 16 158 141.646 31.071 110.575 0.025037883
141 17 133 140.84 30.265 110.575 0.0057541575
141 18 144 138.328 27.753 110.575 0.0030117718
141 19 142 134.641 24.066 110.575 0.005069758
141 20 118 130.296 19.721 110.575 0.014153939
141 21 127 126.137 15.562 110.575 6.9722221e-05
141 22 122 122.965 12.39 110.575 8.7177468e-05
141 23 117 121.363 10.788 110.575 0.0017820507
141 24 142 121.976 11.401 110.575 0.037536286
141 25 129 124.641 14.066 110.575 0.0017787846
141 26 121 129.803 19.228 110.575 0.0072545592
141 27 140 137.071 26.496 110.575 0.00080313466
141 28 115 144.507 33.932 110.575 0.081507906
141 29 163 150.604 40.029 110.575 0.014385096
141 30 160 154.627 44.052 110.575 0.0027026095
141 31 167 156.098 45.523 110.575 0.011126587
142 0 150 156.15 43.23 112.92 0.0035407874
142 1 164 152.596 39.676 112.92 0.012174862
142 2 142 147.263 34.343 112.92 0.0025930827
142 3 149 140.913 27.993 112.92 0.0061224396
142 4 119 134.314 21.394 112.92 0.02195467
142 5 114 128.118 15.198 112.92 0.018659327
142 6 123 122.985 10.065 112.92 2.1063578e-08
142 7 125 119.311 6.391 112.92 0.0030298525
142 8 129 116.871 3.951 112.92 0.013772082
142 9 111 116.871 3.951 112.92 0.0032268129
142 10 99 119.714 6.794 112.92 0.040167756
142 11 111 124.043 11.123 112.92 0.015925923
142 12 119 129.223 16.303 112.92 0.0097837725
142 13 143 134.517 21.597 112.92 0.0067367209
142 14 161 139.011 26.091 112.92 0.045264798
142 15 125 142.031 29.111 112.92 0.027153757
142 16 139 143.17 30.25 112.92 0.0016278775
142 17 143 142.379 29.459 112.92 3.610213e-05
142 18 123 139.932 27.012 112.92 0.026838988
142 19 145 136.343 23.423 112.92 0.0070159173
142 20 118 132.119 19.199 112.92 0.018661971
142 21 118 128.077 15.157 112.92 0.0095063137
142 22 138 124.998 12.078 112.92 0.015825956
142 23 147 123.447 10.527 112.92 0.051932842
142 24 127 124.055 11.135 112.92 0.00081193305
142 25 117 126.665 13.744 112.921 0.0087448696
142 26 147 131.712 18.792 112.92 0.021880184
142 27 143 138.814 25.894 112.92 0.0016403936
142 28 144 146.076 33.156 112.92 0.00040346357
142 29 160 152.025 39.105 112.92 0.0059540298
142 30 151 155.945 43.025 112.92 0.002289192
142 31 188 157.373 44.453 112.92 0.087812945
143 0 146 153.85 42.2 111.65 0.0057688459
143 1 151 150.372 38.723 111.649 3.6920614e-05
143 2 147 145.159 33.51 111.649 0.0003172906
143 3 178 138.956 27.307 111.649 0.14271126
143 4 129 132.512 20.862 111.65 0.001154672
143 5 132 126.464 14.814 111.65 0.0028690742
143 6 129 121.458 9.808 111.65 0.0053250376
143 7 111 117.877 6.227 111.65 0.0044273889
143 8 126 115.502 3.852 111.65 0.010317222
143 9 111 115.508 3.858 111.65 0.0019024683
143 10 121 118.292 6.642 111.65 0.00068651012
143 11 137 122.516 10.866 111.65 0.019639329
143 12 116 127.559 15.909 111.65 0.012508066
143 13 139 132.705 21.055 111.65 0.0037097197
143 14 142 137.069 25.419 111.65 0.0022762483
143 15 140 139.999 28.349 111.65 9.3615901e-11
143 16 138 141.098 29.448 111.65 0.00089848835
143 17 125 140.322 28.672 111.65 0.021977614
143 18 121 137.938 26.288 111.65 0.026858013
143 19 128 134.446 22.797 111.649 0.0038898265
143 20 134 130.339 18.689 111.65 0.0012547265
143 21 112 126.411 14.762 111.649 0.019441862
143 22 101 123.422 11.772 111.65 0.047065028
143 23 119 121.921 10.271 111.65 0.00079875343
143 24 113 122.523 10.873 111.65 0.0084897948
143 25 135 125.079 13.429 111.65 0.0092142613
143 26 135 130.014 18.364 111.65 0.0023273097
143 27 137 136.953 25.303 111.65 2.0679753e-07
143 28 154 144.045 32.394 111.651 0.0092775254
143 29 155 149.85 38.2 111.65 0.0024829277
143 30 165 153.67 42.02 111.65 0.01201737
143 31 143 155.054 43.404 111.65 0.013602289
144 0 162 159.277 41.192 118.085 0.00069413654
144 1 167 155.874 37.789 118.085 0.011588514
144 2 157 150.779 32.694 118.085 0.0036230141
144 3 148 144.72 26.635 118.085 0.0010071573
144 4 144 138.427 20.341 118.086 0.0029075535
144 5 119 132.524 14.439 118.085 0.017122215
144 6 119 127.641 9.556 118.085 0.0069900074
144 7 132 124.152 6.067 118.085 0.0057659067
144 8 120 121.839 3.754 118.085 0.00031660158
144 9 117 121.852 3.767 118.085 0.0022038966
144 10 124 124.577 6.492 118.085 3.1167448e-05
144 11 121 128.7 10.615 118.085 0.0055504868
144 12 128 133.609 15.523 118.086 0.0029452387
144 13 154 138.611 20.525 118.086 0.022170241
144 14 177 142.848 24.763 118.085 0.10918976
144 15 136 145.689 27.604 118.085 0.0087883539
144 16 168 146.75 28.665 118.085 0.04227343
144 17 172 145.989 27.904 118.085 0.063337909
144 18 131 143.666 25.581 118.085 0.01501857
144 19 139 140.27 22.185 118.085 0.00015099309
144 20 135 136.276 18.191 118.085 0.00015242316
144 21 130 132.46 14.375 118.085 0.00056652599
144 22 115 129.558 11.473 118.085 0.01984052
144 23 135 128.106 10.02 118.086 0.004449305
144 24 130 128.702 10.617 118.085 0.00015772445
144 25 111 131.204 13.119 118.085 0.038214162
144 26 126 136.029 17.944 118.085 0.0094159661
144 27 154 142.809 24.723 118.086 0.011724313
144 28 147 149.733 31.648 118.085 0.00069924422
144 29 143 155.398 37.312 118.086 0.014389738
144 30 144 159.119 41.034 118.085 0.021399112
144 31 158 160.462 42.376 118.086 0.00056744754
145 0 158 158.589 40.204 118.385 3.2477322e-05
145 1 157 155.259 36.874 118.385 0.00028375738
145 2 153 150.28 31.895 118.385 0.00069260788
145 3 145 144.361 25.976 118.385 3.8225338e-05
145 4 154 138.217 19.832 118.385 0.02332001
145 5 135 132.457 14.072 118.385 0.0006053999
145 6 131 127.694 9.309 118.385 0.0010231877
145 7 130 124.295 5.91 118.385 0.0030469191
145 8 113 122.043 3.658 118.385 0.0076555198
145 9 117 122.063 3.677 118.386 0.0023997471
145 10 141 124.729 6.344 118.385 0.024784383
145 11 120 128.753 10.367 118.386 0.0071723831
145 12 123 133.53 15.145 118.385 0.010380215
145 13 125 138.392 20.007 118.385 0.016789606
145 14 158 142.507 24.121 118.386 0.02247091
145 15 144 145.261 26.876 118.385 0.00014886061
145 16 141 146.285 27.9 118.385 0.0026148068
145 17 131 145.539 27.154 118.385 0.019788765
145 18 141 143.276 24.891 118.385 0.00048494685
145 19 127 139.972 21.587 118.385 0.015753008
145 20 139 136.089 17.704 118.385 0.00079329375
145 21 121 132.382 13.997 118.385 0.012127933
145 22 134 129.565 11.18 118.385 0.0018413522
145 23 140 128.16 9.775 118.385 0.013123601
145 24 120 128.75 10.365 118.385 0.0071674675
145 25 99 131.2 12.815 118.385 0.097064711
145 26 150 135.917 17.531 118.386 0.018566925
145 27 173 142.539 24.154 118.385 0.086863622
145 28 136 149.3 30.915 118.385 0.016559717
145 29 176 154.826 36.441 118.385 0.041971592
145 30 172 158.453 40.068 118.385 0.017180503
145 31 150 159.754 41.369 118.385 0.0089066652
146 0 144 157.702 39.234 118.468 0.017575899
146 1 147 154.444 35.977 118.467 0.0051875507
146 2 150 149.578 31.111 118.467 1.6671494e-05
146 3 135 143.798 25.331 118.467 0.0072463205
146 4 135 137.8 19.332 118.468 0.00073394867
146 5 144 132.179 13.712 118.467 0.013081515
146 6 126 127.535 9.067 118.468 0.00022058013
146 7 124 124.224 5.757 118.467 4.6972715e-06
146 8 117 122.031 3.564 118.467 0.0023695084
146 9 144 122.056 3.589 118.467 0.04507972
146 10 122 124.666 6.199 118.467 0.00066538026
146 11 127 128.592 10.124 118.468 0.00023726613
146 12 130 133.242 14.774 118.468 0.00098395592
146 13 174 137.966 19.499 118.467 0.12155549
146 14 144 141.961 23.493 118.468 0.00038921008
146 15 142 144.632 26.164 118.468 0.00064851704
146 16 136 145.619 27.152 118.467 0.0086618263
146 17 148 144.887 26.42 118.467 0.00090721008
146 18 118 142.683 24.216 118.467 0.057035534
146 19 144 139.47 21.003 118.467 0.0019210826
146 20 137 135.696 17.229 118.467 0.00015918598
146 21 153 132.094 13.627 118.467 0.040915844
146 22 144 129.361 10.893 118.468 0.020061918
146 23 111 128 9.533 118.467 0.027054996
146 24 131 128.585 10.117 118.468 0.000545989
146 25 120 130.982 12.515 118.467 0.011290483
146 26 122 135.593 17.126 118.467 0.017297377
146 27 146 142.062 23.595 118.467 0.0014517808
146 28 152 148.663 30.195 118.468 0.0010424663
146 29 148 154.053 35.586 118.467 0.0034299751
146 30 171 157.586 39.119 118.467 0.016844814
146 31 144 158.848 40.381 118.467 0.020638852
147 0 161 154.902 38.282 116.62 0.0034811638
147 1 152 151.716 35.095 116.621 7.5506841e-06
147 2 140 146.962 30.341 116.621 0.0045375107
147 3 146 141.318 24.697 116.621 0.0020521658
147 4 135 135.463 18.842 116.621 2.0068347e-05
147 5 122 129.979 13.358 116.621 0.005960004
147 6 144 125.451 8.83 116.621 0.032209993
147 7 125 122.227 5.606 116.621 0.00071986219
147 8 108 120.093 3.472 116.621 0.01369045
147 9 127 120.123 3.502 116.621 0.0044273889
147 10 135 122.676 6.055 116.621 0.014218474
147 11 129 126.506 9.885 116.621 0.00058229428
147 12 117 131.031 14.41 116.621 0.018430065
147 13 129 135.622 19 116.622 0.00410514
147 14 133 139.499 22.878 116.621 0.0039540549
147 15 154 142.088 25.467 116.621 0.013283698
147 16 143 143.04 26.419 116.621 1.4978544e-07
147 17 121 142.323 25.702 116.621 0.042564373
147 18 125 140.177 23.556 116.621 0.021563611
147 19 150 137.052 20.431 116.621 0.015694772
147 20 146 133.383 16.763 116.62 0.014902593
147 21 126 129.885 13.264 116.621 0.0014129659
147 22 112 127.233 10.612 116.621 0.021723035
147 23 113 125.916 9.295 116.621 0.015617291
147 24 132 126.494 9.873 116.621 0.002838063
147 25 137 128.841 12.22 116.621 0.0062319432
147 26 134 133.347 16.726 116.621 3.9918663e-05
147 27 133 139.665 23.043 116.622 0.0041586266
147 28 139 146.107 29.486 116.621 0.0047284876
147 29 174 151.365 34.744 116.621 0.047963473
147 30 167 154.806 38.185 116.621 0.013920089
147 31 154 156.03 39.409 116.621 0.00038578177
148 0 154 150.377 37.341 113.036 0.0012288144
148 1 127 147.262 34.225 113.037 0.038433881
148 2 176 142.618 29.582 113.036 0.10432162
148 3 128 137.108 24.072 113.036 0.0077659693
148 4 136 131.395 18.358 113.037 0.0019852211
148 5 122 126.046 13.01 113.036 0.0015325032
148 6 120 121.633 8.596 113.037 0.00024964449
148 7 121 118.493 5.457 113.036 0.00058838053
148 8 125 116.417 3.381 113.036 0.0068964858
148 9 115 116.452 3.416 113.036 0.00019737078
148 10 114 118.949 5.913 113.036 0.0022928969
148 11 132 122.684 9.648 113.036 0.0081247234
148 12 124 127.086 14.05 113.036 0.0008915413
148 13 129 131.546 18.509 113.037 0.00060682913
148 14 133 135.308 22.272 113.036 0.00049867918
148 15 140 137.817 24.78 113.037 0.00044612555
148 16 127 138.735 25.699 113.036 0.012891867
148 17 142 138.032 24.996 113.036 0.0014739846
148 18 133 135.943 22.907 113.036 0.00081083063
148 19 138 132.905 19.869 113.036 0.0024301775
148 20 126 129.341 16.305 113.036 0.001044967
148 21 139 125.943 12.907 113.036 0.01596013
148 22 123 123.37 10.334 113.036 1.2816017e-05
148 23 107 122.097 9.06 113.037 0.021336881
148 24 130 122.668 9.632 113.036 0.0050326246
148 25 123 124.964 11.928 113.036 0.00036110424
148 26 135 129.367 16.33 113.037 0.0029704971
148 27 137 135.535 22.498 113.037 0.00020092079
148 28 134 141.822 28.785 113.037 0.0057277657
148 29 147 146.949 33.912 113.037 2.4349496e-07
148 30 150 150.3 37.263 113.037 8.4254311e-06
148 31 141 151.485 38.449 113.036 0.010291685
149 0 176 152.274 36.408 115.866 0.052698551
149 1 134 149.229 33.363 115.866 0.021711628
149 2 130 144.695 28.829 115.866 0.020215701
149 3 138 139.319 23.453 115.866 0.00016286929
149 4 114 133.745 17.88 115.865 0.036497566
149 5 152 128.531 12.665 115.866 0.051563073
149 6 118 124.231 8.365 115.866 0.0036346712
149 7 113 121.176 5.31 115.866 0.0062579399
149 8 130 119.156 3.29 115.866 0.011008513
149 9 106 119.196 3.33 115.866 0.01630175
149 10 130 121.637 5.771 115.866 0.0065474745
149 11 124 125.278 9.412 115.866 0.00015290135
149 12 128 129.559 13.693 115.866 0.00022753167
149 13 129 133.889 18.023 115.866 0.0022376373
149 14 140 137.538 21.672 115.866 0.00056744754
149 15 151 139.968 24.102 115.866 0.011393526
149 16 157 140.853 24.988 115.865 0.024408063
149 17 123 140.165 24.299 115.866 0.027582729
149 18 142 138.132 22.266 115.866 0.0014006272
149 19 138 135.18 19.314 115.866 0.00074447109
149 20 135 131.718 15.852 115.866 0.0010083859
149 21 142 128.42 12.554 115.866 0.017264308
149 22 127 125.925 10.059 115.866 0.00010818488
149 23 140 124.693 8.827 115.866 0.021934603
149 24 135 125.258 9.392 115.866 0.0088847635
149 25 109 127.503 11.637 115.866 0.032050434
149 26 145 131.803 15.937 115.866 0.016304221
149 27 110 137.822 21.956 115.866 0.07246467
149 28 128 143.954 28.088 115.866 0.023828066
149 29 150 148.952 33.086 115.866 0.00010281872
149 30 161 152.214 36.348 115.866 0.0072265668
149 31 148 153.362 37.496 115.866 0.0026915549
150 0 142 151.122 35.477 115.645 0.0077898619
150 1 148 148.148 32.502 115.646 2.0505627e-06
150 2 157 143.724 28.079 115.645 0.016500006
150 3 131 138.481 22.836 115.645 0.0052392477
150 4 123 133.048 17.403 115.645 0.0094516771
150 5 130 127.967 12.322 115.645 0.00038692285
150 6 133 123.78 8.135 115.645 0.007958138
150 7 121 120.809 5.163 115.646 3.4152017e-06
150 8 104 118.846 3.2 115.646 0.020633293
150 9 110 118.89 3.244 115.646 0.0073986613
150 10 120 121.274 5.629 115.645 0.00015194572
150 11 128 124.822 9.176 115.646 0.00094549102
150 12 121 128.983 13.337 115.646 0.0059659812
150 13 144 133.185 17.539 115.646 0.010949711
150 14 139 136.722 21.077 115.645 0.0004857995
150 15 156 139.075 23.429 115.646 0.026816802
150 16 140 139.927 24.281 115.646 4.9887914e-07
150 17 164 139.253 23.607 115.646 0.057331689
150 18 148 137.276 21.63 115.646 0.01076622
150 19 111 134.409 18.763 115.646 0.051299762
150 20 131 131.049 15.403 115.646 2.2477178e-07
150 21 144 127.85 12.204 115.646 0.024417133
150 22 125 125.431 9.786 115.645 1.7390183e-05
150 23 131 124.24 8.595 115.645 0.004278022
150 24 109 124.797 9.151 115.646 0.0233614
150 25 124 126.992 11.346 115.646 0.00083805554
150 26 147 131.189 15.543 115.646 0.023402826
150 27 116 137.059 21.414 115.645 0.041516919
150 28 135 143.037 27.392 115.645 0.0060469665
150 29 159 147.905 32.26 115.645 0.011524026
150 30 148 151.079 35.433 115.646 0.00088750131
150 31 146 152.191 36.546 115.645 0.0035881553
151 0 131 145.343 34.543 110.8 0.019258818
151 1 135 142.439 31.64 110.799 0.0051805842
151 2 112 138.126 27.327 110.799 0.063899207
151 3 138 133.017 22.218 110.799 0.0023245099
151 4 106 127.725 16.925 110.8 0.044184424
151 5 112 122.778 11.979 110.799 0.010874918
151 6 133 118.704 7.905 110.799 0.019132808
151 7 121 115.816 5.017 110.799 0.0025158203
151 8 107 113.91 3.11 110.8 0.0044699814
151 9 109 113.957 3.158 110.799 0.0023003158
151 10 136 116.285 5.485 110.8 0.036386743
151 11 98 119.738 8.939 110.799 0.044237318
151 12 102 123.78 12.98 110.8 0.044408425
151 13 126 127.855 17.055 110.8 0.00032213466
151 14 132 131.281 20.482 110.799 4.839577e-05
151 15 154 133.557 22.757 110.8 0.039123606
151 16 111 134.377 23.577 110.8 0.051159604
151 17 151 133.717 22.918 110.799 0.027963265
151 18 118 131.796 20.997 110.799 0.017817879
151 19 127 129.014 18.215 110.799 0.00037972444
151 20 127 125.755 14.956 110.799 0.00014510699
151 21 116 122.654 11.854 110.8 0.0041449111
151 22 123 120.311 9.512 110.799 0.00067691046
151 23 148 119.161 8.362 110.799 0.077859214
151 24 140 119.71 8.91 110.8 0.038540178
151 25 134 121.854 11.054 110.8 0.013810715
151 26 113 125.947 15.148 110.799 0.015692348
151 27 160 131.668 20.869 110.799 0.075145692
151 28 141 137.491 26.692 110.799 0.0011527002
151 29 141 142.23 31.43 110.8 0.0001416315
151 30 126 145.315 34.515 110.8 0.034925212
151 31 179 146.391 35.592 110.799 0.099546177
152 0 144 138.71 33.605 105.105 0.0026197567
152 1 129 135.879 30.774 105.105 0.0044299645
152 2 139 131.677 26.572 105.105 0.0050202771
152 3 115 126.702 21.598 105.104 0.012819462
152 4 134 121.551 16.447 105.104 0.014508368
152 5 120 116.74 11.635 105.105 0.00099491235
152 6 102 112.779 7.675 105.104 0.010876936
152 7 97 109.975 4.87 105.105 0.015760296
152 8 104 108.125 3.02 105.105 0.0015929331
152 9 103 108.176 3.071 105.105 0.0025080614
152 10 111 110.446 5.341 105.105 2.8732218e-05
152 11 110 113.805 8.7 105.105 0.0013553734
152 12 112 117.727 12.622 105.105 0.0030704639
152 13 129 121.675 16.57 105.105 0.0050230197
152 14 111 124.991 19.886 105.105 0.018325133
152 15 135 127.19 22.085 105.105 0.0057102049
152 16 108 127.979 22.874 105.105 0.037367764
152 17 120 127.334 22.229 105.105 0.0050353705
152 18 110 125.469 20.364 105.105 0.022401345
152 19 110 122.771 17.667 105.104 0.015268608
152 20 125 119.613 14.509 105.104 0.0027167118
152 21 121 116.609 11.505 105.104 0.0018049971
152 22 114 114.342 9.238 105.104 1.094969e-05
152 23 129 113.232 8.128 105.104 0.023275705
152 24 106 113.772 8.668 105.104 0.0056547734
152 25 119 115.865 10.76 105.105 0.00092007814
152 26 140 119.854 14.749 105.105 0.037995073
152 27 150 125.424 20.319 105.105 0.056542111
152 28 127 131.092 25.987 105.105 0.0015675481
152 29 142 135.7 30.595 105.105 0.0037156151
152 30 161 138.697 33.592 105.105 0.046566778
152 31 141 139.738 34.633 105.105 0.0001490968
153 0 113 137.774 32.664 105.11 0.05745686
153 1 128 135.016 29.905 105.111 0.0046081731
153 2 120 130.926 25.816 105.11 0.01117563
153 3 122 126.087 20.976 105.111 0.0015637197
153 4 128 121.078 15.968 105.11 0.0044855202
153 5 111 116.401 11.291 105.11 0.0027308508
153 6 117 112.554 7.444 105.11 0.0018504977
153 7 117 109.833 4.723 105.11 0.004808664
153 8 116 108.04 2.93 105.11 0.0059316533
153 9 106 108.094 2.984 105.11 0.00041049037
153 10 125 110.306 5.195 105.111 0.02021295
153 11 94 113.571 8.46 105.111 0.035857141
153 12 101 117.373 12.263 105.11 0.025096095
153 13 118 121.195 16.084 105.111 0.00095563346
153 14 138 124.402 19.291 105.111 0.017310105
153 15 134 126.525 21.414 105.111 0.005230847
153 16 134 127.282 22.172 105.11 0.0042250283
153 17 113 126.653 21.543 105.11 0.017450417
153 18 151 124.844 19.733 105.111 0.06404604
153 19 126 122.23 17.12 105.11 0.0013305534
153 20 127 119.172 14.062 105.11 0.0057365563
153 21 131 116.265 11.155 105.11 0.020325906
153 22 103 114.073 8.963 105.11 0.01147837
153 23 111 113.003 7.893 105.11 0.00037558784
153 24 96 113.534 8.424 105.11 0.028781381
153 25 123 115.574 10.464 105.11 0.0051624934
153 26 118 119.458 14.348 105.11 0.00019900531
153 27 137 124.877 19.767 105.11 0.01375846
153 28 136 130.388 25.278 105.11 0.0029483901
153 29 115 134.867 29.756 105.111 0.03694998
153 30 141 137.775 32.665 105.11 0.00097366388
153 31 144 138.78 33.67 105.11 0.0025508835
154 0 136 136.905 31.725 105.18 7.6673764e-05
154 1 153 134.219 29.039 105.18 0.033020759
154 2 130 130.241 25.061 105.18 5.4373052e-06
154 3 126 125.537 20.357 105.18 2.0068347e-05
154 4 117 120.67 15.49 105.18 0.0012609032
154 5 97 116.128 10.948 105.18 0.034252222
154 6 116 112.394 7.215 105.179 0.0012173097
154 7 117 109.757 4.577 105.18 0.0049111884
154 8 112 108.019 2.84 105.179 0.0014836586
154 9 113 108.076 2.897 105.179 0.0022697902
154 10 115 110.23 5.05 105.18 0.0021300332
154 11 105 113.4 8.22 105.18 0.006605538
154 12 133 117.084 11.904 105.18 0.023714692
154 13 130 120.781 15.601 105.18 0.0079564118
154 14 121 123.879 18.699 105.18 0.0007759486
154 15 122 125.927 20.748 105.179 0.0014436816
154 16 127 126.654 21.475 105.179 1.1207321e-05
154 17 122 126.04 20.861 105.179 0.0015279613
154 18 122 124.287 19.107 105.18 0.00048964571
154 19 125 121.757 16.577 105.18 0.00098456302
154 20 104 118.798 13.619 105.179 0.020500085
154 21 116 115.987 10.808 105.179 1.5821087e-08
154 22 91 113.87 8.69 105.18 0.048964571
154 23 130 112.838 7.658 105.18 0.027573089
154 24 107 113.36 8.18 105.18 0.0037867258
154 25 127 115.347 10.168 105.179 0.012712329
154 26 119 119.126 13.946 105.18 1.4862461e-06
154 27 128 124.394 19.215 105.179 0.0012173097
154 28 116 129.749 24.569 105.18 0.017696682
154 29 141 134.098 28.918 105.18 0.0044596372
154 30 127 136.918 31.739 105.179 0.0092086895
154 31 138 137.889 32.709 105.18 1.1534415e-06
155 0 130 130.927 30.797 100.13 8.0446859e-05
155 1 126 128.313 28.183 100.13 0.00050084217
155 2 137 124.447 24.316 100.131 0.014751789
155 3 117 119.876 19.746 100.13 0.00077433232
155 4 125 115.15 15.019 100.131 0.0090828488
155 5 116 110.741 10.61 100.131 0.0025891426
155 6 116 107.119 6.989 100.13 0.0073836884
155 7 101 104.563 4.433 100.13 0.001188451
155 8 120 102.881 2.751 100.13 0.027435091
155 9 96 102.941 2.81 100.131 0.0045101783
155 10 108 105.036 4.905 100.131 0.0008224434
155 11 103 108.114 7.983 100.131 0.0024483363
155 12 117 111.681 11.55 100.131 0.0026485587
155 13 112 115.255 15.124 100.131 0.00099186282
155 14 111 118.247 18.116 100.131 0.0049166144
155 15 128 120.222 20.091 100.131 0.0056635078
155 16 109 120.919 20.788 100.131 0.013299315
155 17 106 120.32 20.19 100.13 0.019197101
155 18 113 118.621 18.49 100.131 0.0029578544
155 19 140 116.173 16.043 100.13 0.053148175
155 20 107 113.313 13.182 100.131 0.0037309652
155 21 115 110.596 10.465 100.131 0.0018157006
155 22 113 108.551 8.42 100.131 0.0018529958
155 23 125 107.557 7.427 100.13 0.02848341
155 24 94 108.07 7.939 100.131 0.018532663
155 25 113 110.005 9.874 100.131 0.00083973698
155 26 105 113.68 13.549 100.131 0.0070532467
155 27 132 118.799 18.668 100.131 0.016314106
155 28 113 123.999 23.868 100.131 0.011325465
155 29 117 128.219 28.089 100.13 0.011783055
155 30 119 130.953 30.823 100.13 0.013375298
155 31 115 131.889 31.759 100.13 0.026702843
156 0 122 126.499 29.89 96.609 0.0018948796
156 1 108 123.956 27.347 96.609 0.023834041
156 2 107 120.198 23.589 96.609 0.016306692
156 3 110 115.758 19.149 96.609 0.0031037944
156 4 134 111.168 14.559 96.609 0.04880199
156 5 120 106.889 10.28 96.609 0.016092416
156 6 102 103.377 6.768 96.609 0.00017750783
156 7 102 100.901 4.292 96.609 0.00011306938
156 8 108 99.273 2.664 96.609 0.0071298366
156 9 99 99.335 2.726 96.609 1.0506045e-05
156 10 89 101.373 4.764 96.609 0.014331764
156 11 94 104.36 7.751 96.609 0.010047757
156 12 115 107.814 11.205 96.609 0.0048341937
156 13 116 111.268 14.659 96.609 0.0020962308
156 14 108 114.156 17.547 96.609 0.0035476997
156 15 110 116.06 19.451 96.609 0.0034379129
156 16 125 116.729 20.12 96.609 0.0064042115
156 17 131 116.145 19.536 96.609 0.020658317
156 18 88 114.499 17.89 96.609 0.065736805
156 19 111 112.132 15.523 96.609 0.00011996166
156 20 121 109.366 12.757 96.609 0.012670908
156 21 93 106.741 10.132 96.609 0.017676094
156 22 92 104.766 8.157 96.609 0.015256654
156 23 107 103.809 7.2 96.609 0.00095324214
156 24 120 104.312 7.703 96.609 0.023040123
156 25 98 106.197 9.588 96.609 0.0062901282
156 26 109 109.769 13.16 96.609 5.5360793e-05
156 27 136 114.742 18.133 96.609 0.042305266
156 28 115 119.792 23.183 96.609 0.0021497267
156 29 144 123.887 27.278 96.609 0.0378707
156 30 135 126.537 29.928 96.609 0.0067049926
156 31 108 127.44 30.831 96.609 0.035378722
157 0 131 126.672 29.018 97.654 0.0017535741
157 1 124 124.197 26.543 97.654 3.6331395e-06
157 2 110 120.543 22.889 97.654 0.010405861
157 3 122 116.229 18.575 97.654 0.0031178253
157 4 118 111.771 14.117 97.654 0.0036323383
157 5 111 107.617 9.963 97.654 0.0010714049
157 6 103 104.209 6.556 97.653 0.00013683658
157 7 98 101.81 4.157 97.653 0.0013589378
157 8 102 100.234 2.58 97.654 0.00029196515
157 9 113 100.298 2.645 97.653 0.015104065
157 10 92 102.281 4.628 97.653 0.0098951035
157 11 99 105.18 7.527 97.653 0.003575416
157 12 106 108.525 10.872 97.653 0.00059685988
157 13 97 111.865 14.212 97.653 0.02068614
157 14 119 114.654 17.001 97.653 0.0017681906
157 15 119 116.49 18.836 97.654 0.00058978954
157 16 117 117.131 19.477 97.654 1.6065425e-06
157 17 128 116.562 18.908 97.654 0.012247567
157 18 105 114.967 17.314 97.653 0.0092999056
157 19 111 112.676 15.023 97.653 0.00026296482
157 20 114 110.002 12.349 97.653 0.0014963569
157 21 113 107.465 9.811 97.654 0.0028680378
157 22 109 105.558 7.904 97.654 0.0011091017
157 23 101 104.636 6.982 97.654 0.0012376487
157 24 90 105.13 7.476 97.654 0.021430262
157 25 116 106.965 9.311 97.654 0.0076419807
157 26 125 110.44 12.786 97.654 0.019845972
157 27 124 115.272 17.618 97.654 0.0071314706
157 28 111 120.177 22.523 97.654 0.0078840812
157 29 127 124.152 26.498 97.654 0.00075932831
157 30 116 126.72 29.067 97.653 0.01075819
157 31 126 127.591 29.938 97.653 0.00023696815
158 0 114 123.691 28.189 95.502 0.0087919824
158 1 94 121.28 25.779 95.501 0.069668804
158 2 117 117.726 22.225 95.501 4.9342695e-05
158 3 136 113.531 18.03 95.501 0.047262546
158 4 115 109.198 13.697 95.501 0.0031514112
158 5 107 105.163 9.662 95.501 0.00031591332
158 6 89 101.855 6.354 95.501 0.015470124
158 7 93 99.529 4.028 95.501 0.0039906438
158 8 93 98.002 2.501 95.501 0.0023422702
158 9 95 98.068 2.567 95.501 0.00088117128
158 10 88 99.999 4.498 95.501 0.013478443
158 11 91 102.815 7.314 95.501 0.013068239
158 12 127 106.056 10.555 95.501 0.041064721
158 13 108 109.288 13.786 95.502 0.00015530354
158 14 114 111.983 16.481 95.502 0.00038085654
158 15 115 113.754 18.252 95.502 0.00014534018
158 16 130 114.368 18.867 95.501 0.022875928
158 17 129 113.813 18.312 95.501 0.021592037
158 18 104 112.267 16.766 95.501 0.0063980186
158 19 115 110.049 14.548 95.501 0.0022947505
158 20 100 107.462 11.961 95.501 0.0052126686
158 21 100 105.008 9.506 95.502 0.0023478928
158 22 111 103.165 7.663 95.502 0.0057468204
158 23 101 102.276 6.775 95.501 0.00015242316
158 24 102 102.761 7.26 95.501 5.4214934e-05
158 25 87 104.55 9.048 95.502 0.028833932
158 26 106 107.931 12.43 95.501 0.00034907132
158 27 112 112.63 17.128 95.502 3.7156151e-05
158 28 131 117.397 21.895 95.502 0.017322837
158 29 132 121.257 25.756 95.501 0.010804403
158 30 124 123.749 28.248 95.501 5.8978954e-06
158 31 142 124.59 29.089 95.501 0.028375738
159 0 115 121.558 27.41 94.148 0.0040261731
159 1 115 119.209 25.061 94.148 0.0016584694
159 2 124 115.747 21.599 94.148 0.0063763671
159 3 105 111.665 17.517 94.148 0.0041586266
159 4 91 107.449 13.301 94.148 0.025329617
159 5 112 103.526 9.378 94.148 0.0067224339
159 6 105 100.312 6.164 94.148 0.0020574289
159 7 111 98.055 3.907 94.148 0.0156875
159 8 93 96.574 2.426 94.148 0.0011958005
159 9 112 96.642 2.494 94.148 0.022081011
159 10 88 98.524 4.375 94.149 0.010368389
159 11 96 101.261 7.113 94.148 0.0025911122
159 12 91 104.406 10.258 94.148 0.016824728
159 13 128 107.535 13.387 94.148 0.039207858
159 14 105 110.141 15.993 94.148 0.0024742571
159 15 106 111.851 17.703 94.148 0.0032048656
159 16 126 112.441 18.293 94.148 0.017210954
159 17 106 111.899 17.751 94.148 0.003257665
159 18 121 110.399 16.25 94.149 0.010520667
159 19 103 108.249 14.101 94.148 0.0025793054
159 20 99 105.743 11.595 94.148 0.0042565324
159 21 83 103.368 9.22 94.148 0.038837064
159 22 100 101.585 7.437 94.148 0.00023518421
159 23 108 100.728 6.58 94.148 0.0049505946
159 24 132 101.204 7.056 94.148 0.088784723
159 25 98 102.949 8.801 94.148 0.0022928969
159 26 101 106.243 12.095 94.148 0.0025734121
159 27 114 110.816 16.668 94.148 0.00094906453
159 28 117 115.454 21.305 94.149 0.00022375286
159 29 124 119.207 25.059 94.148 0.002150624
159 30 110 121.627 27.479 94.148 0.012655665
159 31 115 122.439 28.291 94.148 0.0051805842
160 0 125 120.321 26.683 93.638 0.0020495368
160 1 107 118.028 24.39 93.638 0.011385265
160 2 123 114.654 21.016 93.638 0.0065208826
160 3 88 110.675 17.037 93.638 0.048133142
160 4 107 106.57 12.932 93.638 1.730958e-05
160 5 113 102.75 9.112 93.638 0.0098355206
160 6 117 99.624 5.986 93.638 0.028265016
160 7 108 97.431 3.793 93.638 0.010457248
160 8 98 95.994 2.356 93.638 0.00037671376
160 9 103 96.064 2.426 93.638 0.0045036828
160 10 103 97.899 4.261 93.638 0.0024359046
160 11 89 100.564 6.926 93.638 0.012518889
160 12 94 103.618 9.979 93.639 0.0086600255
160 13 120 106.651 13.013 93.638 0.016681961
160 14 92 109.174 15.536 93.638 0.027611661
160 15 108 110.827 17.189 93.638 0.00074817164
160 16 118 111.394 17.756 93.638 0.0040853264
160 17 118 110.865 17.227 93.638 0.0047658194
160 18 107 109.407 15.769 93.638 0.00054237767
160 19 98 107.322 13.684 93.638 0.0081351922
160 20 95 104.892 11.254 93.638 0.0091604717
160 21 99 102.59 8.951 93.639 0.0012065311
160 22 109 100.863 7.225 93.638 0.0061983808
160 23 99 100.035 6.397 93.638 0.00010028369
160 24 113 100.504 6.866 93.638 0.014618125
160 25 97 102.208 8.57 93.638 0.0025391688
160 26 127 105.421 11.782 93.639 0.043592548
160 27 96 109.877 16.238 93.639 0.01802772
160 28 105 114.393 20.755 93.638 0.0082595858
160 29 112 118.047 24.408 93.639 0.0034231786
160 30 125 120.399 26.761 93.638 0.0019817738
160 31 110 121.185 27.547 93.638 0.011711745
161 0 103 123.827 26.007 97.82 0.040607201
161 1 118 121.586 23.766 97.82 0.0012038439
161 2 116 118.292 20.472 97.82 0.00049178904
161 3 104 114.411 16.591 97.82 0.010146927
161 4 106 110.407 12.587 97.82 0.0018181752
161 5 102 106.685 8.865 97.82 0.0020547965
161 6 104 103.641 5.82 97.821 1.2065311e-05
161 7 123 101.507 3.687 97.82 0.043245777
161 8 112 100.11 2.29 97.82 0.013234677
161 9 87 100.182 2.362 97.82 0.016267179
161 10 116 101.975 4.155 97.82 0.018414306
161 11 101 104.572 6.752 97.82 0.0011944625
161 12 108 107.541 9.72 97.821 1.9723092e-05
161 13 115 110.485 12.665 97.82 0.0019083812
161 14 105 112.931 15.111 97.82 0.0058885114
161 15 126 114.531 16.71 97.821 0.012314045
161 16 111 115.076 17.256 97.82 0.0015553136
161 17 135 114.558 16.737 97.821 0.039119779
161 18 131 113.14 15.319 97.821 0.029861563
161 19 129 111.114 13.294 97.82 0.029948569
161 20 99 108.756 10.936 97.82 0.0089103181
161 21 86 106.521 8.701 97.82 0.039422727
161 22 92 104.847 7.027 97.82 0.015450875
161 23 94 104.047 6.226 97.821 0.0094497959
161 24 125 104.508 6.688 97.82 0.039311383
161 25 102 106.175 8.355 97.82 0.0016317837
161 26 116 109.312 11.491 97.821 0.0041873779
161 27 118 113.659 15.838 97.821 0.0017641244
161 28 119 118.063 20.243 97.82 8.2191859e-05
161 29 110 121.623 23.803 97.82 0.012646959
161 30 107 123.913 26.093 97.82 0.026778788
161 31 127 124.674 26.854 97.82 0.00050648786
162 0 130 118.543 25.376 93.167 0.01228829
162 1 122 116.352 23.184 93.168 0.0029863383
162 2 128 113.133 19.965 93.168 0.020691706
162 3 114 109.342 16.175 93.167 0.0020311808
162 4 101 105.433 12.266 93.167 0.0018396919
162 5 93 101.801 8.634 93.167 0.0072512631
162 6 103 98.833 5.665 93.168 0.0016255361
162 7 91 96.756 3.588 93.168 0.0031016386
162 8 86 95.396 2.229 93.167 0.0082648626
162 9 114 95.47 2.303 93.167 0.03214404
162 10 95 97.223 4.055 93.168 0.00046262441
162 11 84 99.756 6.589 93.167 0.023240291
162 12 111 102.646 9.479 93.167 0.0065333897
162 13 117 105.507 12.34 93.167 0.012365635
162 14 94 107.881 14.713 93.168 0.018038114
162 15 92 109.431 16.263 93.168 0.028444233
162 16 95 109.956 16.788 93.168 0.020940186
162 17 100 109.448 16.281 93.167 0.0083565957
162 18 82 108.067 14.9 93.167 0.063610927
162 19 108 106.098 12.93 93.168 0.00033866526
162 20 92 103.806 10.638 93.168 0.013048337
162 21 97 101.635 8.468 93.167 0.0020111715
162 22 108 100.01 6.843 93.167 0.0059764485
162 23 94 99.235 6.067 93.168 0.0025655648
162 24 122 99.69 6.522 93.168 0.046596014
162 25 103 101.321 8.154 93.167 0.00026390706
162 26 113 104.388 11.22 93.168 0.0069431679
162 27 112 108.633 15.466 93.167 0.0010612944
162 28 112 112.933 19.766 93.167 8.1491612e-05
162 29 125 116.407 23.239 93.168 0.0069125653
162 30 127 118.638 25.47 93.168 0.0065459088
162 31 131 119.376 26.208 93.168 0.012649135
163 0 110 119.448 24.786 94.662 0.0083565957
163 1 119 117.301 22.64 94.661 0.00027023175
163 2 114 114.153 19.491 94.662 2.1914546e-06
163 3 110 110.446 15.785 94.661 1.8621701e-05
163 4 100 106.626 11.964 94.662 0.0041101009
163 5 101 103.079 8.417 94.662 0.00040463049
163 6 111 100.182 5.52 94.662 0.010955787
163 7 112 98.157 3.495 94.662 0.017939489
163 8 97 96.833 2.171 94.662 2.6108539e-06
163 9 85 96.909 2.247 94.662 0.013277008
163 10 84 98.624 3.962 94.662 0.020020825
163 11 112 101.098 6.436 94.662 0.011126587
163 12 115 103.914 9.252 94.662 0.011505338
163 13 124 106.697 12.035 94.662 0.028028021
163 14 99 109.003 14.341 94.662 0.0093672079
163 15 117 110.506 15.844 94.662 0.0039479732
163 16 119 111.012 16.35 94.662 0.0059734569
163 17 97 110.514 15.852 94.662 0.017096903
163 18 113 109.168 14.506 94.662 0.0013746769
163 19 115 107.251 12.589 94.662 0.0056213541
163 20 100 105.021 10.359 94.662 0.0023600982
163 21 97 102.911 8.249 94.662 0.0032709322
163 22 95 101.331 6.669 94.662 0.0037522715
163 23 88 100.58 5.918 94.662 0.014815316
163 24 98 101.028 6.367 94.661 0.00085834398
163 25 99 102.628 7.966 94.662 0.0012322084
163 26 105 105.628 10.966 94.662 3.6920614e-05
163 27 104 109.779 15.117 94.662 0.0031264754
163 28 131 113.981 19.319 94.662 0.027115505
163 29 113 117.373 22.711 94.662 0.001790229
163 30 126 119.55 24.888 94.662 0.0038946555
163 31 123 120.266 25.604 94.662 0.00069975602
164 0 105 118.987 24.229 94.758 0.018314656
164 1 103 116.884 22.126 94.758 0.018045912
164 2 110 113.801 19.043 94.758 0.0013525252
164 3 104 110.174 15.417 94.757 0.0035684768
164 4 100 106.438 11.68 94.758 0.0038801773
164 5 80 102.97 8.213 94.757 0.049393706
164 6 110 100.14 5.383 94.757 0.0091013005
164 7 95 98.165 3.407 94.758 0.00093777155
164 8 117 96.875 2.117 94.758 0.037915903
164 9 89 96.951 2.194 94.757 0.0059182476
164 10 94 98.631 3.874 94.757 0.0020077017
164 11 107 101.05 6.292 94.758 0.0033142369
164 12 118 103.796 9.038 94.758 0.018887347
164 13 90 106.506 11.748 94.758 0.025505468
164 14 104 108.747 13.99 94.757 0.0021095416
164 15 110 110.206 15.449 94.757 3.9726844e-06
164 16 119 110.694 15.937 94.757 0.006458527
164 17 112 110.206 15.448 94.758 0.00030129679
164 18 88 108.892 14.135 94.757 0.040861063
164 19 113 107.025 12.267 94.758 0.0033421462
164 20 121 104.853 10.096 94.757 0.024408063
164 21 111 102.799 8.042 94.757 0.0062962686
164 22 102 101.263 6.506 94.757 5.0849256e-05
164 23 116 100.534 5.776 94.758 0.022392657
164 24 84 100.977 6.22 94.757 0.026981837
164 25 102 102.546 7.788 94.758 2.7908398e-05
164 26 128 105.484 10.727 94.757 0.047460478
164 27 110 109.546 14.788 94.758 1.9295735e-05
164 28 115 113.656 18.898 94.758 0.00016910177
164 29 135 116.972 22.214 94.758 0.03042599
164 30 114 119.097 24.339 94.758 0.0024320858
164 31 114 119.793 25.035 94.758 0.0031416419
165 0 123 115.059 23.702 91.357 0.0059033702
165 1 106 112.996 21.639 91.357 0.0045819382
165 2 130 109.976 18.619 91.357 0.037536286
165 3 104 106.425 15.068 91.357 0.00055052001
165 4 91 102.768 11.41 91.358 0.012964475
165 5 104 99.376 8.018 91.358 0.0020016368
165 6 83 96.609 5.252 91.357 0.017338122
165 7 86 94.681 3.324 91.357 0.007054872
165 8 93 93.423 2.065 91.358 1.67506e-05
165 9 99 93.501 2.143 91.358 0.0028308513
165 10 84 95.147 3.79 91.357 0.011632301
165 11 98 97.513 6.156 91.357 2.220279e-05
165 12 126 100.193 8.835 91.358 0.062348307
165 13 106 102.833 11.475 91.358 0.0009389571
165 14 121 105.014 13.656 91.358 0.023923749
165 15 117 106.43 15.073 91.357 0.010459227
165 16 111 106.902 15.544 91.358 0.0015721484
165 17 98 106.422 15.064 91.358 0.0066401838
165 18 104 105.14 13.782 91.358 0.00012166323
165 19 80 103.319 11.962 91.357 0.050906058
165 20 94 101.203 9.846 91.357 0.0048570934
165 21 91 99.203 7.845 91.358 0.00629934
165 22 105 97.708 6.35 91.358 0.004977863
165 23 95 97 5.642 91.358 0.00037446361
165 24 99 97.437 6.08 91.357 0.00022870075
165 25 91 98.977 7.619 91.358 0.0059570166
165 26 88 101.857 10.499 91.358 0.017975793
165 27 116 105.834 14.476 91.358 0.0096749746
165 28 115 109.856 18.499 91.357 0.0024771457
165 29 121 113.1 21.742 91.358 0.0058425684
165 30 114 115.176 23.818 91.358 0.00012946854
165 31 119 115.852 24.495 91.357 0.0009277246
166 0 120 115.326 23.198 92.128 0.0020451588
166 1 114 113.302 21.174 92.128 4.5610042e-05
166 2 107 110.341 18.213 92.128 0.001044967
166 3 98 106.862 14.734 92.128 0.0073521289
166 4 102 103.281 11.152 92.129 0.00015362004
166 5 103 99.961 7.833 92.128 0.00086459162
166 6 94 97.256 5.127 92.129 0.00099247235
166 7 69 95.372 3.244 92.128 0.06510821
166 8 89 94.144 2.016 92.128 0.0024771457
166 9 90 94.224 2.095 92.129 0.0016703114
166 10 92 95.838 3.71 92.128 0.0013789851
166 11 98 98.153 6.025 92.128 2.1914546e-06
166 12 69 100.77 8.642 92.128 0.094489609
166 13 126 103.343 11.215 92.128 0.048056754
166 14 117 105.466 13.338 92.128 0.012454019
166 15 132 106.843 14.715 92.128 0.059247131
166 16 99 107.298 15.169 92.129 0.0064460918
166 17 89 106.826 14.698 92.128 0.029747976
166 18 122 105.574 13.446 92.128 0.025258832
166 19 104 103.798 11.67 92.128 3.8199032e-06
166 20 110 101.736 9.607 92.129 0.0063933759
166 21 106 99.786 7.658 92.128 0.0036148653
166 22 101 98.33 6.202 92.128 0.0006673784
166 23 105 97.642 5.514 92.128 0.0050683803
166 24 90 98.075 5.946 92.129 0.0061042834
166 25 99 99.586 7.458 92.128 3.2147326e-05
166 26 98 102.411 10.282 92.129 0.0018214772
166 27 121 106.307 14.178 92.129 0.020210199
166 28 125 110.245 18.117 92.128 0.02038112
166 29 124 113.42 21.292 92.128 0.010479027
166 30 116 115.45 23.321 92.129 2.831881e-05
166 31 99 116.108 23.979 92.129 0.027399845
167 0 134 118.446 22.714 95.732 0.022648206
167 1 117 116.46 20.727 95.733 2.7298397e-05
167 2 113 113.556 17.824 95.732 2.8940045e-05
167 3 111 110.146 14.414 95.732 6.8275575e-05
167 4 112 106.637 10.905 95.732 0.0026925589
167 5 104 103.387 7.654 95.733 3.5177954e-05
167 6 91 100.74 5.007 95.733 0.0088811159
167 7 97 98.899 3.167 95.732 0.00033759776
167 8 93 97.701 1.968 95.733 0.0020688553
167 9 86 97.781 2.049 95.732 0.012993135
167 10 103 99.365 3.632 95.733 0.001236968
167 11 119 101.632 5.899 95.733 0.028238996
167 12 108 104.188 8.455 95.733 0.0013603649
167 13 94 106.697 10.965 95.732 0.015092176
167 14 113 108.765 13.032 95.733 0.0016790223
167 15 107 110.103 14.371 95.732 0.00090139091
167 16 130 110.542 14.81 95.732 0.035444269
167 17 103 110.079 14.346 95.733 0.0046913026
167 18 130 108.855 13.123 95.732 0.041856702
167 19 95 107.122 11.39 95.732 0.013756191
167 20 121 105.111 9.378 95.733 0.023634301
167 21 99 103.21 7.478 95.732 0.0016592576
167 22 99 101.792 6.059 95.733 0.00072976067
167 23 96 101.123 5.39 95.733 0.0024569614
167 24 94 101.55 5.818 95.732 0.0053363404
167 25 115 103.035 7.303 95.732 0.013402167
167 26 96 105.806 10.073 95.733 0.0090018838
167 27 114 109.624 13.892 95.732 0.0017926861
167 28 96 113.483 17.75 95.733 0.028614195
167 29 103 116.591 20.859 95.732 0.017292288
167 30 119 118.576 22.844 95.732 1.6829892e-05
167 31 120 119.217 23.484 95.733 5.7394879e-05
168 0 118 114.388 22.248 92.14 0.001221364
168 1 116 112.437 20.297 92.14 0.001188451
168 2 107 109.588 17.448 92.14 0.00062701534
168 3 105 106.245 14.105 92.14 0.00014510699
168 4 109 102.806 10.666 92.14 0.0035916336
168 5 91 99.622 7.482 92.14 0.0069593016
168 6 77 97.031 4.891 92.14 0.037562534
168 7 95 95.233 3.092 92.141 5.0823137e-06
168 8 88 94.062 1.922 92.14 0.0034401825
168 9 90 94.144 2.004 92.14 0.0016076412
168 10 94 95.698 3.558 92.14 0.00026991374
168 11 98 97.918 5.778 92.14 6.2947332e-07
168 12 95 100.416 8.275 92.141 0.0027460405
168 13 126 102.864 10.723 92.141 0.050110204
168 14 113 104.878 12.738 92.14 0.0061755493
168 15 114 106.179 14.039 92.14 0.0057263013
168 16 104 106.603 14.463 92.14 0.00063430474
168 17 110 106.148 14.008 92.14 0.0013890638
168 18 96 104.952 12.812 92.14 0.0075022196
168 19 93 103.26 11.12 92.14 0.0098547213
168 20 102 101.297 9.157 92.14 4.6265821e-05
168 21 100 99.444 7.304 92.14 2.8940045e-05
168 22 99 98.061 5.921 92.14 8.2543106e-05
168 23 104 97.411 5.271 92.14 0.004064327
168 24 106 97.834 5.694 92.14 0.0062426412
168 25 97 99.293 7.153 92.14 0.00049221827
168 26 92 102.012 9.872 92.14 0.0093840714
168 27 122 105.756 13.615 92.141 0.024702197
168 28 95 109.537 17.397 92.14 0.019783321
168 29 108 112.582 20.441 92.141 0.00196544
168 30 127 114.524 22.384 92.14 0.014571369
168 31 120 115.147 23.007 92.14 0.0022048051
169 0 118 116.271 21.797 94.474 0.00027985921
169 1 116 114.355 19.88 94.475 0.00025332697
169 2 110 111.56 17.085 94.475 0.00022782366
169 3 106 108.281 13.806 94.475 0.00048707988
169 4 83 104.909 10.435 94.474 0.044936033
169 5 98 101.79 7.316 94.474 0.0013447082
169 6 95 99.254 4.779 94.475 0.0016941217
169 7 102 97.495 3.021 94.474 0.0018999371
169 8 105 96.352 1.878 94.474 0.007001337
169 9 92 96.435 1.961 94.474 0.0018413522
169 10 95 97.96 3.485 94.475 0.00082022508
169 11 92 100.135 5.66 94.475 0.0061953342
169 12 95 102.576 8.102 94.474 0.0053731573
169 13 99 104.965 10.49 94.475 0.0033309685
169 14 112 106.928 12.453 94.475 0.0024082863
169 15 108 108.193 13.719 94.474 3.4870987e-06
169 16 114 108.603 14.129 94.474 0.0027268074
169 17 118 108.155 13.68 94.475 0.00907363
169 18 112 106.986 12.511 94.475 0.0023535221
169 19 88 105.334 10.859 94.475 0.028128541
169 20 110 103.418 8.944 94.474 0.0040556959
169 21 101 101.61 7.136 94.474 3.4834477e-05
169 22 111 100.263 5.788 94.475 0.010792338
169 23 102 99.63 5.156 94.474 0.00052583116
169 24 99 100.048 5.573 94.475 0.00010281872
169 25 112 101.483 7.008 94.475 0.010354601
169 26 103 104.151 9.677 94.474 0.00012402244
169 27 109 107.823 13.348 94.475 0.00012968882
169 28 109 111.529 17.055 94.474 0.00059875242
169 29 105 114.512 20.038 94.474 0.008470193
169 30 139 116.413 21.938 94.475 0.047760265
169 31 118 117.02 22.545 94.475 8.9908712e-05
170 0 120 116.494 21.359 95.135 0.00115073
170 1 132 114.611 19.476 95.135 0.028307325
170 2 107 111.868 16.733 95.135 0.0022184557
170 3 109 108.651 13.516 95.135 1.140251e-05
170 4 105 105.346 10.211 95.135 1.1207321e-05
170 5 80 102.289 7.154 95.135 0.046508335
170 6 97 99.806 4.671 95.135 0.00073709753
170 7 88 98.086 2.951 95.135 0.0095233019
170 8 107 96.97 1.834 95.136 0.0094178439
170 9 117 97.054 1.918 95.136 0.037244423
170 10 78 98.55 3.415 95.135 0.039534229
170 11 88 100.681 5.546 95.135 0.015054163
170 12 92 103.068 7.933 95.135 0.011468006
170 13 121 105.399 10.264 95.135 0.022785287
170 14 89 107.312 12.177 95.135 0.031392159
170 15 110 108.544 13.408 95.136 0.00019845972
170 16 100 108.939 13.804 95.135 0.0074804461
170 17 121 108.499 13.363 95.136 0.014629825
170 18 129 107.355 12.22 95.135 0.043859614
170 19 101 105.742 10.607 95.135 0.0021051
170 20 103 103.872 8.737 95.135 7.1184034e-05
170 21 102 102.108 6.973 95.135 1.0919359e-06
170 22 106 100.794 5.659 95.135 0.002537219
170 23 102 100.179 5.043 95.136 0.00031043417
170 24 122 100.592 5.456 95.136 0.042904398
170 25 105 102.002 6.867 95.135 0.0008414201
170 26 93 104.622 9.487 95.135 0.012644783
170 27 104 108.223 13.088 95.135 0.0016695206
170 28 124 111.858 16.723 95.135 0.01380162
170 29 125 114.781 19.646 95.135 0.0097761177
170 30 101 116.641 21.506 95.135 0.022902277
170 31 111 117.232 22.097 95.135 0.0036358379
171 0 119 116.556 20.932 95.624 0.00055918051
171 1 120 114.706 19.083 95.623 0.0026237201
171 2 110 112.014 16.39 95.624 0.00037972444
171 3 119 108.858 13.234 95.624 0.009629347
171 4 107 105.616 9.992 95.624 0.00017931714
171 5 105 102.621 6.997 95.624 0.00052983239
171 6 102 100.189 4.565 95.624 0.00030703404
171 7 106 98.507 2.883 95.624 0.0052560694
171 8 106 97.416 1.792 95.624 0.0068980929
171 9 99 97.501 1.877 95.624 0.00021035502
171 10 112 98.97 3.346 95.624 0.015894192
171 11 103 101.058 5.434 95.624 0.00035305964
171 12 100 103.392 7.768 95.624 0.0010771131
171 13 109 105.668 10.044 95.624 0.0010393447
171 14 98 107.532 11.909 95.623 0.0085058494
171 15 83 108.73 13.107 95.623 0.061976807
171 16 109 109.113 13.489 95.624 1.1953814e-06
171 17 116 108.679 13.055 95.624 0.0050175353
171 18 120 107.561 11.937 95.624 0.014485069
171 19 111 105.985 10.361 95.624 0.002354461
171 20 102 104.16 8.536 95.624 0.00043677435
171 21 95 102.439 6.815 95.624 0.0051805842
171 22 104 101.157 5.533 95.624 0.00075666447
171 23 104 100.558 4.934 95.624 0.0011091017
171 24 98 100.966 5.342 95.624 0.00082355369
171 25 96 102.353 6.729 95.624 0.0037783948
171 26 91 104.926 9.302 95.624 0.018155257
171 27 114 108.458 12.835 95.623 0.0028752967
171 28 105 112.022 16.398 95.624 0.0046160582
171 29 105 114.887 19.263 95.624 0.0091512136
171 30 109 116.708 21.084 95.624 0.0055620263
171 31 116 117.284 21.66 95.624 0.00015434042
172 0 111 114.508 20.514 93.994 0.0011520433
172 1 113 112.691 18.697 93.994 8.9385399e-06
172 2 106 110.048 16.054 93.994 0.0015340186
172 3 106 106.952 12.958 93.994 8.4844466e-05
172 4 109 103.773 9.779 93.994 0.0025577296
172 5 117 100.837 6.843 93.994 0.024456459
172 6 98 98.456 4.462 93.994 1.9466116e-05
172 7 89 96.811 2.817 93.994 0.0057116673
172 8 104 95.745 1.751 93.994 0.0063794579
172 9 100 95.831 1.837 93.994 0.0016270969
172 10 100 97.273 3.279 93.994 0.00069617737
172 11 96 99.319 5.325 93.994 0.0010312504
172 12 112 101.601 7.607 93.994 0.010123549
172 13 82 103.822 9.828 93.994 0.044579863
172 14 100 105.64 11.646 93.994 0.0029778844
172 15 106 106.806 12.812 93.994 6.081626e-05
172 16 103 107.175 13.181 93.994 0.0016317837
172 17 101 106.749 12.755 93.994 0.0030940993
172 18 101 105.655 11.661 93.994 0.0020285653
172 19 104 104.116 10.122 93.994 1.2596956e-06
172 20 119 102.334 8.34 93.994 0.026002337
172 21 104 100.654 6.66 93.994 0.001048097
172 22 115 99.404 5.41 93.994 0.022770684
172 23 105 98.821 4.827 93.994 0.003574259
172 24 89 99.225 5.231 93.994 0.009787601
172 25 102 100.589 6.595 93.994 0.00018638186
172 26 119 103.115 9.121 93.994 0.023622402
172 27 87 106.58 12.586 93.994 0.035890127
172 28 97 110.075 16.08 93.995 0.016004165
172 29 132 112.882 18.888 93.994 0.034216418
172 30 96 114.665 20.671 93.994 0.032614116
172 31 109 115.226 21.232 93.994 0.0036288403
173 0 115 117.403 20.101 97.302 0.0005405765
173 1 116 115.618 18.316 97.302 1.3660807e-05
173 2 104 113.024 15.722 97.302 0.007623384
173 3 103 109.987 12.685 97.302 0.0045701569
173 4 110 106.87 9.568 97.302 0.00091714562
173 5 124 103.993 6.691 97.302 0.037472578
173 6 110 101.662 4.36 97.302 0.0065083875
173 7 96 100.053 2.751 97.302 0.0015378105
173 8 84 99.013 1.711 97.302 0.021100104
173 9 108 99.099 1.797 97.302 0.007416982
173 10 102 100.514 3.212 97.302 0.00020672226
173 11 94 102.519 5.216 97.303 0.0067940206
173 12 112 104.75 7.448 97.302 0.0049206858
173 13 105 106.918 9.616 97.302 0.00034438706
173 14 107 108.69 11.388 97.302 0.00026737638
173 15 126 109.824 12.522 97.302 0.024495815
173 16 105 110.18 12.878 97.302 0.0025119393
173 17 118 109.761 12.459 97.302 0.0063547523
173 18 98 108.692 11.389 97.303 0.010702064
173 19 107 107.188 9.886 97.302 3.3087604e-06
173 20 99 105.449 8.147 97.302 0.003893448
173 21 111 103.81 6.508 97.302 0.004839577
173 22 100 102.591 5.288 97.303 0.00062846985
173 23 111 102.024 4.721 97.303 0.0075424999
173 24 99 102.422 5.12 97.302 0.0010962501
173 25 114 103.763 6.461 97.302 0.0098105878
173 26 97 106.243 8.941 97.302 0.0079978919
173 27 103 109.642 12.34 97.302 0.0041299745
173 28 115 113.068 15.766 97.302 0.00034943296
173 29 116 115.819 18.517 97.302 3.0669505e-06
173 30 112 117.565 20.262 97.303 0.0028992119
173 31 113 118.111 20.809 97.302 0.0024454646
174 0 134 114.136 19.688 94.448 0.036938822
174 1 124 112.383 17.935 94.448 0.012633905
174 2 108 109.838 15.391 94.447 0.00031625736
174 3 96 106.86 12.413 94.447 0.011041022
174 4 119 103.806 9.358 94.448 0.021611946
174 5 97 100.988 6.54 94.448 0.0014888808
174 6 88 98.706 4.258 94.448 0.010730108
174 7 105 97.134 2.686 94.448 0.0057923862
174 8 90 96.118 1.67 94.448 0.0035040361
174 9 86 96.205 1.757 94.448 0.0097493495
174 10 81 97.593 3.145 94.448 0.025775046
174 11 93 99.556 5.108 94.448 0.0040237178
174 12 107 101.736 7.289 94.447 0.0025940682
174 13 116 103.852 9.404 94.448 0.013815264
174 14 103 105.578 11.13 94.448 0.00062217914
174 15 94 106.681 12.233 94.448 0.015054163
174 16 122 107.025 12.578 94.447 0.020993424
174 17 99 106.613 12.165 94.448 0.0054257688
174 18 119 105.568 11.12 94.448 0.016890052
174 19 96 104.1 9.652 94.448 0.0061421393
174 20 110 102.403 7.955 94.448 0.0054029864
174 21 97 100.804 6.357 94.447 0.001354661
174 22 105 99.615 5.168 94.447 0.002714695
174 23 95 99.064 4.616 94.448 0.0015461692
174 24 94 99.458 5.01 94.448 0.0027887956
174 25 108 100.775 6.328 94.447 0.0048868086
174 26 109 103.209 8.761 94.448 0.003139473
174 27 89 106.541 12.093 94.448 0.028804366
174 28 115 109.898 15.451 94.447 0.0024368597
174 29 112 112.593 18.146 94.447 3.2919938e-05
174 30 110 114.301 19.854 94.447 0.0017317632
174 31 122 114.833 20.386 94.447 0.004808664
175 0 107 112.721 19.269 93.452 0.0030640336
175 1 109 111.002 17.55 93.452 0.00037521291
175 2 115 108.507 15.055 93.452 0.0039467574
175 3 124 105.59 12.137 93.453 0.03172906
175 4 102 102.598 9.146 93.452 3.3477421e-05
175 5 98 99.84 6.388 93.452 0.000316946
175 6 89 97.609 4.156 93.453 0.0069383314
175 7 114 96.073 2.621 93.452 0.030086028
175 8 79 95.082 1.63 93.452 0.024211948
175 9 74 95.169 1.717 93.452 0.041951772
175 10 104 96.53 3.077 93.453 0.0052238516
175 11 107 98.451 4.998 93.453 0.0068419557
175 12 79 100.58 7.128 93.452 0.043596588
175 13 103 102.643 9.191 93.452 1.1931253e-05
175 14 107 104.323 10.871 93.452 0.00067088235
175 15 102 105.395 11.943 93.452 0.0010790192
175 16 113 105.727 12.275 93.452 0.0049519562
175 17 96 105.323 11.87 93.453 0.0081369377
175 18 108 104.301 10.849 93.452 0.001280909
175 19 90 102.87 9.417 93.453 0.015506248
175 20 121 101.215 7.763 93.452 0.036645591
175 21 98 99.657 6.204 93.453 0.00025703641
175 22 86 98.498 5.046 93.452 0.014622804
175 23 105 97.962 4.51 93.452 0.004637118
175 24 79 98.35 4.898 93.452 0.0350519
175 25 115 99.644 6.192 93.452 0.02207526
175 26 85 102.03 8.578 93.452 0.027150568
175 27 126 105.294 11.842 93.452 0.040136735
175 28 116 108.583 15.13 93.453 0.0051499876
175 29 105 111.22 17.768 93.452 0.0036218494
175 30 117 112.89 19.438 93.452 0.0015813692
175 31 131 113.408 19.956 93.452 0.028972105
176 0 104 113.486 18.836 94.65 0.0084239516
176 1 111 111.801 17.151 94.65 6.0064056e-05
176 2 116 109.358 14.709 94.649 0.0041299745
176 3 95 106.504 11.854 94.65 0.012389317
176 4 102 103.577 8.928 94.649 0.0002328161
176 5 86 100.881 6.232 94.649 0.020730695
176 6 93 98.701 4.052 94.649 0.003042648
176 7 112 97.204 2.554 94.65 0.020494544
176 8 110 96.238 1.588 94.65 0.017730163
176 9 100 96.325 1.676 94.649 0.0012643413
176 10 83 97.657 3.007 94.65 0.020111284
176 11 100 99.534 4.885 94.649 2.0329255e-05
176 12 104 101.612 6.962 94.65 0.0005338488
176 13 103 103.62 8.971 94.649 3.5985952e-05
176 14 85 105.255 10.606 94.649 0.03840733
176 15 110 106.296 11.646 94.65 0.0012843742
176 16 104 106.616 11.966 94.65 0.0006406563
176 17 110 106.219 11.569 94.65 0.0013383293
176 18 99 105.222 10.573 94.649 0.003624179
176 19 106 103.827 9.178 94.649 0.00044204764
176 20 98 102.215 7.566 94.649 0.0016632012
176 21 119 100.698 6.049 94.649 0.031357882
176 22 100 99.571 4.921 94.65 1.7229164e-05
176 23 92 99.05 4.401 94.649 0.0046529443
176 24 101 99.433 4.783 94.65 0.00022987282
176 25 108 100.702 6.052 94.65 0.0049860582
176 26 109 103.038 8.389 94.649 0.0033276188
176 27 97 106.232 11.582 94.65 0.0079788668
176 28 121 109.448 14.798 94.65 0.012492921
176 29 124 112.027 17.377 94.65 0.013420095
176 30 105 113.658 19.008 94.65 0.0070175382
176 31 122 114.161 19.511 94.65 0.0057526897
177 0 118 110.084 18.381 91.703 0.0058662585
177 1 117 108.436 16.733 91.703 0.0068659864
177 2 114 106.049 14.346 91.703 0.0059182476
177 3 107 103.26 11.557 91.703 0.0013094618
177 4 82 100.403 8.7 91.703 0.031704936
177 5 117 97.772 6.069 91.703 0.034611295
177 6 89 95.647 3.943 91.704 0.0041361948
177 7 98 94.188 2.485 91.703 0.0013603649
177 8 90 93.248 1.545 91.703 0.00098760133
177 9 107 93.336 1.632 91.704 0.017478547
177 10 91 94.637 2.933 91.704 0.0012383295
177 11 89 96.469 4.765 91.704 0.005222453
177 12 93 98.492 6.788 91.704 0.0028236488
177 13 115 100.445 8.741 91.704 0.019832344
177 14 111 102.032 10.328 91.704 0.0075290611
177 15 101 103.04 11.337 91.703 0.00038959194
177 16 112 103.348 11.645 91.703 0.0070078153
177 17 99 102.959 11.256 91.703 0.0014673058
177 18 86 101.989 10.286 91.703 0.023932729
177 19 106 100.632 8.928 91.704 0.0026975819
177 20 103 99.065 7.361 91.704 0.0014495697
177 21 97 97.59 5.887 91.703 3.2587695e-05
177 22 85 96.495 4.791 91.704 0.012369939
177 23 77 95.99 4.286 91.704 0.033759776
177 24 96 96.366 4.663 91.703 1.2540412e-05
177 25 93 97.608 5.905 91.703 0.0019878086
177 26 91 99.892 8.189 91.703 0.0074019906
177 27 97 103.011 11.308 91.703 0.0033825411
177 28 104 106.151 14.448 91.703 0.00043314215
177 29 134 108.668 16.965 91.703 0.060074281
177 30 107 110.258 18.555 91.703 0.00099369198
177 31 106 110.747 19.043 91.704 0.0021095416
178 0 108 110.242 17.894 92.348 0.00047056632
178 1 109 108.634 16.286 92.348 1.2540412e-05
178 2 99 106.307 13.959 92.348 0.0049983635
178 3 103 103.589 11.241 92.348 3.2477322e-05
178 4 115 100.806 8.458 92.348 0.018860762
178 5 111 98.245 5.897 92.348 0.015230373
178 6 101 96.177 3.829 92.348 0.0021776303
178 7 80 94.76 2.411 92.349 0.020394936
178 8 95 93.848 1.499 92.349 0.00012423804
178 9 81 93.935 1.586 92.349 0.015663272
178 10 108 95.203 2.854 92.349 0.01533084
178 11 100 96.986 4.638 92.348 0.0008504252
178 12 92 98.952 6.603 92.349 0.004524485
178 13 100 100.846 8.498 92.348 6.7002398e-05
178 14 102 102.383 10.035 92.348 1.3732423e-05
178 15 89 103.359 11.01 92.349 0.019301809
178 16 99 103.654 11.306 92.348 0.0020276938
178 17 90 103.274 10.926 92.348 0.016495035
178 18 120 102.331 9.983 92.348 0.029226282
178 19 109 101.014 8.666 92.348 0.0059704661
178 20 100 99.494 7.146 92.348 2.3969041e-05
178 21 104 98.064 5.715 92.349 0.0032986589
178 22 100 97.002 4.654 92.348 0.0008414201
178 23 88 96.513 4.165 92.348 0.0067844538
178 24 102 96.882 4.534 92.348 0.0024521678
178 25 93 98.095 5.747 92.348 0.0024301775
178 26 109 100.323 7.974 92.349 0.007048372
178 27 100 103.362 11.014 92.348 0.0010581447
178 28 99 106.421 14.072 92.349 0.0051555439
178 29 119 108.871 16.523 92.348 0.009604677
178 30 103 110.418 18.07 92.348 0.0051513764
178 31 112 110.891 18.542 92.349 0.00011513642
179 0 100 104.233 17.369 86.864 0.0016774368
179 1 113 102.668 15.804 86.864 0.0099935184
179 2 87 100.406 13.542 86.864 0.016824728
179 3 86 97.765 10.901 86.864 0.012957866
179 4 107 95.062 8.198 86.864 0.013341749
179 5 85 92.576 5.712 86.864 0.0053731573
179 6 82 90.57 3.706 86.864 0.0068756105
179 7 101 89.198 2.333 86.865 0.013039497
179 8 92 88.315 1.451 86.864 0.0012712314
179 9 102 88.401 1.537 86.864 0.017312651
179 10 91 89.634 2.769 86.865 0.00017468315
179 11 80 91.364 4.5 86.864 0.012089604
179 12 108 93.268 6.404 86.864 0.02031763
179 13 91 95.101 8.236 86.865 0.001574451
179 14 103 96.586 9.722 86.864 0.0038513016
179 15 84 97.526 10.662 86.864 0.01712728
179 16 103 97.809 10.945 86.864 0.0025226191
179 17 106 97.439 10.575 86.864 0.0068611769
179 18 92 96.525 9.661 86.864 0.0019168441
179 19 89 95.251 8.387 86.864 0.0036580414
179 20 81 93.78 6.916 86.864 0.015290135
179 21 92 92.397 5.533 86.864 1.4754709e-05
179 22 75 91.371 4.507 86.864 0.025089964
179 23 68 90.9 4.036 86.864 0.049093115
179 24 83 91.26 4.396 86.864 0.0063871883
179 25 93 92.441 5.577 86.864 2.925319e-05
179 26 106 94.607 7.743 86.864 0.012151386
179 27 117 97.56 10.696 86.864 0.035378722
179 28 103 100.53 13.666 86.864 0.00057114125
179 29 108 102.909 16.045 86.864 0.0024263632
179 30 122 104.409 17.545 86.864 0.028968812
179 31 110 104.866 18.002 86.864 0.0024675238
180 0 122 106.949 16.803 90.146 0.021207054
180 1 110 105.432 15.286 90.146 0.0019534478
180 2 119 103.24 13.094 90.146 0.023252093
180 3 105 100.683 10.537 90.146 0.0017446717
180 4 100 98.066 7.92 90.146 0.0003501568
180 5 98 95.661 5.515 90.146 0.0005121652
180 6 106 93.722 3.576 90.146 0.01411253
180 7 87 92.397 2.25 90.147 0.0027268074
180 8 92 91.546 1.399 90.147 1.9295735e-05
180 9 80 91.631 1.484 90.147 0.012664374
180 10 72 92.824 2.678 90.146 0.040595504
180 11 102 94.498 4.352 90.146 0.0052687033
180 12 95 96.337 6.19 90.147 0.00016734488
180 13 108 98.103 7.957 90.146 0.0091697346
180 14 97 99.533 9.386 90.147 0.00060064796
180 15 101 100.437 10.29 90.147 2.9673339e-05
180 16 97 100.707 10.56 90.147 0.0012864556
180 17 102 100.347 10.201 90.146 0.00025579693
180 18 92 99.465 9.319 90.146 0.0052168608
180 19 96 98.236 8.089 90.147 0.00046805105
180 20 101 96.818 6.672 90.146 0.0016372601
180 21 94 95.485 5.339 90.146 0.00020644413
180 22 94 94.496 4.35 90.146 2.303101e-05
180 23 105 94.043 3.897 90.146 0.011239137
180 24 84 94.395 4.248 90.147 0.010115762
180 25 97 95.54 5.394 90.146 0.00019955166
180 26 84 97.639 7.493 90.146 0.017414647
180 27 92 100.498 10.352 90.146 0.0067605663
180 28 96 103.373 13.227 90.146 0.0050890661
180 29 119 105.675 15.529 90.146 0.01662203
180 30 104 107.125 16.979 90.146 0.00091421779
180 31 105 107.564 17.418 90.146 0.00061543992
181 0 89 103.976 16.198 87.778 0.020996228
181 1 86 102.511 14.732 87.779 0.025520923
181 2 115 100.394 12.616 87.778 0.01997157
181 3 106 97.927 10.148 87.779 0.0061012599
181 4 109 95.402 7.624 87.778 0.017310105
181 5 94 93.084 5.306 87.778 7.8548984e-05
181 6 106 91.216 3.438 87.778 0.020461315
181 7 93 89.941 2.163 87.778 0.00087600902
181 8 91 89.123 1.345 87.778 0.0003298209
181 9 97 89.207 1.428 87.779 0.0056853732
181 10 69 90.359 2.58 87.779 0.042708218
181 11 81 91.972 4.193 87.779 0.01126993
181 12 94 93.741 5.963 87.778 6.2798483e-06
181 13 90 95.438 7.659 87.779 0.0027683948
181 14 96 96.809 9.031 87.778 6.1269829e-05
181 15 78 97.675 9.897 87.778 0.036239242
181 16 96 97.931 10.153 87.778 0.00034907132
181 17 110 97.584 9.806 87.778 0.014431552
181 18 127 96.735 8.957 87.778 0.085749378
181 19 102 95.553 7.775 87.778 0.0038910334
181 20 104 94.192 6.413 87.779 0.0090055561
181 21 93 92.911 5.133 87.778 7.4153156e-07
181 22 83 91.962 4.184 87.778 0.0075189899
181 23 99 91.528 3.749 87.779 0.0052266492
181 24 96 91.869 4.091 87.778 0.0015975704
181 25 90 92.977 5.199 87.778 0.00082967364
181 26 85 95.004 7.225 87.779 0.0093690809
181 27 78 97.762 9.984 87.778 0.03656044
181 28 117 100.535 12.757 87.778 0.025378917
181 29 98 102.755 14.976 87.779 0.0021166579
181 30 93 104.151 16.373 87.778 0.011640651
181 31 99 104.573 16.795 87.778 0.0029075535
182 0 113 100.663 15.565 85.098 0.014248487
182 1 93 99.252 14.153 85.099 0.0036592119
182 2 87 97.215 12.117 85.098 0.0097684659
182 3 108 94.841 9.743 85.098 0.016210462
182 4 96 92.414 7.316 85.098 0.0012038439
182 5 94 90.186 5.088 85.098 0.0013617927
182 6 95 88.393 3.294 85.099 0.0040865634
182 7 87 87.17 2.071 85.099 2.7054996e-06
182 8 84 86.387 1.288 85.099 0.00053340178
182 9 81 86.469 1.37 85.099 0.002800048
182 10 89 87.577 2.478 85.099 0.00018956555
182 11 83 89.127 4.028 85.099 0.003514353
182 12 101 90.823 5.724 85.099 0.0096959233
182 13 79 92.448 7.349 85.099 0.016930314
182 14 90 93.76 8.661 85.099 0.0013235042
182 15 100 94.586 9.487 85.099 0.0027440128
182 16 93 94.829 9.73 85.099 0.00031316775
182 17 87 94.494 9.395 85.099 0.0052574724
182 18 85 93.679 8.581 85.098 0.0070516216
182 19 82 92.547 7.449 85.098 0.010413759
182 20 97 91.243 6.145 85.098 0.0031027164
182 21 99 90.018 4.919 85.099 0.0075525868
182 22 86 89.109 4.01 85.099 0.00090488016
182 23 91 88.694 3.596 85.098 0.00049781529
182 24 100 89.025 3.926 85.099 0.011276094
182 25 96 90.092 4.994 85.098 0.0032676129
182 26 85 92.043 6.945 85.098 0.004643709
182 27 98 94.696 9.598 85.098 0.0010219501
182 28 92 97.363 12.264 85.099 0.0026925589
182 29 84 99.495 14.397 85.098 0.022476712
182 30 93 100.837 15.738 85.099 0.0057497547
182 31 122 101.24 16.141 85.099 0.040346357
183 0 105 103.33 14.918 88.412 0.00026108539
183 1 86 101.974 13.562 88.412 0.023887846
183 2 110 100.019 11.607 88.412 0.0093260499
183 3 99 97.742 9.329 88.413 0.00014815316
183 4 85 95.414 7.001 88.413 0.010152775
183 5 95 93.279 4.866 88.413 0.00027727542
183 6 93 91.561 3.148 88.413 0.00019385241
183 7 83 90.391 1.979 88.412 0.0051139447
183 8 109 89.643 1.23 88.413 0.035077265
183 9 88 89.723 1.311 88.412 0.00027792024
183 10 94 90.786 2.374 88.412 0.00096703316
183 11 83 92.271 3.859 88.412 0.0080464216
183 12 107 93.894 5.482 88.412 0.016080145
183 13 108 95.446 7.033 88.413 0.014754139
183 14 88 96.697 8.284 88.413 0.0070809017
183 15 111 97.484 9.071 88.413 0.017101964
183 16 104 97.713 9.3 88.413 0.0037002967
183 17 109 97.391 8.978 88.413 0.01261651
183 18 99 96.612 8.199 88.413 0.0005338488
183 19 112 95.53 7.117 88.413 0.025394334
183 20 95 94.285 5.872 88.413 4.7858789e-05
183 21 100 93.114 4.702 88.412 0.0044389848
183 22 84 92.247 3.834 88.413 0.0063670991
183 23 87 91.852 3.439 88.413 0.0022038966
183 24 85 92.171 3.758 88.413 0.0048140331
183 25 67 93.197 4.785 88.412 0.064246984
183 26 89 95.071 6.658 88.413 0.0034504051
183 27 94 97.616 9.203 88.413 0.0012240706
183 28 90 100.172 11.76 88.412 0.0096863984
183 29 100 102.217 13.804 88.413 0.00046013049
183 30 100 103.502 15.089 88.413 0.0011481058
183 31 107 103.886 15.473 88.413 0.00090779302
184 0 98 96.472 14.276 82.196 0.00021857291
184 1 107 95.171 12.975 82.196 0.013099228
184 2 96 93.297 11.101 82.196 0.00068397734
184 3 95 91.115 8.919 82.196 0.0014129659
184 4 80 88.886 6.69 82.196 0.0073920048
184 5 97 86.843 4.647 82.196 0.0096578516
184 6 109 85.2 3.004 82.196 0.053027791
184 7 84 84.083 1.887 82.196 6.4491994e-07
184 8 101 83.369 1.173 82.196 0.029100705
184 9 71 83.448 1.252 82.196 0.014506037
184 10 83 84.466 2.27 82.196 0.00020119518
184 11 82 85.887 3.691 82.196 0.001414421
184 12 96 87.437 5.241 82.196 0.0068643831
184 13 94 88.917 6.72 82.197 0.0024187437
184 14 75 90.108 7.912 82.196 0.021367985
184 15 89 90.855 8.659 82.196 0.00032213466
184 16 99 91.071 8.875 82.196 0.0058855419
184 17 75 90.762 8.566 82.196 0.023257995
184 18 89 90.018 7.821 82.197 9.7016405e-05
184 19 84 88.986 6.79 82.196 0.0023273097
184 20 77 87.798 5.602 82.196 0.010915315
184 21 85 86.683 4.487 82.196 0.00026516601
184 22 76 85.856 3.66 82.196 0.0090939176
184 23 86 85.481 3.284 82.197 2.5216473e-05
184 24 89 85.788 3.592 82.196 0.00096583001
184 25 84 86.773 4.577 82.196 0.00071986219
184 26 94 88.569 6.373 82.196 0.0027612723
184 27 81 91.007 8.811 82.196 0.009374701
184 28 93 93.455 11.259 82.196 1.9380832e-05
184 29 99 95.412 13.216 82.196 0.0012051871
184 30 94 96.641 14.445 82.196 0.00065295977
184 31 94 97.006 14.81 82.196 0.00084591666
185 0 107 97.973 13.659 84.314 0.0076284536
185 1 87 96.725 12.411 84.314 0.0088537824
185 2 100 94.929 10.615 84.314 0.0024073367
185 3 106 92.839 8.525 84.314 0.01621539
185 4 109 90.705 6.391 84.314 0.0313339
185 5 78 88.75 4.436 84.314 0.010818488
185 6 87 87.179 2.865 84.314 2.9995471e-06
185 7 91 86.113 1.799 84.314 0.0022358069
185 8 96 85.433 1.119 84.314 0.010453291
185 9 90 85.509 1.195 84.314 0.0018881467
185 10 75 86.484 2.17 84.314 0.012346276
185 11 73 87.843 3.529 84.314 0.020624954
185 12 91 89.323 5.009 84.314 0.00026327871
185 13 89 90.734 6.42 84.314 0.00028148017
185 14 77 91.868 7.554 84.314 0.02069449
185 15 101 92.578 8.263 84.315 0.0066401838
185 16 89 92.781 8.467 84.314 0.0013383293
185 17 87 92.484 8.17 84.314 0.0028154286
185 18 76 91.773 7.459 84.314 0.023290469
185 19 83 90.789 6.475 84.314 0.0056795383
185 20 90 89.657 5.343 84.314 1.1013817e-05
185 21 94 88.594 4.28 84.314 0.0027359094
185 22 106 87.807 3.493 84.314 0.030985482
185 23 89 87.45 3.136 84.314 0.0002249122
185 24 66 87.746 3.432 84.314 0.044269885
185 25 84 88.692 4.378 84.314 0.0020609413
185 26 102 90.413 6.099 84.314 0.012568737
185 27 84 92.747 8.433 84.314 0.0071625535
185 28 108 95.091 10.777 84.314 0.015600367
185 29 86 96.964 12.65 84.314 0.011253502
185 30 107 98.139 13.825 84.314 0.0073504698
185 31 108 98.486 14.172 84.314 0.0084737553
186 0 85 95.455 13.083 82.372 0.010232876
186 1 99 94.257 11.885 82.372 0.0021059879
186 2 103 92.534 10.162 82.372 0.01025442
186 3 89 90.53 8.157 82.373 0.00021914546
186 4 87 88.484 6.112 82.372 0.00020616618
186 5 78 86.611 4.239 82.372 0.0069415555
186 6 82 85.108 2.736 82.372 0.00090429815
186 7 92 84.089 1.717 82.372 0.0058588502
186 8 81 83.44 1.067 82.373 0.00055735163
186 9 83 83.515 1.142 82.373 2.4829277e-05
186 10 90 84.45 2.077 82.373 0.0028836038
186 11 79 85.751 3.379 82.372 0.0042666384
186 12 101 87.166 4.793 82.373 0.01791617
186 13 89 88.512 6.139 82.373 2.2294065e-05
186 14 92 89.592 7.219 82.373 0.00054282843
186 15 92 90.267 7.894 82.373 0.00028115561
186 16 84 90.458 8.086 82.372 0.0039043227
186 17 86 90.173 7.801 82.372 0.0016302207
186 18 88 89.494 7.121 82.373 0.00020895406
186 19 84 88.554 6.182 82.372 0.0019414923
186 20 91 87.474 5.102 82.372 0.0011638962
186 21 80 86.46 4.087 82.373 0.0039067414
186 22 82 85.709 3.336 82.373 0.0012878441
186 23 90 85.369 2.997 82.372 0.0020077017
186 24 78 85.654 3.282 82.372 0.0054843674
186 25 87 86.564 4.191 82.373 1.7796008e-05
186 26 89 88.215 5.843 82.372 5.7688459e-05
186 27 72 90.454 8.081 82.373 0.031880906
186 28 84 92.7 10.327 82.373 0.0070857876
186 29 125 94.494 12.122 82.372 0.087120459
186 30 101 95.619 13.246 82.373 0.0027106635
186 31 102 95.95 13.577 82.373 0.003426576
187 0 94 94.091 12.559 81.532 7.7523328e-07
187 1 88 92.939 11.406 81.533 0.0022836402
187 2 89 91.282 9.749 81.533 0.00048750705
187 3 99 89.356 7.823 81.533 0.0087069094
187 4 95 87.391 5.858 81.533 0.0054200687
187 5 93 85.593 4.06 81.533 0.00513611
187 6 90 84.151 2.618 81.533 0.003202675
187 7 85 83.175 1.642 81.533 0.00031179946
187 8 82 82.554 1.021 81.533 2.8732218e-05
187 9 80 82.627 1.094 81.533 0.00064605541
187 10 78 83.525 1.992 81.533 0.0028576839
187 11 76 84.774 3.241 81.533 0.0072068401
187 12 103 86.129 4.596 81.533 0.026645954
187 13 91 87.416 5.884 81.532 0.0012025015
187 14 87 88.448 6.915 81.533 0.00019628483
187 15 96 89.091 7.558 81.533 0.0044686877
187 16 82 89.272 7.739 81.533 0.0049505946
187 17 91 88.997 7.464 81.533 0.00037558784
187 18 74 88.346 6.813 81.533 0.019266875
187 19 90 87.447 5.915 81.532 0.00061017056
187 20 90 86.414 4.882 81.532 0.0012038439
187 21 87 85.445 3.912 81.533 0.00022636559
187 22 75 84.727 3.194 81.533 0.0088574244
187 23 71 84.403 2.87 81.533 0.016817199
187 24 95 84.679 3.146 81.533 0.0099722505
187 25 84 85.554 4.021 81.533 0.00022607454
187 26 96 87.143 5.61 81.533 0.007343835
187 27 84 89.294 7.761 81.533 0.0026237201
187 28 87 91.451 9.918 81.533 0.0018546622
187 29 86 93.174 11.641 81.533 0.0048180618
187 30 93 94.253 12.72 81.533 0.00014697781
187 31 96 94.569 13.036 81.533 0.00019170299
188 0 88 92.258 12.091 80.167 0.0016973091
188 1 100 91.146 10.978 80.168 0.0073388609
188 2 86 89.548 9.381 80.167 0.0011784654
188 3 86 87.691 7.524 80.167 0.00026769289
188 4 82 85.798 5.631 80.167 0.001350391
188 5 94 84.067 3.899 80.168 0.0092365651
188 6 75 82.68 2.513 80.167 0.0055216905
188 7 79 81.742 1.575 80.167 0.00070385715
188 8 71 81.147 0.979 80.168 0.0096388438
188 9 82 81.218 1.051 80.167 5.724837e-05
188 10 71 82.084 1.917 80.167 0.011501187
188 11 76 83.286 3.119 80.167 0.0049696746
188 12 77 84.588 4.421 80.167 0.0053901924
188 13 76 85.823 5.655 80.168 0.0090331227
188 14 81 86.81 6.643 80.167 0.0031601077
188 15 97 87.425 7.258 80.167 0.0085827644
188 16 72 87.596 7.429 80.167 0.022770684
188 17 97 87.331 7.164 80.167 0.0087521095
188 18 105 86.705 6.538 80.167 0.0313339
188 19 107 85.843 5.675 80.168 0.041904223
188 20 74 84.852 4.685 80.167 0.011024761
188 21 93 83.922 3.755 80.167 0.0077148943
188 22 100 83.234 3.067 80.167 0.026315313
188 23 76 82.924 2.757 80.167 0.0044881126
188 24 91 83.192 3.024 80.168 0.0057072807
188 25 105 84.037 3.87 80.167 0.041139262
188 26 62 85.57 5.402 80.168 0.052007837
188 27 90 87.642 7.475 80.167 0.00052051976
188 28 88 89.721 9.554 80.167 0.00027727542
188 29 104 91.38 11.213 80.167 0.01490968
188 30 82 92.418 12.251 80.167 0.010160576
188 31 90 92.721 12.553 80.168 0.00069311725
189 0 101 90.477 11.679 78.798 0.010366419
189 1 118 89.4 10.601 78.799 0.076574063
189 2 75 87.854 9.055 78.799 0.015467717
189 3 85 86.058 7.26 78.798 0.00010479027
189 4 81 84.228 5.43 78.798 0.00097547619
189 5 64 82.556 3.757 78.799 0.032234308
189 6 89 81.218 2.419 78.799 0.0056693344
189 7 83 80.314 1.516 78.798 0.00067540091
189 8 84 79.741 0.942 78.799 0.0016981064
189 9 73 79.811 1.013 78.798 0.0043428155
189 10 77 80.648 1.85 78.798 0.0012458314
189 11 83 81.809 3.01 78.799 0.00013279238
189 12 79 83.064 4.265 78.799 0.0015461692
189 13 82 84.252 5.453 78.799 0.00047477342
189 14 76 85.201 6.402 78.799 0.0079253725
189 15 89 85.79 6.992 78.798 0.00096462761
189 16 89 85.953 7.154 78.799 0.00086914959
189 17 87 85.696 6.897 78.799 0.00015918598
189 18 75 85.093 6.294 78.799 0.0095365254
189 19 91 84.262 5.463 78.799 0.0042502222
189 20 77 83.309 4.51 78.799 0.0037262388
189 21 79 82.414 3.615 78.799 0.0010911304
189 22 80 81.753 2.954 78.799 0.00028768251
189 23 90 81.455 2.656 78.799 0.0068355546
189 24 88 81.715 2.916 78.799 0.0036979428
189 25 85 82.535 3.736 78.799 0.00056883128
189 26 89 84.018 5.219 78.799 0.002323577
189 27 76 86.021 7.223 78.798 0.0094009501
189 28 107 88.031 9.232 78.799 0.033685151
189 29 89 89.634 10.835 78.799 3.7629473e-05
189 30 87 90.635 11.837 78.798 0.001236968
189 31 79 90.926 12.127 78.799 0.013314941
190 0 104 93.32 11.314 82.006 0.010678054
190 1 75 92.274 10.268 82.006 0.02793415
190 2 92 90.774 8.768 82.006 0.00014071181
190 3 76 89.032 7.026 82.006 0.015899072
190 4 91 87.258 5.252 82.006 0.0013108627
190 5 81 85.638 3.632 82.006 0.0020137758
190 6 102 84.342 2.336 82.006 0.029189903
190 7 79 83.469 1.463 82.006 0.0018696931
190 8 80 82.916 0.909 82.007 0.00079602125
190 9 103 82.985 0.979 82.006 0.037502551
190 10 94 83.797 1.79 82.007 0.0097455285
190 11 77 84.921 2.914 82.007 0.0058736714
190 12 80 86.134 4.127 82.007 0.0035223878
190 13 88 87.281 5.274 82.007 4.839577e-05
190 14 74 88.195 6.189 82.006 0.018863419
190 15 96 88.762 6.756 82.006 0.0049044101
190 16 100 88.917 6.91 82.007 0.011499112
190 17 87 88.667 6.661 82.006 0.0002601482
190 18 86 88.084 6.077 82.007 0.0004065791
190 19 77 87.282 5.276 82.006 0.0098970285
190 20 98 86.362 4.355 82.007 0.012679623
190 21 90 85.498 3.492 82.006 0.0018974075
190 22 96 84.86 2.854 82.006 0.011617696
190 23 79 84.573 2.567 82.006 0.0029075535
190 24 79 84.827 2.821 82.006 0.0031786277
190 25 83 85.624 3.618 82.006 0.00064458068
190 26 84 87.063 5.057 82.006 0.00087830148
190 27 75 89.006 7 82.006 0.018364448
190 28 87 90.954 8.948 82.006 0.0014636019
190 29 83 92.507 10.501 82.006 0.0084612906
190 30 107 93.477 11.471 82.006 0.017119683
190 31 98 93.758 11.751 82.007 0.0016845773
191 0 104 91.003 10.989 80.014 0.015813786
191 1 80 89.984 9.97 80.014 0.009331657
191 2 92 88.525 8.511 80.014 0.0011304705
191 3 84 86.831 6.817 80.014 0.00075029035
191 4 93 85.107 5.093 80.014 0.0058322191
191 5 74 83.533 3.519 80.014 0.0085076342
191 6 63 82.275 2.262 80.013 0.034780706
191 7 80 81.429 1.415 80.014 0.00019116751
191 8 79 80.894 0.88 80.014 0.00033582233
191 9 74 80.962 0.948 80.014 0.0045375107
191 10 72 81.751 1.737 80.014 0.0089011872
191 11 87 82.842 2.828 80.014 0.0016185219
191 12 96 84.018 4.005 80.013 0.013440278
191 13 84 85.128 5.114 80.014 0.00011911538
191 14 83 86.012 5.998 80.014 0.00084929694
191 15 98 86.559 6.545 80.014 0.012253992
191 16 72 86.706 6.692 80.014 0.020245977
191 17 73 86.463 6.449 80.014 0.016968104
191 18 87 85.897 5.884 80.013 0.00011389395
191 19 76 85.121 5.107 80.014 0.0077881541
191 20 100 84.231 4.217 80.014 0.023278657
191 21 90 83.395 3.381 80.014 0.0040840897
191 22 87 82.778 2.764 80.014 0.00166873
191 23 94 82.501 2.487 80.014 0.01237855
191 24 87 82.75 2.736 80.014 0.0016909372
191 25 88 83.526 3.512 80.014 0.0018738792
191 26 78 84.926 4.912 80.014 0.0044907057
191 27 103 86.815 6.801 80.014 0.024523081
191 28 93 88.708 8.694 80.014 0.0017245232
191 29 84 90.217 10.203 80.014 0.0036183565
191 30 75 91.159 11.145 80.014 0.024444355
191 31 104 91.43 11.416 80.014 0.014791771
192 0 99 89.301 10.694 78.607 0.0088065041
192 1 99 88.307 9.7 78.607 0.010704065
192 2 90 86.885 8.277 78.608 0.00090837615
192 3 92 85.235 6.627 78.608 0.0042843528
192 4 80 83.556 4.948 78.608 0.0011837858
192 5 85 82.024 3.417 78.607 0.00082911635
192 6 89 80.801 2.194 78.607 0.006293198
192 7 93 79.98 1.372 78.608 0.015869805
192 8 70 79.461 0.853 78.608 0.0083796081
192 9 70 79.528 0.921 78.607 0.0084987122
192 10 99 80.297 1.689 78.608 0.032747049
192 11 81 81.358 2.75 78.608 1.1998188e-05
192 12 79 82.5 3.893 78.607 0.0011467948
192 13 71 83.576 4.969 78.607 0.014805896
192 14 85 84.432 5.825 78.607 3.0202737e-05
192 15 82 84.96 6.352 78.608 0.00082022508
192 16 82 85.101 6.493 78.608 0.00090022932
192 17 105 84.864 6.256 78.608 0.037957363
192 18 70 84.315 5.707 78.608 0.019183698
192 19 79 83.561 4.954 78.607 0.0019474655
192 20 67 82.698 4.09 78.608 0.023069505
192 21 90 81.888 3.28 78.608 0.0061603517
192 22 83 81.29 2.682 78.608 0.00027374226
192 23 85 81.022 2.415 78.607 0.0014814233
192 24 78 81.265 2.658 78.607 0.00099796657
192 25 98 82.023 3.416 78.607 0.023896819
192 26 76 83.389 4.781 78.608 0.0051111774
192 27 74 85.229 6.621 78.608 0.01180407
192 28 65 87.072 8.464 78.608 0.045607157
192 29 89 88.541 9.933 78.608 1.9723092e-05
192 30 81 89.457 10.849 78.608 0.0066954887
192 31 97 89.719 11.111 78.608 0.0049628561
193 0 83 88.636 10.419 78.217 0.0029736619
193 1 74 87.665 9.449 78.216 0.017481106
193 2 79 86.277 8.061 78.216 0.0049574047
193 3 92 84.667 6.451 78.216 0.0050339975
193 4 87 83.03 4.814 78.216 0.0014754709
193 5 73 81.538 3.321 78.217 0.0068243599
193 6 82 80.347 2.131 78.216 0.00025579693
193 7 82 79.549 1.332 78.217 0.00056238826
193 8 102 79.044 0.828 78.216 0.049333514
193 9 88 79.112 0.895 78.217 0.0073953327
193 10 81 79.861 1.644 78.217 0.00012144987
193 11 80 80.895 2.678 78.217 7.4988677e-05
193 12 73 82.005 3.789 78.216 0.0075913158
193 13 66 83.05 4.834 78.216 0.027214377
193 14 71 83.88 5.663 78.217 0.015530354
193 15 91 84.39 6.174 78.216 0.0040902753
193 16 82 84.525 6.309 78.216 0.00059685988
193 17 93 84.293 6.077 78.216 0.0070971946
193 18 96 83.759 5.543 78.216 0.014027601
193 19 99 83.028 4.811 78.217 0.023881864
193 20 94 82.189 3.973 78.216 0.013059392
193 21 76 81.403 3.187 78.216 0.0027328737
193 22 75 80.823 2.606 78.217 0.0031742652
193 23 70 80.564 2.347 78.217 0.010447356
193 24 92 80.802 2.586 78.216 0.011738985
193 25 71 81.543 3.326 78.217 0.010405861
193 26 91 82.876 4.659 78.217 0.0061785911
193 27 67 84.67 6.453 78.217 0.02922959
193 28 90 86.467 8.25 78.217 0.001168522
193 29 98 87.899 9.682 78.217 0.0095516492
193 30 70 88.791 10.574 78.217 0.033055932
193 31 96 89.045 10.828 78.217 0.0045283907
194 0 83 88.281 10.16 78.121 0.0026108502
194 1 85 87.332 9.211 78.121 0.00050910424
194 2 98 85.976 7.855 78.121 0.013534666
194 3 89 84.405 6.284 78.121 0.0019766085
194 4 91 82.807 4.686 78.121 0.0062839907
194 5 71 81.352 3.231 78.121 0.010032245
194 6 101 80.192 2.071 78.121 0.040533145
194 7 62 79.415 1.294 78.121 0.028392039
194 8 78 78.925 0.804 78.121 8.0100106e-05
194 9 77 78.992 0.871 78.121 0.00037147389
194 10 86 79.723 1.602 78.121 0.0036885348
194 11 100 80.73 2.609 78.121 0.034762664
194 12 75 81.811 3.69 78.121 0.0043428155
194 13 84 82.827 4.705 78.122 0.00012880883
194 14 87 83.632 5.511 78.121 0.0010619249
194 15 76 84.126 6.005 78.121 0.0061816336
194 16 90 84.255 6.134 78.121 0.0030897952
194 17 68 84.029 5.907 78.122 0.024052625
194 18 80 83.509 5.388 78.121 0.0011527002
194 19 70 82.798 4.677 78.121 0.015333237
194 20 80 81.983 3.862 78.121 0.00036812478
194 21 91 81.219 3.098 78.121 0.0089560424
194 22 84 80.655 2.534 78.121 0.0010474707
194 23 80 80.404 2.283 78.121 1.5279613e-05
194 24 82 80.638 2.517 78.121 0.00017366162
194 25 75 81.363 3.242 78.121 0.003790299
194 26 89 82.665 4.543 78.122 0.0037570144
194 27 83 84.416 6.295 78.121 0.00018770512
194 28 94 86.169 8.048 78.121 0.0057409541
194 29 80 87.566 9.445 78.121 0.005358982
194 30 97 88.435 10.314 78.121 0.00686759
194 31 72 88.681 10.56 78.121 0.026049164
195 0 82 87.353 9.91 77.443 0.0026825271
195 1 82 86.426 8.982 77.444 0.0018338865
195 2 91 85.101 7.658 77.443 0.003257665
195 3 74 83.567 6.123 77.444 0.0085684284
195 4 90 82.007 4.564 77.443 0.0059809373
195 5 78 80.588 3.144 77.444 0.00062701534
195 6 85 79.457 2.014 77.443 0.0028763344
195 7 72 78.701 1.257 77.444 0.0042036724
195 8 71 78.225 0.781 77.444 0.0048868086
195 9 86 78.291 0.847 77.444 0.0055634695
195 10 73 79.004 1.561 77.443 0.0033746675
195 11 77 79.987 2.543 77.444 0.00083525689
195 12 81 81.039 3.595 77.444 1.4238979e-07
195 13 82 82.026 4.582 77.444 6.3284349e-08
195 14 94 82.807 5.364 77.443 0.011728504
195 15 81 83.286 5.842 77.444 0.0004892176
195 16 76 83.41 5.967 77.443 0.0051402713
195 17 93 83.188 5.745 77.443 0.0090129031
195 18 79 82.682 5.239 77.443 0.0012691624
195 19 105 81.991 4.547 77.444 0.049561576
195 20 94 81.199 3.755 77.444 0.015340426
195 21 69 80.457 3.013 77.444 0.01228829
195 22 86 79.909 2.465 77.444 0.0034731762
195 23 85 79.665 2.222 77.443 0.0026645168
195 24 74 79.895 2.451 77.444 0.0032532485
195 25 68 80.604 3.16 77.444 0.014871898
195 26 93 81.876 4.432 77.444 0.011584348
195 27 76 83.585 6.142 77.443 0.0053859311
195 28 76 85.297 7.853 77.444 0.0080916164
195 29 88 86.659 9.216 77.443 0.0001683477
195 30 86 87.507 10.063 77.444 0.0002126063
195 31 86 87.746 10.302 77.444 0.00028538957
196 0 80 85.695 9.667 76.028 0.0030362469
196 1 90 84.789 8.76 76.029 0.002542095
196 2 74 83.494 7.466 76.028 0.0084381663
196 3 95 81.996 5.967 76.029 0.015830825
196 4 75 80.474 4.445 76.029 0.0028051702
196 5 71 79.089 3.06 76.029 0.0061254683
196 6 73 77.987 1.958 76.029 0.0023282433
196 7 82 77.251 1.222 76.029 0.0021113195
196 8 61 76.788 0.759 76.029 0.023334788
196 9 78 76.853 0.825 76.028 0.00012316192
196 10 87 77.549 1.521 76.028 0.0083619035
196 11 93 78.507 2.479 76.028 0.019663744
196 12 87 79.532 3.503 76.029 0.0052210547
196 13 73 80.491 4.463 76.028 0.0052532639
196 14 74 81.25 5.221 76.029 0.0049206858
196 15 106 81.714 5.685 76.029 0.055215576
196 16 89 81.833 5.804 76.029 0.004808664
196 17 73 81.616 5.587 76.029 0.0069496191
196 18 78 81.123 5.094 76.029 0.00091304796
196 19 83 80.45 4.422 76.028 0.0006087374
196 20 81 79.681 3.652 76.029 0.00016286929
196 21 80 78.959 2.93 76.029 0.00010144977
196 22 74 78.427 2.398 76.029 0.0018347152
196 23 80 78.191 2.162 76.029 0.00030635626
196 24 79 78.416 2.387 76.029 3.1928265e-05
196 25 69 79.109 3.081 76.028 0.0095667851
196 26 64 80.352 4.324 76.028 0.02503176
196 27 93 82.021 5.993 76.028 0.011284315
196 28 82 83.692 7.663 76.029 0.00026800959
196 29 81 85.022 8.993 76.029 0.0015143761
196 30 97 85.848 9.819 76.029 0.011642739
196 31 83 86.08 10.051 76.029 0.00088807789
197 0 107 86.407 9.428 76.979 0.03969985
197 1 91 85.521 8.542 76.979 0.002810297
197 2 77 84.256 7.278 76.978 0.0049288338
197 3 84 82.793 5.814 76.979 0.00013638423
197 4 81 81.307 4.329 76.978 8.8232051e-06
197 5 69 79.957 2.978 76.979 0.011239137
197 6 58 78.883 1.904 76.979 0.040825865
197 7 60 78.166 1.187 76.979 0.03089358
197 8 92 77.717 0.738 76.979 0.019098027
197 9 94 77.781 0.802 76.979 0.024626221
197 10 70 78.46 1.482 76.978 0.0067002398
197 11 75 79.394 2.415 76.979 0.0018074643
197 12 89 80.392 3.413 76.979 0.0069367196
197 13 76 81.324 4.346 76.978 0.0026535405
197 14 77 82.061 5.082 76.979 0.0023978516
197 15 81 82.51 5.531 76.979 0.00021345362
197 16 77 82.624 5.645 76.979 0.0029610125
197 17 75 82.411 5.433 76.978 0.0051416588
197 18 86 81.932 4.953 76.979 0.0015492144
197 19 94 81.278 4.299 76.979 0.015151667
197 20 72 80.529 3.551 76.978 0.0068099802
197 21 91 79.828 2.85 76.978 0.011684536
197 22 86 79.311 2.332 76.979 0.0041886302
197 23 80 79.082 2.103 76.979 7.8892367e-05
197 24 68 79.303 2.324 76.979 0.011960162
197 25 85 79.982 3.003 76.979 0.0023572787
197 26 74 81.196 4.217 76.979 0.0048476576
197 27 83 82.825 5.847 76.978 2.866987e-06
197 28 95 84.456 7.477 76.979 0.010407835
197 29 87 85.753 8.774 76.979 0.00014557357
197 30 81 86.558 9.58 76.978 0.0028919229
197 31 98 86.784 9.805 76.979 0.011776755
198 0 87 82.603 9.194 73.409 0.0018099332
198 1 97 81.737 8.328 73.409 0.021808683
198 2 83 80.502 7.093 73.409 0.0005841636
198 3 87 79.074 5.664 73.41 0.0058810891
198 4 77 77.624 4.214 73.41 3.6451785e-05
198 5 77 76.307 2.897 73.41 4.4958943e-05
198 6 79 75.26 1.851 73.409 0.0013094618
198 7 78 74.563 1.154 73.409 0.0011058817
198 8 69 74.126 0.717 73.409 0.0024598398
198 9 63 74.19 0.78 73.41 0.011722218
198 10 71 74.853 1.443 73.41 0.0013897851
198 11 71 75.763 2.353 73.41 0.0021237862
198 12 74 76.734 3.324 73.41 0.00069975602
198 13 76 77.64 4.231 73.409 0.00025178933
198 14 77 78.355 4.945 73.41 0.00017188114
198 15 73 78.79 5.38 73.41 0.0031383888
198 16 81 78.899 5.489 73.41 0.00041323941
198 17 77 78.691 5.282 73.409 0.00026769289
198 18 82 78.224 4.815 73.409 0.001334792
198 19 78 77.588 4.179 73.409 1.5890738e-05
198 20 75 76.861 3.452 73.409 0.00032422192
198 21 84 76.18 2.771 73.409 0.005724837
198 22 83 75.677 2.268 73.409 0.0050202771
198 23 71 75.455 2.046 73.409 0.0018579971
198 24 74 75.672 2.263 73.409 0.00026171112
198 25 72 76.336 2.926 73.41 0.0017600628
198 26 86 77.522 4.113 73.409 0.0067287818
198 27 73 79.112 5.703 73.409 0.0034971665
198 28 82 80.703 7.294 73.409 0.00015748151
198 29 73 81.969 8.559 73.41 0.0075307403
198 30 78 82.754 9.344 73.41 0.0021157677
198 31 86 82.973 9.563 73.41 0.00085777713
199 0 107 85.646 8.963 76.683 0.042688225
199 1 88 84.8 8.117 76.683 0.00095862683
199 2 92 83.594 6.911 76.683 0.0066149779
199 3 82 82.2 5.517 76.683 3.7446361e-06
199 4 89 80.785 4.102 76.683 0.0063177838
199 5 62 79.501 2.818 76.683 0.028673146
199 6 87 78.481 1.798 76.683 0.0067940206
199 7 69 77.803 1.12 76.683 0.0072545592
199 8 84 77.379 0.696 76.683 0.0041039003
199 9 86 77.442 0.759 76.683 0.0068563691
199 10 73 78.088 1.405 76.683 0.0024235045
199 11 89 78.975 2.292 76.683 0.0094084566
199 12 84 79.92 3.237 76.683 0.0015583677
199 13 85 80.801 4.118 76.683 0.0016505982
199 14 62 81.494 4.811 76.683 0.035575544
199 15 87 81.915 5.232 76.683 0.0024206474
199 16 89 82.02 5.337 76.683 0.0045610042
199 17 90 81.817 5.134 76.683 0.0062686602
199 18 84 81.363 4.68 76.683 0.00065098335
199 19 76 80.745 4.062 76.683 0.0021077644
199 20 67 80.038 3.355 76.683 0.015913715
199 21 65 79.376 2.693 76.683 0.01934754
199 22 69 78.888 2.205 76.683 0.0091530648
199 23 63 78.673 1.99 76.683 0.022996084
199 24 82 78.885 2.202 76.683 0.00090837615
199 25 88 79.534 2.851 76.683 0.0067097471
199 26 71 80.693 4.01 76.683 0.0087956117
199 27 89 82.245 5.562 76.683 0.0042716959
199 28 75 83.796 7.113 76.683 0.0072430263
199 29 88 85.031 8.348 76.683 0.00082522052
199 30 102 85.796 9.113 76.683 0.024580691
199 31 72 86.008 9.325 76.683 0.018369693
200 0 83 89.912 8.736 81.176 0.0044725693
200 1 82 89.085 7.91 81.175 0.0046992585
200 2 91 87.908 6.732 81.176 0.00089501146
200 3 83 86.547 5.372 81.175 0.0011778012
200 4 97 85.167 3.992 81.175 0.013108088
200 5 92 83.916 2.74 81.176 0.006117898
200 6 83 82.923 1.747 81.176 5.5504868e-07
200 7 99 82.263 1.088 81.175 0.026224357
200 8 85 81.851 0.676 81.175 0.0009283141
200 9 68 81.913 0.738 81.175 0.018121377
200 10 90 82.544 1.368 81.176 0.0052042892
200 11 85 83.408 2.232 81.176 0.00023726613
200 12 73 84.327 3.151 81.176 0.012011007
200 13 83 85.182 4.007 81.175 0.00044571691
200 14 85 85.855 4.679 81.176 6.8435564e-05
200 15 79 86.262 5.087 81.175 0.0049369885
200 16 88 86.363 5.187 81.176 0.00025086899
200 17 87 86.164 4.989 81.175 6.5427779e-05
200 18 90 85.722 4.547 81.175 0.0017132912
200 19 85 85.122 3.946 81.176 1.3933791e-06
200 20 87 84.435 3.26 81.175 0.00061592008
200 21 88 83.792 2.617 81.175 0.0016576815
200 22 64 83.319 2.143 81.176 0.034939679
200 23 90 83.11 1.934 81.176 0.0044441434
200 24 73 83.318 2.143 81.175 0.0099664541
200 25 88 83.953 2.777 81.176 0.0015332608
200 26 85 85.084 3.908 81.176 6.605538e-07
200 27 100 86.598 5.422 81.176 0.016814689
200 28 76 88.111 6.936 81.175 0.013731236
200 29 97 89.314 8.139 81.175 0.0055303216
200 30 87 90.06 8.885 81.175 0.00087658185
200 31 90 90.266 9.091 81.175 6.6238867e-06
201 0 79 81.393 8.513 72.88 0.00053608668
201 1 86 80.585 7.705 72.88 0.0027450265
201 2 73 79.437 6.557 72.88 0.003878972
201 3 81 78.109 5.229 72.88 0.00078243056
201 4 89 76.764 3.884 72.88 0.014016144
201 5 72 75.544 2.664 72.88 0.0011758097
201 6 80 74.577 1.697 72.88 0.0027531434
201 7 93 73.936 1.056 72.88 0.034023398
201 8 74 73.536 0.656 72.88 2.0155129e-05
201 9 83 73.597 0.717 72.88 0.0082771818
201 10 67 74.212 1.332 72.88 0.0048692386
201 11 73 75.053 2.173 72.88 0.00039457314
201 12 85 75.947 3.067 72.88 0.0076724606
201 13 77 76.778 3.898 72.88 4.6137661e-06
201 14 69 77.43 4.55 72.88 0.0066528047
201 15 84 77.825 4.945 72.88 0.0035696328
201 16 76 77.92 5.04 72.88 0.00034510566
201 17 72 77.727 4.847 72.88 0.0030704639
201 18 68 77.297 4.417 72.88 0.0080916164
201 19 56 76.713 3.833 72.88 0.040163877
201 20 76 76.047 3.167 72.88 2.0679753e-07
201 21 77 75.423 2.543 72.88 0.0002328161
201 22 83 74.962 2.082 72.88 0.0060484713
201 23 73 74.76 1.88 72.88 0.00028998462
201 24 72 74.965 2.084 72.881 0.00082299845
201 25 80 75.585 2.704 72.881 0.0018247822
201 26 84 76.689 3.809 72.88 0.0050038374
201 27 80 78.165 5.285 72.88 0.0003152258
201 28 78 79.641 6.761 72.88 0.00025209648
201 29 74 80.814 7.934 72.88 0.0043466421
201 30 77 81.54 8.66 72.88 0.0019295735
201 31 71 81.74 8.86 72.88 0.01079837
202 0 80 85.678 8.293 77.385 0.0030181471
202 1 81 84.889 7.505 77.384 0.0014158769
202 2 76 83.768 6.384 77.384 0.0056489542
202 3 84 82.474 5.089 77.385 0.0002180011
202 4 70 81.162 3.778 77.384 0.011663628
202 5 83 79.974 2.589 77.385 0.00085721048
202 6 87 79.032 1.648 77.384 0.0059435822
202 7 80 78.409 1.025 77.384 0.00023696815
202 8 80 78.021 0.637 77.384 0.00036664115
202 9 76 78.081 0.697 77.384 0.00040540937
202 10 68 78.68 1.296 77.384 0.010678054
202 11 86 79.5 2.115 77.385 0.0039552718
202 12 81 80.369 2.984 77.385 3.7274201e-05
202 13 77 81.176 3.791 77.385 0.0016325655
202 14 70 81.808 4.424 77.384 0.013052759
202 15 78 82.189 4.805 77.384 0.0016427457
202 16 85 82.281 4.897 77.384 0.00069209871
202 17 71 82.092 4.708 77.384 0.011517795
202 18 72 81.674 4.29 77.384 0.0087611636
202 19 84 81.107 3.723 77.384 0.00078351351
202 20 78 80.46 3.075 77.385 0.00056652599
202 21 85 79.854 2.469 77.385 0.0024790723
202 22 91 79.407 2.023 77.384 0.012581757
202 23 84 79.211 1.827 77.384 0.0021470359
202 24 92 79.412 2.027 77.385 0.014834165
202 25 67 80.017 2.633 77.384 0.015862493
202 26 92 81.095 3.71 77.385 0.011132712
202 27 72 82.534 5.15 77.384 0.010388103
202 28 92 83.973 6.588 77.385 0.006031928
202 29 106 85.116 7.732 77.384 0.040829776
202 30 84 85.823 8.439 77.384 0.00031111644
202 31 93 86.017 8.633 77.384 0.0045649256
203 0 101 85.064 8.078 76.986 0.023774329
203 1 87 84.294 7.308 76.986 0.00068549645
203 2 102 83.2 6.214 76.986 0.033087604
203 3 77 81.938 4.952 76.986 0.0022827155
203 4 61 80.659 3.673 76.986 0.036180325
203 5 103 79.502 2.516 76.986 0.051690582
203 6 82 78.586 1.6 76.986 0.0010911304
203 7 78 77.98 0.994 76.986 3.7446361e-08
203 8 97 77.603 0.617 76.986 0.035222385
203 9 78 77.663 0.677 76.986 1.0631864e-05
203 10 82 78.246 1.26 76.986 0.0013192836
203 11 79 79.044 2.058 76.986 1.8124039e-07
203 12 68 79.889 2.903 76.986 0.01323245
203 13 77 80.672 3.686 76.986 0.0012622779
203 14 76 81.285 4.299 76.986 0.0026148068
203 15 86 81.654 4.668 76.986 0.0017681906
203 16 79 81.742 4.756 76.986 0.00070385715
203 17 74 81.557 4.571 76.986 0.0053462402
203 18 81 81.151 4.165 76.986 2.1345362e-06
203 19 70 80.6 3.614 76.986 0.010518683
203 20 79 79.972 2.986 76.986 8.8446806e-05
203 21 77 79.384 2.398 76.986 0.00053206186
203 22 73 78.95 1.964 76.986 0.0033142369
203 23 88 78.761 1.775 76.986 0.0079909711
203 24 67 78.957 1.971 76.986 0.013384251
203 25 84 79.549 2.563 76.986 0.0018546622
203 26 71 80.6 3.614 76.986 0.0086276415
203 27 79 82.003 5.017 76.986 0.00084422904
203 28 86 83.405 6.419 76.986 0.00063041182
203 29 73 84.519 7.533 76.986 0.012421647
203 30 87 85.208 8.222 76.986 0.00030062537
203 31 87 85.395 8.409 76.986 0.0002411569
204 0 93 84.524 7.865 76.659 0.0067256075
204 1 76 83.773 7.114 76.659 0.0056562287
204 2 98 82.706 6.048 76.658 0.021897362
204 3 81 81.476 4.817 76.659 2.1211116e-05
204 4 75 80.23 3.571 76.659 0.0025606664
204 5 70 79.103 2.444 76.659 0.0077574451
204 6 80 78.212 1.553 76.659 0.00029928479
204 7 79 77.623 0.964 76.659 0.00017750783
204 8 73 77.258 0.599 76.659 0.0016973091
204 9 86 77.317 0.658 76.659 0.007058123
204 10 68 77.885 1.226 76.659 0.0091475116
204 11 77 78.661 2.002 76.659 0.00025827888
204 12 78 79.482 2.823 76.659 0.00020561085
204 13 88 80.242 3.583 76.659 0.0056344194
204 14 85 80.836 4.177 76.659 0.0016231964
204 15 74 81.193 4.534 76.659 0.0048436164
204 16 85 81.277 4.618 76.659 0.0012975846
204 17 79 81.097 4.438 76.659 0.00041166741
204 18 68 80.702 4.043 76.659 0.015104065
204 19 81 80.167 3.508 76.659 6.4959044e-05
204 20 61 79.557 2.898 76.659 0.032237782
204 21 84 78.987 2.328 76.659 0.0023525834
204 22 87 78.566 1.907 76.659 0.0066591196
204 23 61 78.382 1.724 76.658 0.02828454
204 24 91 78.575 1.916 76.659 0.014452481
204 25 72 79.152 2.493 76.659 0.0047885567
204 26 81 80.178 3.519 76.659 6.3254767e-05
204 27 88 81.545 4.886 76.659 0.0039006961
204 28 87 82.911 6.252 76.659 0.0015652505
204 29 98 83.996 7.337 76.659 0.018359203
204 30 83 84.667 8.008 76.659 0.0002601482
204 31 90 84.849 8.19 76.659 0.0024838921
205 0 99 82.897 7.657 75.24 0.024275222
205 1 79 82.165 6.924 75.241 0.00093777155
205 2 89 81.124 5.884 75.24 0.0058071232
205 3 68 79.925 4.684 75.241 0.013312708
205 4 74 78.712 3.471 75.241 0.0020785486
205 5 90 77.614 2.373 75.241 0.014361896
205 6 68 76.747 1.506 75.241 0.0071625535
205 7 59 76.176 0.935 75.241 0.027618093
205 8 76 75.821 0.581 75.24 2.9995471e-06
205 9 67 75.879 0.638 75.241 0.0073803632
205 10 87 76.432 1.192 75.24 0.01045527
205 11 82 77.188 1.947 75.241 0.0021677084
205 12 67 77.985 2.745 75.24 0.011296652
205 13 76 78.723 3.482 75.241 0.00069413654
205 14 69 79.299 4.058 75.241 0.0099297826
205 15 80 79.644 4.403 75.241 1.1864505e-05
205 16 92 79.724 4.483 75.241 0.014107933
205 17 94 79.548 4.307 75.241 0.019552646
205 18 84 79.164 3.923 75.241 0.0021893854
205 19 72 78.645 3.404 75.241 0.0041337061
205 20 68 78.053 2.812 75.241 0.009461086
205 21 75 77.5 2.259 75.241 0.00058509938
205 22 77 77.092 1.851 75.241 7.9236499e-07
205 23 89 76.914 1.673 75.241 0.013674605
205 24 89 77.102 1.861 75.241 0.013252492
205 25 82 77.666 2.426 75.24 0.0017584395
205 26 73 78.666 3.425 75.241 0.0030054033
205 27 87 79.999 4.758 75.241 0.0045884899
205 28 76 81.329 6.088 75.241 0.0026585269
205 29 78 82.386 7.145 75.241 0.0018008887
205 30 89 83.038 7.797 75.241 0.0033276188
205 31 72 83.215 7.974 75.241 0.011774655
206 0 88 79.99 7.451 72.539 0.0060064056
206 1 72 79.275 6.736 72.539 0.0049546801
206 2 67 78.262 5.723 72.539 0.011873552
206 3 86 77.093 4.554 72.539 0.0074269847
206 4 82 75.911 3.372 72.539 0.0034708958
206 5 77 74.843 2.304 72.539 0.00043556193
206 6 92 74 1.461 72.539 0.030331552
206 7 75 73.445 0.906 72.539 0.00022636559
206 8 67 73.102 0.563 72.539 0.0034857323
206 9 63 73.159 0.62 72.539 0.0096616554
206 10 76 73.697 1.158 72.539 0.00049652086
206 11 72 74.431 1.893 72.538 0.0005532476
206 12 70 75.206 2.667 72.539 0.002537219
206 13 68 75.922 3.383 72.539 0.0058751546
206 14 68 76.48 3.941 72.539 0.0067319569
206 15 85 76.813 4.274 72.539 0.0062747901
206 16 81 76.889 4.35 72.539 0.0015821388
206 17 83 76.718 4.179 72.539 0.0036944134
206 18 70 76.345 3.806 72.539 0.0037688849
206 19 84 75.841 3.302 72.539 0.0062319432
206 20 83 75.267 2.728 72.539 0.0055981643
206 21 62 74.731 2.192 72.539 0.015173112
206 22 75 74.335 1.796 72.539 4.1399292e-05
206 23 76 74.163 1.624 72.539 0.00031591332
206 24 81 74.347 1.808 72.539 0.0041436653
206 25 68 74.898 2.359 72.539 0.0044544696
206 26 71 75.872 3.333 72.539 0.002222103
206 27 73 77.17 4.631 72.539 0.0016278775
206 28 68 78.466 5.927 72.539 0.01025442
206 29 90 79.494 6.955 72.539 0.010332952
206 30 75 80.129 7.59 72.539 0.0024627199
206 31 89 80.3 7.761 72.539 0.0070857876
207 0 75 80.617 7.248 73.369 0.0029536462
207 1 82 79.92 6.551 73.369 0.00040501984
207 2 62 78.932 5.564 73.368 0.026838988
207 3 84 77.794 4.426 73.368 0.0036055636
207 4 81 76.644 3.275 73.369 0.001776337
207 5 70 75.605 2.236 73.369 0.0029410395
207 6 75 74.785 1.417 73.368 4.327395e-06
207 7 68 74.247 0.878 73.369 0.0036533614
207 8 69 73.914 0.545 73.369 0.0022605802
207 9 80 73.97 0.601 73.369 0.0034039584
207 10 68 74.494 1.125 73.369 0.0039479732
207 11 67 75.208 1.839 73.369 0.0063070216
207 12 63 75.96 2.591 73.369 0.015723877
207 13 73 76.654 3.285 73.369 0.0012499329
207 14 83 77.194 3.825 73.369 0.003155758
207 15 65 77.516 4.147 73.369 0.014664955
207 16 80 77.589 4.22 73.369 0.00054418184
207 17 80 77.422 4.053 73.369 0.00062217914
207 18 81 77.059 3.691 73.368 0.0014539936
207 19 75 76.571 3.202 73.369 0.00023104788
207 20 64 76.014 2.646 73.368 0.013512163
207 21 79 75.494 2.125 73.369 0.00115073
207 22 75 75.111 1.742 73.369 1.1534415e-06
207 23 73 74.944 1.576 73.368 0.00035378722
207 24 81 75.124 1.756 73.368 0.0032323114
207 25 86 75.661 2.293 73.368 0.010007064
207 26 88 76.611 3.242 73.369 0.012142855
207 27 101 77.875 4.506 73.369 0.050062566
207 28 65 79.136 5.767 73.369 0.018706938
207 29 91 80.137 6.768 73.369 0.011047123
207 30 80 80.754 7.386 73.368 5.3222138e-05
207 31 97 80.92 7.551 73.369 0.024205927
208 0 75 80.775 7.047 73.728 0.0031221488
208 1 58 80.096 6.368 73.728 0.045706393
208 2 76 79.134 5.407 73.727 0.00091949126
208 3 101 78.026 4.299 73.727 0.049410911
208 4 95 76.907 3.179 73.728 0.030645788
208 5 78 75.896 2.169 73.727 0.00041442037
208 6 68 75.1 1.373 73.727 0.0047191776
208 7 76 74.578 0.85 73.728 0.00018929922
208 8 58 74.255 0.528 73.727 0.024735664
208 9 68 74.311 0.583 73.728 0.0037286016
208 10 71 74.82 1.092 73.728 0.0013660807
208 11 80 75.514 1.786 73.728 0.0018839447
208 12 63 76.244 2.516 73.728 0.01642056
208 13 63 76.916 3.189 73.727 0.018129193
208 14 85 77.439 3.711 73.728 0.0053519013
208 15 81 77.75 4.022 73.728 0.00098881796
208 16 80 77.819 4.092 73.727 0.00044530847
208 17 81 77.656 3.929 73.727 0.0010468445
208 18 82 77.305 3.577 73.728 0.0020635777
208 19 79 76.831 3.104 73.727 0.00044042172
208 20 86 76.292 2.564 73.728 0.0088228553
208 21 69 75.788 2.06 73.728 0.0043135346
208 22 78 75.416 1.689 73.727 0.00062507862
208 23 69 75.255 1.528 73.727 0.0036627245
208 24 85 75.431 1.704 73.727 0.0085720113
208 25 85 75.955 2.228 73.727 0.0076589065
208 26 62 76.88 3.152 73.728 0.020727909
208 27 74 78.109 4.382 73.727 0.0015805997
208 28 89 79.336 5.609 73.727 0.0087430601
208 29 86 80.31 6.583 73.727 0.0030309178
208 30 86 80.91 7.183 73.727 0.0024254101
208 31 82 81.071 7.343 73.728 8.0794361e-05
209 0 85 82.11 6.848 75.262 0.00078188937
209 1 67 81.449 6.187 75.262 0.019544529
209 2 78 80.513 5.251 75.262 0.00059120024
209 3 64 79.435 4.173 75.262 0.02230298
209 4 81 78.347 3.084 75.263 0.000658907
209 5 75 77.365 2.102 75.263 0.0005236148
209 6 81 76.592 1.329 75.263 0.0018190004
209 7 72 76.085 0.823 75.262 0.0015621896
209 8 74 75.773 0.511 75.262 0.0002942843
209 9 73 75.827 0.565 75.262 0.00074817164
209 10 61 76.322 1.06 75.262 0.021977614
209 11 74 76.996 1.734 75.262 0.00084029783
209 12 85 77.704 2.442 75.262 0.0049833257
209 13 73 78.355 3.093 75.262 0.0026845319
209 14 72 78.861 3.598 75.263 0.0044068114
209 15 78 79.161 3.899 75.262 0.00012618684
209 16 99 79.227 3.965 75.262 0.036601152
209 17 80 79.069 3.806 75.263 8.1142612e-05
209 18 81 78.728 3.465 75.263 0.00048324379
209 19 87 78.269 3.006 75.263 0.007136374
209 20 86 77.746 2.484 75.262 0.0063779124
209 21 86 77.258 1.995 75.263 0.0071543672
209 22 83 76.898 1.636 75.262 0.0034857323
209 23 75 76.743 1.48 75.263 0.0002844097
209 24 84 76.915 1.652 75.263 0.0046992585
209 25 78 77.425 2.163 75.262 3.0951757e-05
209 26 88 78.325 3.063 75.262 0.008762975
209 27 80 79.521 4.259 75.262 2.1479326e-05
209 28 82 80.714 5.452 75.262 0.0001548216
209 29 83 81.661 6.398 75.263 0.00016784592
209 30 77 82.244 6.981 75.263 0.0025743939
209 31 71 82.399 7.136 75.263 0.012164188
210 0 77 80.309 6.649 73.66 0.0010250455
210 1 79 79.666 6.005 73.661 4.1523895e-05
210 2 83 78.755 5.095 73.66 0.0016869609
210 3 74 77.708 4.047 73.661 0.0012871497
210 4 60 76.65 2.99 73.66 0.025952434
210 5 80 75.697 2.036 73.661 0.0017333741
210 6 60 74.947 1.286 73.661 0.020914991
210 7 72 74.456 0.796 73.66 0.00056468513
210 8 50 74.155 0.494 73.661 0.054621511
210 9 88 74.208 0.547 73.661 0.017807548
210 10 68 74.688 1.028 73.66 0.0041873779
210 11 81 75.342 1.681 73.661 0.0029969225
210 12 85 76.028 2.367 73.661 0.007535779
210 13 77 76.658 2.998 73.66 1.094969e-05
210 14 72 77.147 3.486 73.661 0.0024800359
210 15 72 77.436 3.776 73.66 0.0027663589
210 16 82 77.499 3.839 73.66 0.0018965646
210 17 72 77.345 3.684 73.661 0.002674515
210 18 87 77.014 3.354 73.66 0.009335396
210 19 78 76.57 2.909 73.661 0.00019143516
210 20 97 76.064 2.404 73.66 0.041033356
210 21 88 75.592 1.931 73.661 0.01441296
210 22 82 75.244 1.584 73.66 0.0042729608
210 23 69 75.094 1.433 73.661 0.0034765984
210 24 56 75.262 1.601 73.661 0.034733806
210 25 85 75.759 2.098 73.661 0.0079944311
210 26 70 76.634 2.973 73.661 0.0041200317
210 27 71 77.796 4.135 73.661 0.0043237081
210 28 86 78.955 5.294 73.661 0.0046463468
210 29 93 79.875 6.214 73.661 0.016126802
210 30 75 80.441 6.78 73.661 0.0027714502
210 31 92 80.591 6.93 73.661 0.01218554
211 0 97 78.981 6.448 72.533 0.030395619
211 1 81 78.355 5.823 72.532 0.00065493919
211 2 76 77.471 4.939 72.532 0.00020256993
211 3 73 76.454 3.922 72.532 0.0011168486
211 4 71 75.427 2.895 72.532 0.0018347152
211 5 74 74.503 1.97 72.533 2.3685666e-05
211 6 83 73.776 1.243 72.533 0.0079650446
211 7 61 73.301 0.769 72.532 0.014165453
211 8 72 73.009 0.477 72.532 9.5308571e-05
211 9 70 73.061 0.529 72.532 0.00087715488
211 10 72 73.527 0.995 72.532 0.00021828691
211 11 80 74.161 1.629 72.532 0.0031917331
211 12 77 74.825 2.293 72.532 0.00044286172
211 13 77 75.435 2.902 72.533 0.00022928641
211 14 62 75.906 3.374 72.532 0.018103147
211 15 84 76.185 3.653 72.532 0.0057175186
211 16 76 76.245 3.713 72.532 5.6192945e-06
211 17 79 76.095 3.563 72.532 0.00079002693
211 18 71 75.775 3.243 72.532 0.0021345011
211 19 71 75.345 2.813 72.532 0.0017673769
211 20 83 74.856 2.324 72.532 0.0062090499
211 21 70 74.4 1.867 72.533 0.0018124039
211 22 61 74.064 1.531 72.533 0.015977248
211 23 86 73.919 1.386 72.533 0.013663293
211 24 60 74.082 1.55 72.532 0.018564288
211 25 69 74.566 2.033 72.533 0.002900254
211 26 82 75.416 2.884 72.532 0.004058161
211 27 78 76.544 4.012 72.532 0.00019845972
211 28 90 77.669 5.136 72.533 0.014234631
211 29 70 78.561 6.029 72.532 0.0068611769
211 30 89 79.11 6.578 72.532 0.0091567679
211 31 77 79.255 6.722 72.533 0.0004760392
212 0 77 75.95 6.246 69.704 0.00010321153
212 1 77 75.343 5.639 69.704 0.00025703641
212 2 62 74.485 4.781 69.704 0.0145924
212 3 79 73.499 3.795 69.704 0.0028329109
212 4 82 72.504 2.8 69.704 0.0084417218
212 5 71 71.608 1.904 69.704 3.4606429e-05
212 6 79 70.905 1.2 69.705 0.0061345587
212 7 71 70.446 0.741 69.705 2.8732218e-05
212 8 60 70.165 0.46 69.705 0.0096730713
212 9 68 70.215 0.511 69.704 0.00045930068
212 10 75 70.667 0.962 69.705 0.0017576282
212 11 74 71.28 1.576 69.704 0.00069260788
212 12 76 71.922 2.218 69.704 0.0015568403
212 13 71 72.511 2.806 69.705 0.00021373643
212 14 69 72.965 3.261 69.704 0.0014717566
212 15 65 73.234 3.529 69.705 0.0063470417
212 16 70 73.291 3.586 69.705 0.001013924
212 17 85 73.145 3.441 69.704 0.013156875
212 18 76 72.836 3.131 69.705 0.00093717905
212 19 63 72.42 2.716 69.704 0.0083071381
212 20 78 71.948 2.244 69.704 0.0034288419
212 21 68 71.507 1.803 69.704 0.0011513866
212 22 78 71.183 1.479 69.704 0.0043504703
212 23 79 71.043 1.339 69.704 0.005927183
212 24 61 71.203 1.498 69.705 0.0097455285
212 25 71 71.672 1.968 69.704 4.2275443e-05
212 26 56 72.497 2.793 69.704 0.025477662
212 27 64 73.591 3.886 69.705 0.0086114722
212 28 75 74.681 4.977 69.704 9.5264477e-06
212 29 89 75.546 5.841 69.705 0.016945425
212 30 87 76.077 6.373 69.704 0.011169494
212 31 71 76.217 6.512 69.705 0.0025479523
213 0 73 75.804 6.04 69.764 0.00073604716
213 1 89 75.216 5.452 69.764 0.017786895
213 2 80 74.385 4.621 69.764 0.0029515432
213 3 69 73.43 3.666 69.764 0.0018372027
213 4 71 72.467 2.703 69.764 0.00020146975
213 5 65 71.601 1.837 69.764 0.0040791445
213 6 69 70.921 1.157 69.764 0.00034546524
213 7 64 70.479 0.714 69.765 0.003929756
213 8 69 70.208 0.443 69.765 0.00013661031
213 9 61 70.257 0.493 69.764 0.0080221384
213 10 65 70.694 0.929 69.765 0.0030351807
213 11 79 71.286 1.522 69.764 0.0055706887
213 12 87 71.906 2.142 69.764 0.021328402
213 13 81 72.473 2.709 69.764 0.0068067868
213 14 65 72.911 3.146 69.765 0.0058588502
213 15 73 73.169 3.404 69.765 2.6737638e-06
213 16 75 73.223 3.458 69.765 0.00029561365
213 17 83 73.082 3.317 69.765 0.0092086895
213 18 78 72.783 3.018 69.765 0.0025479523
213 19 81 72.382 2.618 69.764 0.0069528459
213 20 80 71.927 2.163 69.764 0.0061012599
213 21 76 71.503 1.738 69.765 0.0018931952
213 22 65 71.19 1.426 69.764 0.0035869962
213 23 77 71.056 1.291 69.765 0.0033075561
213 24 71 71.211 1.446 69.765 4.1678735e-06
213 25 60 71.666 1.901 69.765 0.012740708
213 26 60 72.465 2.7 69.765 0.014545685
213 27 69 73.523 3.759 69.764 0.00191515
213 28 63 74.578 4.813 69.765 0.012549219
213 29 65 75.414 5.65 69.764 0.010152775
213 30 71 75.928 6.164 69.764 0.0022734794
213 31 92 76.063 6.298 69.765 0.023777313
214 0 57 75.237 5.828 69.409 0.031135541
214 1 59 74.668 5.259 69.409 0.022981414
214 2 71 73.865 4.456 69.409 0.00076842038
214 3 87 72.943 3.534 69.409 0.018498432
214 4 70 72.013 2.604 69.409 0.00037934745
214 5 64 71.177 1.768 69.409 0.0048220923
214 6 75 70.522 1.113 69.409 0.0018772314
214 7 67 70.096 0.686 69.41 0.00089732864
214 8 73 69.835 0.426 69.409 0.00093777155
214 9 64 69.884 0.474 69.41 0.0032411188
214 10 76 70.305 0.895 69.41 0.0030362469
214 11 68 70.876 1.467 69.409 0.00077433232
214 12 93 71.473 2.064 69.409 0.043382707
214 13 65 72.019 2.609 69.41 0.0046121148
214 14 96 72.439 3.03 69.409 0.051968127
214 15 74 72.686 3.277 69.409 0.00016163684
214 16 65 72.737 3.328 69.409 0.0056039573
214 17 82 72.601 3.191 69.41 0.0082701412
214 18 71 72.313 2.904 69.409 0.00016139091
214 19 81 71.927 2.518 69.409 0.0077063982
214 20 85 71.49 2.08 69.41 0.017086784
214 21 63 71.081 1.672 69.409 0.0061133581
214 22 79 70.781 1.371 69.41 0.0063239377
214 23 68 70.652 1.243 69.409 0.00065841037
214 24 72 70.802 1.393 69.409 0.00013435792
214 25 63 71.242 1.833 69.409 0.006359381
214 26 82 72.015 2.605 69.41 0.0093335264
214 27 74 73.037 3.627 69.41 8.6816485e-05
214 28 60 74.055 4.646 69.409 0.018493168
214 29 62 74.863 5.453 69.41 0.015489385
214 30 63 75.358 5.949 69.409 0.014297036
214 31 79 75.488 6.078 69.41 0.001154672
215 0 84 76.55 5.609 70.941 0.0051959166
215 1 89 76.001 5.06 70.941 0.015818653
215 2 87 75.227 4.286 70.941 0.012975494
215 3 80 74.338 3.398 70.94 0.0030011614
215 4 74 73.443 2.502 70.941 2.904424e-05
215 5 70 72.638 1.698 70.94 0.00065147718
215 6 78 72.008 1.067 70.941 0.0033611913
215 7 77 71.599 0.658 70.941 0.0027308508
215 8 69 71.349 0.408 70.941 0.00051655391
215 9 67 71.396 0.455 70.941 0.0018091101
215 10 67 71.801 0.86 70.941 0.0021578092
215 11 59 72.351 1.41 70.941 0.01668696
215 12 67 72.924 1.983 70.941 0.0032853355
215 13 69 73.448 2.507 70.941 0.0018521629
215 14 72 73.85 2.91 70.94 0.00032040042
215 15 83 74.087 3.146 70.941 0.0074369941
215 16 65 74.135 3.194 70.941 0.0078120808
215 17 68 74.003 3.062 70.941 0.0033735435
215 18 84 73.727 2.786 70.941 0.0098797101
215 19 80 73.357 2.416 70.941 0.0041312181
215 20 64 72.937 1.996 70.941 0.0074770991
215 21 69 72.545 1.604 70.941 0.0011764734
215 22 66 72.257 1.316 70.941 0.0036650671
215 23 69 72.133 1.193 70.94 0.00091890457
215 24 71 72.279 1.338 70.941 0.00015314073
215 25 69 72.704 1.763 70.941 0.0012843742
215 26 69 73.448 2.507 70.941 0.0018521629
215 27 79 74.432 3.491 70.941 0.0019534478
215 28 85 75.413 4.472 70.941 0.0086042908
215 29 71 76.191 5.25 70.941 0.0025226191
215 30 80 76.668 5.727 70.941 0.0010393447
215 31 77 76.792 5.851 70.941 4.0501984e-06
216 0 74 74.807 5.381 69.426 6.0967262e-05
216 1 55 74.28 4.854 69.426 0.034798753
216 2 74 73.536 4.11 69.426 2.0155129e-05
216 3 63 72.683 3.256 69.427 0.0087774727
216 4 91 71.823 2.397 69.426 0.034427934
216 5 69 71.051 1.625 69.426 0.00039380474
216 6 64 70.447 1.02 69.427 0.0038910334
216 7 58 70.055 0.629 69.426 0.013604546
216 8 79 69.816 0.39 69.426 0.0078961133
216 9 65 69.862 0.435 69.427 0.0022129904
216 10 71 70.25 0.824 69.426 5.2658945e-05
216 11 73 70.777 1.351 69.426 0.00046262441
216 12 77 71.326 1.9 69.426 0.0030138962
216 13 74 71.827 2.401 69.426 0.00044204764
216 14 70 72.212 2.785 69.427 0.00045805736
216 15 74 72.437 3.011 69.426 0.00022870075
216 16 76 72.482 3.056 69.426 0.0011586207
216 17 68 72.356 2.929 69.427 0.001776337
216 18 65 72.091 2.665 69.426 0.0047072211
216 19 59 71.737 2.311 69.426 0.015187417
216 20 74 71.335 1.909 69.426 0.0006648812
216 21 70 70.96 1.534 69.426 8.6276415e-05
216 22 90 70.685 1.259 69.426 0.034925212
216 23 78 70.567 1.141 69.426 0.0051722307
216 24 68 70.707 1.281 69.426 0.00068600319
216 25 74 71.116 1.69 69.426 0.00077864614
216 26 69 71.831 2.405 69.426 0.00075029035
216 27 86 72.776 3.35 69.426 0.016371004
216 28 72 73.718 4.292 69.426 0.00027630958
216 29 82 74.464 5.038 69.426 0.0053165684
216 30 75 74.922 5.496 69.426 5.6955914e-07
216 31 66 75.04 5.614 69.426 0.0076504412
217 0 77 71.257 5.144 66.113 0.0030876442
217 1 76 70.752 4.639 66.113 0.0025783227
217 2 58 70.04 3.927 66.113 0.013570711
217 3 77 69.223 3.11 66.113 0.0056620516
217 4 66 68.4 2.287 66.113 0.00053922759
217 5 75 67.662 1.55 66.112 0.0050408647
217 6 79 67.085 0.972 66.113 0.01329039
217 7 69 66.711 0.598 66.113 0.00049050248
217 8 65 66.484 0.371 66.113 0.00020616618
217 9 66 66.528 0.415 66.113 2.6098615e-05
217 10 71 66.9 0.787 66.113 0.0015736833
217 11 74 67.402 1.29 66.112 0.0040754376
217 12 62 67.927 1.814 66.113 0.0032886638
217 13 81 68.404 2.291 66.113 0.014853026
217 14 72 68.77 2.657 66.113 0.00097668534
217 15 55 68.984 2.871 66.113 0.018306801
217 16 69 69.026 2.913 66.113 6.3284349e-08
217 17 56 68.905 2.792 66.113 0.015590701
217 18 74 68.652 2.539 66.113 0.0026775181
217 19 72 68.315 2.202 66.113 0.0012712314
217 20 62 67.932 1.819 66.113 0.0032942148
217 21 64 67.575 1.462 66.113 0.0011964697
217 22 62 67.312 1.2 66.112 0.0026415921
217 23 60 67.2 1.088 66.112 0.0048530483
217 24 68 67.335 1.222 66.113 4.1399292e-05
217 25 57 67.727 1.614 66.113 0.010772244
217 26 77 68.411 2.299 66.112 0.0069061313
217 27 73 69.316 3.203 66.113 0.0012705415
217 28 67 70.216 4.103 66.113 0.00096823706
217 29 72 70.93 4.817 66.113 0.00010718085
217 30 62 71.367 5.255 66.112 0.0082139237
217 31 76 71.48 5.367 66.113 0.0019126103
218 0 82 75.613 4.897 70.716 0.0038189455
218 1 71 75.132 4.415 70.717 0.001598344
218 2 74 74.453 3.736 70.717 1.9210826e-05
218 3 77 73.674 2.958 70.716 0.0010356049
218 4 61 72.891 2.174 70.717 0.013236903
218 5 78 72.188 1.472 70.716 0.0031622837
218 6 72 71.639 0.923 70.716 1.2200118e-05
218 7 77 71.284 0.567 70.717 0.0030586801
218 8 69 71.068 0.352 70.716 0.00040036001
218 9 83 71.111 0.394 70.717 0.01323245
218 10 77 71.464 0.748 70.716 0.0028690742
218 11 59 71.943 1.226 70.717 0.015682653
218 12 78 72.441 1.724 70.717 0.0028929636
218 13 76 72.893 2.177 70.716 0.00090371633
218 14 76 73.24 2.524 70.716 0.00071312849
218 15 77 73.443 2.726 70.717 0.0011844517
218 16 80 73.482 2.766 70.716 0.0039772083
218 17 71 73.367 2.651 70.716 0.00052450078
218 18 69 73.127 2.41 70.717 0.0015944781
218 19 68 72.806 2.09 70.716 0.002162306
218 20 79 72.443 1.726 70.717 0.0040249454
218 21 76 72.104 1.388 70.716 0.0014209785
218 22 65 71.855 1.139 70.716 0.0043991072
218 23 71 71.749 1.032 70.717 5.2518614e-05
218 24 65 71.877 1.161 70.716 0.0044273889
218 25 73 72.252 1.535 70.717 5.2378471e-05
218 26 75 72.904 2.188 70.716 0.00041127488
218 27 79 73.766 3.049 70.717 0.0025645848
218 28 64 74.624 3.907 70.717 0.010566368
218 29 70 75.303 4.587 70.716 0.0026326485
218 30 63 75.72 5.004 70.716 0.015146903
218 31 82 75.827 5.111 70.716 0.0035673209
219 0 56 71.484 4.642 66.842 0.022444811
219 1 61 71.027 4.184 66.843 0.009412211
219 2 65 70.382 3.54 66.842 0.0027116711
219 3 75 69.643 2.801 66.842 0.0026865376
219 4 71 68.9 2.058 66.842 0.00041284613
219 5 74 68.234 1.392 66.842 0.003112425
219 6 64 67.714 0.872 66.842 0.0012913186
219 7 66 67.378 0.536 66.842 0.00017776574
219 8 72 67.175 0.332 66.843 0.0021794367
219 9 67 67.215 0.373 66.842 4.327395e-06
219 10 68 67.55 0.708 66.842 1.895722e-05
219 11 64 68.003 1.161 66.842 0.001500102
219 12 74 68.474 1.632 66.842 0.0028587184
219 13 80 68.902 2.06 66.842 0.011530259
219 14 76 69.23 2.388 66.842 0.0042906882
219 15 65 69.42 2.578 66.842 0.0018289177
219 16 66 69.457 2.615 66.842 0.0011187895
219 17 72 69.347 2.505 66.842 0.000658907
219 18 70 69.12 2.278 66.842 7.2496154e-05
219 19 65 68.817 1.975 66.842 0.0013639358
219 20 64 68.474 1.631 66.843 0.0018738792
219 21 80 68.154 1.311 66.843 0.013136906
219 22 70 67.918 1.076 66.842 0.00040579909
219 23 76 67.818 0.976 66.842 0.0062671281
219 24 74 67.941 1.098 66.843 0.0034367784
219 25 64 68.296 1.454 66.842 0.0017277391
219 26 67 68.916 2.074 66.842 0.00034366922
219 27 65 69.733 2.891 66.842 0.0020971169
219 28 78 70.547 3.705 66.842 0.005200102
219 29 65 71.192 4.349 66.843 0.0035893145
219 30 67 71.586 4.744 66.842 0.0019688731
219 31 67 71.688 4.845 66.843 0.0020574289
220 0 67 71.613 4.381 67.232 0.0019921248
220 1 66 71.18 3.949 67.231 0.0025119393
220 2 71 70.571 3.339 67.232 1.7229164e-05
220 3 68 69.873 2.641 67.232 0.00032841666
220 4 66 69.171 1.939 67.232 0.00094133045
220 5 66 68.542 1.311 67.231 0.00060492386
220 6 71 68.051 0.82 67.231 0.00081414014
220 7 81 67.735 0.504 67.231 0.016472675
220 8 57 67.544 0.312 67.232 0.010407835
220 9 63 67.582 0.351 67.231 0.00196544
220 10 66 67.898 0.667 67.231 0.0003372423
220 11 81 68.326 1.094 67.232 0.015037548
220 12 58 68.77 1.538 67.232 0.01085878
220 13 54 69.172 1.941 67.231 0.021549405
220 14 65 69.48 2.249 67.231 0.0018789086
220 15 90 69.659 2.427 67.232 0.038734167
220 16 92 69.693 2.461 67.232 0.046583483
220 17 82 69.589 2.358 67.231 0.014419931
220 18 72 69.375 2.143 67.232 0.00064507207
220 19 59 69.09 1.858 67.232 0.0095308571
220 20 73 68.767 1.535 67.232 0.0016774368
220 21 60 68.465 1.234 67.231 0.0067081621
220 22 66 68.244 1.012 67.232 0.00047140624
220 23 66 68.15 0.919 67.231 0.0004327395
220 24 63 68.266 1.035 67.231 0.0025960397
220 25 77 68.603 1.371 67.232 0.0066008206
220 26 62 69.189 1.957 67.232 0.0048382309
220 27 81 69.96 2.729 67.231 0.011410056
220 28 80 70.729 3.497 67.232 0.0080464216
220 29 63 71.338 4.106 67.232 0.0065083875
220 30 58 71.71 4.479 67.231 0.017596429
220 31 74 71.805 4.574 67.231 0.00045104375
221 0 75 72.828 4.119 68.709 0.00044164088
221 1 73 72.421 3.711 68.71 3.1383888e-05
221 2 62 71.847 3.138 68.709 0.0090773169
221 3 62 71.19 2.481 68.709 0.0079064339
221 4 82 70.53 1.82 68.71 0.012316192
221 5 76 69.939 1.229 68.71 0.0034390476
221 6 68 69.478 0.768 68.71 0.00020450244
221 7 83 69.181 0.471 68.71 0.017877338
221 8 76 69.002 0.292 68.71 0.0045845583
221 9 70 69.038 0.329 68.709 8.6636274e-05
221 10 60 69.335 0.626 68.709 0.0081578979
221 11 64 69.737 1.027 68.71 0.003081196
221 12 65 70.153 1.444 68.709 0.0024858213
221 13 89 70.531 1.821 68.71 0.031932755
221 14 68 70.819 2.109 68.71 0.00074394319
221 15 70 70.986 2.276 68.71 9.1013005e-05
221 16 53 71.017 2.307 68.71 0.030388872
221 17 70 70.919 2.21 68.709 7.9064339e-05
221 18 76 70.718 2.008 68.71 0.0026118391
221 19 81 70.451 1.741 68.71 0.010417709
221 20 72 70.148 1.438 68.71 0.00032109355
221 21 78 69.866 1.156 68.71 0.0061938111
221 22 70 69.658 0.949 68.709 1.094969e-05
221 23 89 69.571 0.861 68.71 0.035338696
221 24 67 69.68 0.971 68.709 0.00067238685
221 25 59 69.997 1.288 68.709 0.011321346
221 26 62 70.549 1.839 68.71 0.0068419557
221 27 70 71.275 2.565 68.71 0.00015218435
221 28 64 71.998 3.288 68.71 0.0059884224
221 29 67 72.571 3.861 68.71 0.002905467
221 30 65 72.921 4.211 68.71 0.0058736714
221 31 74 73.01 4.3 68.71 9.1752945e-05
222 0 84 70.787 3.859 66.928 0.016343779
222 1 74 70.404 3.476 66.928 0.0012105674
222 2 68 69.866 2.938 66.928 0.00032596645
222 3 68 69.25 2.322 66.928 0.00014627485
222 4 59 68.631 1.702 66.929 0.0086834516
222 5 83 68.077 1.149 66.928 0.02084788
222 6 69 67.645 0.717 66.928 0.00017188114
222 7 50 67.368 0.44 66.928 0.028238996
222 8 65 67.201 0.273 66.928 0.00045351297
222 9 62 67.235 0.307 66.928 0.0025655648
222 10 71 67.514 0.585 66.929 0.0011376388
222 11 63 67.889 0.961 66.928 0.0022376373
222 12 61 68.279 1.35 66.929 0.00496013
222 13 47 68.631 1.703 66.928 0.043802895
222 14 63 68.9 1.972 66.928 0.0032587695
222 15 85 69.055 2.127 66.928 0.02380119
222 16 75 69.084 2.155 66.929 0.0032764682
222 17 81 68.992 2.064 66.928 0.01349867
222 18 77 68.804 1.876 66.928 0.0062885935
222 19 56 68.554 1.626 66.928 0.014754139
222 20 82 68.272 1.343 66.929 0.017642664
222 21 76 68.008 1.08 66.928 0.0059794408
222 22 58 67.814 0.886 66.928 0.0090165777
222 23 81 67.733 0.804 66.929 0.016477643
222 24 63 67.836 0.907 66.929 0.0021893854
222 25 79 68.134 1.205 66.929 0.011053225
222 26 50 68.651 1.723 66.928 0.032565209
222 27 81 69.332 2.404 66.928 0.012745077
222 28 61 70.01 3.082 66.928 0.0075997482
222 29 64 70.547 3.618 66.929 0.0040126779
222 30 75 70.875 3.946 66.929 0.0015929331
222 31 70 70.958 4.03 66.928 8.5917304e-05
223 0 73 69.74 3.607 66.133 0.00099491235
223 1 62 69.381 3.248 66.133 0.0051001158
223 2 52 68.878 2.744 66.134 0.02666807
223 3 71 68.301 2.168 66.133 0.00068195449
223 4 76 67.722 1.589 66.133 0.0064150562
223 5 67 67.204 1.071 66.133 3.8959194e-06
223 6 70 66.801 0.668 66.133 0.00095802778
223 7 58 66.543 0.409 66.134 0.0068323552
223 8 80 66.387 0.254 66.133 0.017348316
223 9 69 66.419 0.286 66.133 0.00062362804
223 10 78 66.679 0.546 66.133 0.011998286
223 11 48 67.03 0.897 66.133 0.033902147
223 12 69 67.393 1.26 66.133 0.00024175829
223 13 72 67.722 1.588 66.134 0.0017132912
223 14 90 67.972 1.838 66.134 0.045425504
223 15 58 68.116 1.983 66.133 0.0095800387
223 16 53 68.142 2.009 66.133 0.021464269
223 17 75 68.056 1.923 66.133 0.0045140779
223 18 65 67.881 1.747 66.134 0.00077702705
223 19 70 67.648 1.514 66.134 0.00051787418
223 20 70 67.384 1.251 66.133 0.0006406563
223 21 55 67.139 1.006 66.133 0.013794801
223 22 74 66.959 0.825 66.134 0.0046410721
223 23 75 66.883 0.749 66.134 0.0061679482
223 24 64 66.98 0.846 66.134 0.00083134665
223 25 67 67.259 1.125 66.134 6.2798483e-06
223 26 79 67.743 1.61 66.133 0.011863012
223 27 59 68.38 2.247 66.133 0.0082367389
223 28 68 69.014 2.881 66.133 9.6255495e-05
223 29 70 69.516 3.383 66.133 2.1930087e-05
223 30 51 69.823 3.689 66.134 0.033168613
223 31 82 69.9 3.767 66.133 0.013706304
224 0 68 69.646 3.367 66.279 0.00025363506
224 1 72 69.31 3.032 66.278 0.00067741402
224 2 64 68.839 2.561 66.278 0.0021921026
224 3 67 68.3 2.022 66.278 0.00015821087
224 4 67 67.759 1.481 66.278 5.3930342e-05
224 5 81 67.276 0.997 66.279 0.017632384
224 6 61 66.9 0.621 66.279 0.0032587695
224 7 70 66.659 0.38 66.279 0.001044967
224 8 60 66.514 0.236 66.278 0.0039723283
224 9 73 66.545 0.266 66.279 0.0039006961
224 10 74 66.787 0.509 66.278 0.004870589
224 11 53 67.114 0.836 66.278 0.018648755
224 12 63 67.453 1.174 66.279 0.0018563293
224 13 65 67.758 1.48 66.278 0.00071209535
224 14 69 67.991 1.712 66.279 9.5308571e-05
224 15 91 68.124 1.846 66.278 0.048990266
224 16 62 68.148 1.87 66.278 0.0035384849
224 17 65 68.068 1.789 66.279 0.00088117128
224 18 69 67.904 1.626 66.278 0.00011245292
224 19 65 67.688 1.409 66.279 0.00067640709
224 20 81 67.443 1.164 66.279 0.017205877
224 21 75 67.214 0.936 66.278 0.0056751641
224 22 68 67.047 0.768 66.279 8.5022804e-05
224 23 65 66.976 0.697 66.279 0.0003655304
224 24 61 67.067 0.788 66.279 0.0034458599
224 25 59 67.328 1.05 66.278 0.0064927855
224 26 62 67.781 1.503 66.278 0.0031286398
224 27 64 68.377 2.098 66.279 0.0017935055
224 28 56 68.969 2.69 66.279 0.015745723
224 29 72 69.438 3.159 66.279 0.00061448017
224 30 79 69.724 3.445 66.279 0.0080551031
224 31 71 69.796 3.517 66.279 0.00013570711
225 0 62 68.036 3.145 64.891 0.0034107358
225 1 79 67.722 2.831 64.891 0.011907314
225 2 70 67.281 2.39 64.891 0.00069209871
225 3 60 66.777 1.886 64.891 0.0042995657
225 4 64 66.271 1.38 64.891 0.00048281849
225 5 62 65.82 0.929 64.891 0.0013660807
225 6 71 65.469 0.578 64.891 0.002863894
225 7 58 65.244 0.354 64.89 0.0049125446
225 8 59 65.11 0.219 64.891 0.0034948782
225 9 75 65.139 0.248 64.891 0.0091031467
225 10 69 65.365 0.474 64.891 0.001236968
225 11 63 65.67 0.779 64.891 0.0006673784
225 12 78 65.986 1.095 64.891 0.013512163
225 13 73 66.27 1.379 64.891 0.0042401357
225 14 71 66.486 1.595 64.891 0.001907536
225 15 70 66.61 1.719 64.891 0.0010758433
225 16 56 66.632 1.741 64.891 0.010582288
225 17 60 66.556 1.666 64.89 0.0040237178
225 18 78 66.404 1.513 64.891 0.01258827
225 19 65 66.202 1.311 64.891 0.00013525663
225 20 61 65.974 1.083 64.891 0.0023161207
225 21 66 65.761 0.871 64.89 5.3474339e-06
225 22 67 65.605 0.715 64.89 0.00018217888
225 23 70 65.54 0.649 64.891 0.0018621701
225 24 65 65.625 0.735 64.89 3.6568711e-05
225 25 63 65.87 0.979 64.891 0.00077110482
225 26 55 66.294 1.403 64.891 0.011941124
225 27 63 66.85 1.96 64.89 0.0013876217
225 28 69 67.404 2.513 64.891 0.00023845992
225 29 66 67.842 2.951 64.891 0.00031763538
225 30 65 68.11 3.219 64.891 0.00090546236
225 31 71 68.176 3.286 64.89 0.00074658457
226 0 68 67.902 2.943 64.959 8.9908712e-07
226 1 61 67.608 2.648 64.96 0.0040878005
226 2 77 67.194 2.235 64.959 0.0090018838
226 3 69 66.722 1.763 64.959 0.0004857995
226 4 60 66.248 1.289 64.959 0.0036545311
226 5 72 65.826 0.867 64.959 0.0035684768
226 6 63 65.498 0.539 64.959 0.0005841636
226 7 77 65.288 0.329 64.959 0.012841382
226 8 55 65.163 0.204 64.959 0.0096692653
226 9 65 65.19 0.231 64.959 3.379534e-06
226 10 62 65.402 0.443 64.959 0.0010834734
226 11 53 65.687 0.728 64.959 0.015068413
226 12 75 65.982 1.023 64.959 0.0076132499
226 13 76 66.247 1.288 64.959 0.008904839
226 14 61 66.448 1.489 64.959 0.0027785859
226 15 65 66.563 1.604 64.959 0.00022870075
226 16 52 66.583 1.624 64.959 0.019908722
226 17 76 66.512 1.553 64.959 0.0084275042
226 18 67 66.37 1.411 64.959 3.7156151e-05
226 19 72 66.182 1.222 64.96 0.0031688163
226 20 72 65.969 1.01 64.959 0.0034050875
226 21 78 65.771 0.812 64.959 0.014000112
226 22 63 65.625 0.666 64.959 0.00064507207
226 23 83 65.564 0.605 64.959 0.028460554
226 24 58 65.645 0.686 64.959 0.0054714773
226 25 50 65.875 0.915 64.96 0.02359267
226 26 68 66.272 1.313 64.959 0.00027953558
226 27 61 66.793 1.834 64.959 0.0031416419
226 28 51 67.311 2.352 64.959 0.024906391
226 29 83 67.721 2.762 64.959 0.02185443
226 30 56 67.972 3.013 64.959 0.013417853
226 31 74 68.034 3.075 64.959 0.0033320854
227 0 62 65.503 2.763 62.74 0.0011487616
227 1 64 65.226 2.486 62.74 0.00014071181
227 2 66 64.837 2.097 62.74 0.00012662197
227 3 76 64.393 1.653 62.74 0.012612164
227 4 71 63.948 1.208 62.74 0.0046555847
227 5 52 63.551 0.811 62.74 0.012490758
227 6 70 63.244 0.504 62.74 0.0042729608
227 7 71 63.048 0.308 62.74 0.0059197364
227 8 63 62.931 0.191 62.74 4.4570531e-07
227 9 64 62.956 0.216 62.74 0.00010203534
227 10 48 63.155 0.415 62.74 0.021501141
227 11 65 63.422 0.682 62.74 0.00023311146
227 12 69 63.698 0.958 62.74 0.0026316557
227 13 57 63.946 1.206 62.74 0.0045166785
227 14 66 64.134 1.394 62.74 0.00032596645
227 15 61 64.241 1.501 62.74 0.00098334901
227 16 70 64.259 1.519 62.74 0.0030854941
227 17 62 64.193 1.453 62.74 0.00045022218
227 18 51 64.06 1.319 62.741 0.015967465
227 19 56 63.883 1.143 62.74 0.0058174502
227 20 61 63.684 0.944 62.74 0.00067439547
227 21 66 63.499 0.759 62.74 0.00058556756
227 22 72 63.363 0.623 62.74 0.0069835374
227 23 58 63.306 0.566 62.74 0.002635628
227 24 56 63.382 0.642 62.74 0.0051014978
227 25 57 63.599 0.858 62.741 0.004076673
227 26 68 63.972 1.232 62.74 0.0015188978
227 27 58 64.462 1.722 62.74 0.0039091608
227 28 76 64.949 2.209 62.74 0.011432805
227 29 65 65.334 2.594 62.74 1.0443415e-05
227 30 76 65.569 2.829 62.74 0.010185949
227 31 73 65.627 2.887 62.74 0.0050890661
228 0 51 64.015 2.605 61.41 0.015857619
228 1 77 63.753 2.343 61.41 0.016428
228 2 65 63.386 1.976 61.41 0.00024386905
228 3 65 62.967 1.557 61.41 0.00038692285
228 4 67 62.547 1.137 61.41 0.0018563293
228 5 54 62.172 0.763 61.409 0.0062518182
228 6 59 61.883 0.473 61.41 0.00077810626
228 7 65 61.698 0.288 61.41 0.0010207133
228 8 65 61.589 0.179 61.41 0.0010892136
228 9 58 61.613 0.203 61.41 0.0012220404
228 10 64 61.8 0.39 61.41 0.00045310096
228 11 57 62.052 0.642 61.41 0.0023893309
228 12 57 62.311 0.902 61.409 0.0026405976
228 13 58 62.544 1.135 61.409 0.0019329751
228 14 73 62.72 1.311 61.409 0.0098931787
228 15 46 62.821 1.411 61.41 0.026488249
228 16 71 62.837 1.427 61.41 0.0062380552
228 17 61 62.775 1.365 61.41 0.0002949486
228 18 64 62.649 1.239 61.41 0.00017086784
228 19 68 62.483 1.074 61.409 0.0028494142
228 20 65 62.297 0.887 61.41 0.00068397734
228 21 62 62.123 0.713 61.41 1.416315e-06
228 22 60 61.995 0.585 61.41 0.00037259363
228 23 50 61.942 0.532 61.41 0.013350691
228 24 71 62.014 0.604 61.41 0.0075593152
228 25 59 62.218 0.808 61.41 0.00096944171
228 26 54 62.571 1.161 61.41 0.0068772152
228 27 56 63.033 1.623 61.41 0.0046305317
228 28 71 63.493 2.083 61.41 0.0052757287
228 29 64 63.856 2.446 61.41 1.9412193e-06
228 30 69 64.078 2.668 61.41 0.0022679467
228 31 79 64.133 2.723 61.41 0.020691706
229 0 70 62.972 2.469 60.503 0.00462395
229 1 67 62.723 2.22 60.503 0.0017124903
229 2 66 62.374 1.872 60.502 0.0012308503
229 3 62 61.976 1.474 60.502 5.3922759e-08
229 4 63 61.578 1.075 60.503 0.00018929922
229 5 67 61.223 0.721 60.502 0.0031243117
229 6 58 60.949 0.446 60.503 0.00081414014
229 7 64 60.774 0.272 60.502 0.0009742678
229 8 52 60.671 0.169 60.502 0.0070386277
229 9 52 60.694 0.192 60.502 0.0070760174
229 10 60 60.872 0.369 60.503 7.1184034e-05
229 11 72 61.11 0.607 60.503 0.011102106
229 12 71 61.355 0.853 60.502 0.0087087152
229 13 52 61.575 1.073 60.502 0.0085827644
229 14 53 61.741 1.239 60.502 0.0071527305
229 15 56 61.836 1.333 60.503 0.0031884542
229 16 60 61.851 1.348 60.503 0.0003207469
229 17 62 61.791 1.289 60.502 4.0892362e-06
229 18 66 61.673 1.17 60.503 0.0017527639
229 19 61 61.516 1.014 60.502 2.4925795e-05
229 20 61 61.34 0.837 60.503 1.0821998e-05
229 21 64 61.175 0.673 60.502 0.0007471134
229 22 45 61.055 0.552 60.503 0.024130718
229 23 61 61.005 0.502 60.503 2.3403975e-09
229 24 62 61.073 0.571 60.502 8.0446859e-05
229 25 67 61.268 0.765 60.503 0.0030758276
229 26 47 61.603 1.1 60.503 0.019963367
229 27 73 62.041 1.539 60.502 0.01124324
229 28 55 62.477 1.975 60.502 0.0052336465
229 29 60 62.822 2.32 60.502 0.00074552746
229 30 78 63.032 2.53 60.502 0.020973802
229 31 67 63.084 2.581 60.503 0.0014356051
230 0 61 61.623 2.354 59.269 3.6335046e-05
230 1 55 61.385 2.116 59.269 0.0038165541
230 2 57 61.053 1.783 59.27 0.0015378105
230 3 58 60.673 1.403 59.27 0.00066887897
230 4 69 60.293 1.023 59.27 0.0070971946
230 5 53 59.954 0.685 59.269 0.0045270886
230 6 54 59.693 0.424 59.269 0.0030341147
230 7 44 59.527 0.258 59.269 0.022569645
230 8 52 59.429 0.16 59.269 0.0051666654
230 9 66 59.452 0.182 59.27 0.0040139038
230 10 78 59.62 0.351 59.269 0.031625736
230 11 51 59.847 0.578 59.269 0.0073272613
230 12 56 60.081 0.811 59.27 0.0015591317
230 13 72 60.29 1.02 59.27 0.012836996
230 14 51 60.447 1.178 59.269 0.0083548269
230 15 61 60.536 1.267 59.269 2.0155129e-05
230 16 52 60.55 1.281 59.269 0.0068435564
230 17 68 60.494 1.224 59.27 0.0052743233
230 18 52 60.381 1.111 59.27 0.0065756896
230 19 68 60.232 0.962 59.27 0.0056489542
230 20 69 60.064 0.795 59.269 0.0074754259
230 21 72 59.908 0.639 59.269 0.013688186
230 22 50 59.794 0.525 59.269 0.0089798653
230 23 54 59.746 0.477 59.269 0.0030908709
230 24 72 59.812 0.543 59.269 0.013906394
230 25 61 59.998 0.729 59.269 9.3990739e-05
230 26 61 60.318 1.049 59.269 4.3543003e-05
230 27 64 60.736 1.467 59.269 0.00099735535
230 28 62 61.152 1.883 59.269 6.7319569e-05
230 29 52 61.481 2.212 59.269 0.0084150736
230 30 67 61.681 2.412 59.269 0.0026485587
230 31 70 61.73 2.461 59.269 0.006402663
231 0 65 63.916 2.256 61.66 0.00011000393
231 1 74 63.688 2.028 61.66 0.0099548663
231 2 60 63.368 1.708 61.66 0.0010619249
231 3 59 63.004 1.344 61.66 0.0015008516
231 4 59 62.639 0.979 61.66 0.0012396918
231 5 55 62.315 0.655 61.66 0.0050093143
231 6 57 62.064 0.404 61.66 0.0024006952
231 7 52 61.906 0.246 61.66 0.0091864194
231 8 56 61.812 0.152 61.66 0.0031622837
231 9 55 61.834 0.174 61.66 0.0043721955
231 10 80 61.996 0.336 61.66 0.030345034
231 11 81 62.213 0.553 61.66 0.033041861
231 12 65 62.436 0.776 61.66 0.00061543992
231 13 57 62.636 0.976 61.66 0.0029736619
231 14 56 62.786 1.126 61.66 0.0043109932
231 15 57 62.871 1.211 61.66 0.0032268129
231 16 67 62.884 1.224 61.66 0.0015859897
231 17 69 62.829 1.169 61.66 0.0035650097
231 18 67 62.721 1.061 61.66 0.0017140923
231 19 68 62.579 0.919 61.66 0.0027511131
231 20 62 62.419 0.759 61.66 1.6435301e-05
231 21 70 62.27 0.61 61.66 0.0055938216
231 22 60 62.161 0.501 61.66 0.00043717886
231 23 51 62.116 0.456 61.66 0.011567692
231 24 64 62.179 0.519 61.66 0.00031043417
231 25 59 62.358 0.698 61.66 0.0010556283
231 26 66 62.665 1.005 61.66 0.0010412171
231 27 71 63.066 1.406 61.66 0.0058929671
231 28 75 63.465 1.805 61.66 0.012456178
231 29 48 63.781 2.121 61.66 0.0233141
231 30 70 63.973 2.313 61.66 0.0034005722
231 31 52 64.02 2.36 61.66 0.013525663
232 0 65 61.833 2.175 59.658 0.0009389571
232 1 66 61.613 1.954 59.659 0.00180171
232 2 54 61.304 1.646 59.658 0.0049942601
232 3 57 60.952 1.294 59.658 0.0014621216
232 4 59 60.6 0.942 59.658 0.00023965671
232 5 56 60.288 0.629 59.659 0.0017213103
232 6 59 60.046 0.388 59.658 0.00010242666
232 7 53 59.894 0.236 59.658 0.004449305
232 8 73 59.804 0.146 59.658 0.01630175
232 9 71 59.825 0.167 59.658 0.011690812
232 10 61 59.981 0.323 59.658 9.7207101e-05
232 11 73 60.19 0.532 59.658 0.015362004
232 12 56 60.405 0.746 59.659 0.0018165253
232 13 81 60.597 0.938 59.659 0.038970653
232 14 51 60.74 1.082 59.658 0.0088811159
232 15 44 60.822 1.163 59.659 0.026491398
232 16 55 60.834 1.175 59.659 0.0031862693
232 17 70 60.781 1.123 59.658 0.0079564118
232 18 57 60.677 1.019 59.658 0.0012657178
232 19 53 60.541 0.882 59.659 0.0053236256
232 20 75 60.387 0.729 59.658 0.019990718
232 21 75 60.244 0.586 59.658 0.020383883
232 22 62 60.139 0.481 59.658 0.00032422192
232 23 59 60.096 0.437 59.659 0.00011245292
232 24 57 60.157 0.499 59.658 0.00093303683
232 25 59 60.33 0.672 59.658 0.00016559717
232 26 42 60.627 0.968 59.659 0.032481453
232 27 58 61.014 1.356 59.658 0.0008504252
232 28 66 61.399 1.741 59.658 0.0019817738
232 29 55 61.703 2.045 59.658 0.004206182
232 30 58 61.889 2.23 59.659 0.0014158769
232 31 61 61.934 2.275 59.659 8.1666393e-05
233 0 40 59.796 2.108 57.688 0.036686351
233 1 50 59.582 1.893 57.689 0.0085953181
233 2 62 59.282 1.594 57.688 0.00069158972
233 3 40 58.94 1.252 57.688 0.033582233
233 4 49 58.599 0.911 57.688 0.0086258441
233 5 64 58.296 0.608 57.688 0.003045851
233 6 55 58.063 0.374 57.689 0.00087830148
233 7 54 57.916 0.227 57.689 0.0014356051
233 8 56 57.829 0.141 57.688 0.00031316775
233 9 63 57.85 0.161 57.689 0.0024829277
233 10 51 58 0.312 57.688 0.0045871792
233 11 53 58.203 0.514 57.689 0.0025342956
233 12 75 58.41 0.722 57.688 0.025765727
233 13 61 58.595 0.907 57.688 0.00054147671
233 14 60 58.734 1.046 57.688 0.00015004345
233 15 65 58.812 1.124 57.688 0.0035846787
233 16 53 58.823 1.135 57.688 0.0031742652
233 17 69 58.772 1.084 57.688 0.0097933452
233 18 67 58.672 0.984 57.688 0.0064927855
233 19 55 58.54 0.852 57.688 0.001173157
233 20 65 58.391 0.703 57.688 0.0040890378
233 21 52 58.253 0.565 57.688 0.0036603826
233 22 61 58.152 0.464 57.688 0.00075932831
233 23 69 58.111 0.422 57.689 0.011100067
233 24 59 58.17 0.482 57.688 6.4491994e-05
233 25 61 58.338 0.65 57.688 0.00066338512
233 26 53 58.626 0.938 57.688 0.0029631189
233 27 71 59.002 1.314 57.688 0.013476197
233 28 68 59.375 1.687 57.688 0.0069641454
233 29 64 59.67 1.982 57.688 0.0017551952
233 30 63 59.85 2.162 57.688 0.00092890378
233 31 49 59.893 2.205 57.688 0.011108224
234 0 58 61.341 2.052 59.289 0.001044967
234 1 55 61.132 1.843 59.289 0.0035200912
234 2 52 60.84 1.55 59.29 0.0073156708
234 3 47 60.507 1.218 59.289 0.017079196
234 4 66 60.175 0.885 59.29 0.003176446
234 5 79 59.88 0.59 59.29 0.034223577
234 6 57 59.652 0.363 59.289 0.00065841037
234 7 59 59.51 0.22 59.29 2.4349496e-05
234 8 58 59.426 0.136 59.29 0.00019036569
234 9 61 59.446 0.156 59.29 0.00022607454
234 10 44 59.593 0.303 59.29 0.022761925
234 11 53 59.789 0.5 59.289 0.0043148057
234 12 54 59.991 0.701 59.29 0.0033600695
234 13 61 60.17 0.881 59.289 6.4491994e-05
234 14 61 60.305 1.015 59.29 4.5218821e-05
234 15 75 60.38 1.09 59.29 0.020009875
234 16 67 60.391 1.101 59.29 0.0040890378
234 17 58 60.341 1.051 59.29 0.00051304145
234 18 46 60.243 0.954 59.289 0.018991207
234 19 59 60.115 0.826 59.289 0.00011638563
234 20 49 59.971 0.682 59.289 0.011267876
234 21 69 59.838 0.548 59.29 0.0078583288
234 22 56 59.739 0.45 59.289 0.0013087616
234 23 56 59.699 0.41 59.289 0.001280909
234 24 68 59.758 0.468 59.29 0.006359381
234 25 63 59.922 0.632 59.29 0.00088692491
234 26 74 60.202 0.913 59.289 0.017823045
234 27 70 60.568 1.279 59.289 0.0083283162
234 28 52 60.932 1.642 59.29 0.007468735
234 29 76 61.219 1.93 59.289 0.020453011
234 30 60 61.394 2.105 59.289 0.00018191779
234 31 65 61.436 2.147 59.289 0.0011891182
235 0 52 59.586 2.005 57.581 0.0053873513
235 1 63 59.382 1.8 57.582 0.001225425
235 2 45 59.096 1.514 57.582 0.018601219
235 3 55 58.77 1.189 57.581 0.0013305534
235 4 65 58.445 0.863 57.582 0.0040224904
235 5 66 58.156 0.575 57.581 0.0057600306
235 6 55 57.934 0.353 57.581 0.00080587901
235 7 54 57.795 0.214 57.581 0.0013482586
235 8 62 57.714 0.133 57.581 0.001719705
235 9 41 57.734 0.152 57.582 0.026214957
235 10 52 57.877 0.296 57.581 0.0032334117
235 11 55 58.069 0.487 57.582 0.0008817458
235 12 62 58.265 0.684 57.581 0.0013059629
235 13 60 58.44 0.859 57.581 0.00022782366
235 14 62 58.57 0.989 57.581 0.0011013817
235 15 58 58.644 1.062 57.582 3.8825884e-05
235 16 54 58.654 1.073 57.581 0.0020276938
235 17 56 58.605 1.024 57.581 0.00063527985
235 18 56 58.51 0.929 57.581 0.00058978954
235 19 64 58.385 0.804 57.581 0.0029515432
235 20 56 58.245 0.664 57.581 0.00047182648
235 21 63 58.115 0.533 57.582 0.0022339773
235 22 78 58.019 0.438 57.581 0.037375246
235 23 64 57.98 0.399 57.581 0.0033926777
235 24 57 58.037 0.456 57.581 0.00010067164
235 25 69 58.198 0.617 57.581 0.010923403
235 26 56 58.473 0.892 57.581 0.00057252948
235 27 65 58.831 1.25 57.581 0.0035626993
235 28 57 59.187 1.605 57.582 0.00044776195
235 29 70 59.468 1.887 57.581 0.010384159
235 30 51 59.639 2.057 57.582 0.006986772
235 31 49 59.68 2.099 57.581 0.010678054
236 0 70 61.135 1.966 59.169 0.0073571075
236 1 67 60.934 1.765 59.169 0.003444724
236 2 48 60.653 1.484 59.169 0.014987757
236 3 61 60.333 1.164 59.169 4.1648685e-05
236 4 61 60.014 0.845 59.169 9.1013005e-05
236 5 58 59.731 0.562 59.169 0.00028050704
236 6 52 59.514 0.345 59.169 0.0052855721
236 7 69 59.378 0.209 59.169 0.0086672301
236 8 48 59.298 0.129 59.169 0.011949583
236 9 56 59.318 0.149 59.169 0.0010306291
236 10 55 59.458 0.289 59.169 0.0018605003
236 11 63 59.646 0.477 59.169 0.0010531149
236 12 49 59.838 0.669 59.169 0.010996334
236 13 79 60.009 0.84 59.169 0.033763331
236 14 59 60.136 0.967 59.169 0.00012081095
236 15 54 60.208 1.039 59.169 0.0036078879
236 16 78 60.217 1.048 59.169 0.029604633
236 17 59 60.169 1 59.169 0.00012793184
236 18 53 60.076 0.907 59.169 0.0046873272
236 19 66 59.954 0.785 59.169 0.0034220465
236 20 56 59.817 0.648 59.169 0.0013639358
236 21 59 59.69 0.521 59.169 4.4570531e-05
236 22 56 59.597 0.428 59.169 0.0012112408
236 23 49 59.559 0.39 59.169 0.010437469
236 24 68 59.615 0.446 59.169 0.0065819679
236 25 54 59.773 0.604 59.169 0.0031199867
236 26 72 60.043 0.874 59.169 0.013384251
236 27 66 60.395 1.226 59.169 0.0029410395
236 28 67 60.744 1.575 59.169 0.0036638957
236 29 56 61.019 1.85 59.169 0.0023582184
236 30 57 61.187 2.018 59.169 0.0016411775
236 31 58 61.227 2.058 59.169 0.0009748719
237 0 59 61.849 1.933 59.916 0.00075986164
237 1 69 61.651 1.735 59.916 0.005055989
237 2 59 61.374 1.458 59.916 0.00052760761
237 3 73 61.059 1.143 59.916 0.013348456
237 4 61 60.745 0.829 59.916 6.087374e-06
237 5 55 60.467 0.551 59.916 0.0027980004
237 6 52 60.254 0.338 59.916 0.0063779124
237 7 71 60.121 0.204 59.917 0.011079689
237 8 47 60.043 0.126 59.917 0.015925923
237 9 57 60.062 0.146 59.916 0.00087772809
237 10 70 60.2 0.284 59.916 0.0089908712
237 11 68 60.384 0.468 59.916 0.0054300458
237 12 68 60.573 0.656 59.917 0.0051638839
237 13 51 60.74 0.824 59.916 0.0088811159
237 14 57 60.865 0.948 59.917 0.0013984554
237 15 67 60.934 1.018 59.916 0.003444724
237 16 59 60.943 1.027 59.916 0.00035342334
237 17 66 60.896 0.98 59.916 0.0024387706
237 18 50 60.805 0.889 59.916 0.010929472
237 19 57 60.685 0.769 59.916 0.0012712314
237 20 63 60.551 0.635 59.916 0.00056147082
237 21 71 60.426 0.51 59.916 0.010467145
237 22 57 60.335 0.419 59.916 0.0010412171
237 23 64 60.298 0.382 59.916 0.0012829876
237 24 42 60.354 0.437 59.917 0.031536325
237 25 56 60.51 0.593 59.917 0.0019041568
237 26 63 60.775 0.859 59.916 0.00046345722
237 27 88 61.121 1.205 59.916 0.067635676
237 28 67 61.464 1.548 59.916 0.0028690742
237 29 51 61.736 1.819 59.917 0.010790328
237 30 60 61.9 1.984 59.916 0.0003379534
237 31 48 61.94 2.023 59.917 0.018191779
238 0 63 64.596 1.904 62.692 0.00023845992
238 1 54 64.4 1.708 62.692 0.010125496
238 2 56 64.127 1.435 62.692 0.0061831551
238 3 62 63.817 1.125 62.692 0.00030907187
238 4 60 63.507 0.815 62.692 0.0011513866
238 5 49 63.233 0.541 62.692 0.018964549
238 6 75 63.023 0.331 62.692 0.013429063
238 7 54 62.892 0.2 62.692 0.0074019906
238 8 71 62.816 0.124 62.692 0.0062701924
238 9 56 62.835 0.143 62.692 0.0043734751
238 10 65 62.971 0.279 62.692 0.00038540178
238 11 68 63.152 0.46 62.692 0.0022002643
238 12 68 63.337 0.645 62.692 0.0020355438
238 13 59 63.501 0.809 62.692 0.0018965646
238 14 60 63.623 0.932 62.691 0.0012288144
238 15 67 63.691 0.999 62.692 0.0010250455
238 16 57 63.7 1.008 62.692 0.0042024178
238 17 74 63.654 0.962 62.692 0.010020619
238 18 64 63.564 0.872 62.692 1.7796008e-05
238 19 63 63.446 0.755 62.691 1.8621701e-05
238 20 76 63.315 0.623 62.692 0.015063662
238 21 72 63.192 0.501 62.691 0.0072628025
238 22 69 63.103 0.411 62.692 0.0032554564
238 23 66 63.066 0.374 62.692 0.00080587901
238 24 56 63.122 0.43 62.692 0.0047484685
238 25 64 63.276 0.584 62.692 4.9071209e-05
238 26 69 63.538 0.846 62.692 0.0027928848
238 27 58 63.878 1.187 62.691 0.0032345121
238 28 74 64.217 1.525 62.692 0.0089597054
238 29 51 64.484 1.792 62.692 0.01702108
238 30 57 64.646 1.955 62.691 0.0054729088
238 31 77 64.685 1.993 62.692 0.014197715
239 0 57 61.997 1.877 60.12 0.0023375899
239 1 69 61.804 1.684 60.12 0.0048476576
239 2 54 61.534 1.414 60.12 0.0053137468
239 3 56 61.228 1.108 60.12 0.0025587083
239 4 55 60.922 0.802 60.12 0.0032831175
239 5 64 60.652 0.532 60.12 0.0010493504
239 6 61 60.445 0.325 60.12 2.8836038e-05
239 7 50 60.316 0.196 60.12 0.0099625907
239 8 68 60.241 0.122 60.119 0.0056358721
239 9 49 60.26 0.141 60.119 0.011869335
239 10 64 60.394 0.274 60.12 0.0012173097
239 11 58 60.572 0.453 60.119 0.00061928641
239 12 75 60.754 0.635 60.119 0.018999208
239 13 61 60.916 0.796 60.12 6.605538e-07
239 14 55 61.036 0.916 60.12 0.0034107358
239 15 72 61.102 0.983 60.119 0.011118424
239 16 63 61.111 0.991 60.12 0.00033405159
239 17 63 61.065 0.945 60.12 0.000350519
239 18 62 60.976 0.857 60.119 9.8163387e-05
239 19 58 60.861 0.741 60.12 0.0007662762
239 20 63 60.732 0.612 60.12 0.00048154372
239 21 70 60.612 0.492 60.12 0.0082507948
239 22 54 60.524 0.404 60.12 0.0039845339
239 23 56 60.488 0.368 60.12 0.001885625
239 24 58 60.542 0.423 60.119 0.00060492386
239 25 54 60.695 0.575 60.12 0.0041961479
239 26 67 60.954 0.834 60.12 0.0034220465
239 27 58 61.29 1.17 60.12 0.0010133079
239 28 53 61.624 1.504 60.12 0.0069625306
239 29 56 61.887 1.768 60.119 0.0032444247
239 30 62 62.047 1.928 60.119 2.0679753e-07
239 31 87 62.085 1.966 60.119 0.058112747
240 0 48 59.337 1.852 57.485 0.012032224
240 1 77 59.146 1.661 57.485 0.029841502
240 2 53 58.88 1.395 57.485 0.0032367136
240 3 59 58.577 1.092 57.485 1.67506e-05
240 4 76 58.276 0.79 57.486 0.029408516
240 5 62 58.009 0.524 57.485 0.0014911217
240 6 50 57.805 0.32 57.485 0.0057028958
240 7 59 57.678 0.193 57.485 0.00016361101
240 8 70 57.605 0.119 57.486 0.014382775
240 9 54 57.624 0.138 57.486 0.0012294928
240 10 50 57.755 0.27 57.485 0.0056300627
240 11 49 57.931 0.446 57.485 0.0074670628
240 12 69 58.11 0.625 57.485 0.011102106
240 13 57 58.269 0.783 57.486 0.0001507554
240 14 67 58.387 0.901 57.486 0.0069447804
240 15 49 58.452 0.966 57.486 0.0083636731
240 16 48 58.46 0.974 57.486 0.010242666
240 17 54 58.415 0.929 57.486 0.0018247822
240 18 75 58.328 0.842 57.486 0.026021063
240 19 52 58.214 0.729 57.485 0.0036148653
240 20 60 58.087 0.601 57.486 0.00034259385
240 21 54 57.969 0.483 57.486 0.0014747276
240 22 52 57.882 0.397 57.485 0.0032389158
240 23 66 57.847 0.362 57.485 0.0062227809
240 24 57 57.901 0.416 57.485 7.5997482e-05
240 25 54 58.052 0.566 57.486 0.0015370518
240 26 42 58.308 0.822 57.486 0.02489723
240 27 62 58.64 1.154 57.486 0.0010568861
240 28 69 58.969 1.484 57.485 0.009419722
240 29 56 59.23 1.744 57.486 0.00097668534
240 30 58 59.388 1.902 57.486 0.00018035515
240 31 59 59.425 1.94 57.485 1.6909372e-05
241 0 66 62.166 1.827 60.339 0.0013761122
241 1 74 61.977 1.638 60.339 0.013532415
241 2 67 61.714 1.375 60.339 0.0026157964
241 3 66 61.415 1.076 60.339 0.0019680145
241 4 62 61.117 0.778 60.339 7.2991289e-05
241 5 62 60.854 0.515 60.339 0.00012294726
241 6 58 60.653 0.314 60.339 0.000658907
241 7 49 60.528 0.189 60.339 0.012441065
241 8 56 60.456 0.117 60.339 0.0018588313
241 9 63 60.474 0.136 60.338 0.00059733274
241 10 55 60.604 0.266 60.338 0.0029399902
241 11 62 60.777 0.439 60.338 0.00014002402
241 12 68 60.954 0.615 60.339 0.0046476659
241 13 60 61.11 0.771 60.339 0.00011534415
241 14 67 61.225 0.887 60.338 0.0031221488
241 15 60 61.289 0.951 60.338 0.00015554479
241 16 62 61.297 0.958 60.339 4.6265821e-05
241 17 70 61.252 0.914 60.338 0.0071641913
241 18 57 61.166 0.828 60.338 0.001624756
241 19 44 61.055 0.716 60.339 0.02723034
241 20 63 60.93 0.591 60.339 0.00040113478
241 21 59 60.813 0.475 60.338 0.00030771257
241 22 69 60.728 0.39 60.338 0.0064057602
241 23 53 60.694 0.356 60.338 0.0055418401
241 24 42 60.748 0.409 60.339 0.03290482
241 25 50 60.897 0.558 60.339 0.011116384
241 26 52 61.149 0.811 60.338 0.0078360442
241 27 65 61.477 1.139 60.338 0.0011619165
241 28 70 61.803 1.464 60.339 0.0062901282
241 29 68 62.06 1.721 60.339 0.003303106
241 30 66 62.216 1.877 60.339 0.0013404539
241 31 74 62.252 1.914 60.338 0.012920446
242 0 49 59.565 1.802 57.763 0.010449334
242 1 61 59.379 1.616 57.763 0.00024598898
242 2 70 59.119 1.356 57.763 0.011083763
242 3 63 58.823 1.06 57.763 0.0016333474
242 4 65 58.529 0.766 57.763 0.0039200574
242 5 51 58.27 0.507 57.763 0.0049478719
242 6 53 58.072 0.309 57.763 0.0024082863
242 7 53 57.949 0.186 57.763 0.0022928969
242 8 69 57.878 0.115 57.763 0.011580183
242 9 64 57.897 0.134 57.763 0.0034868749
242 10 58 58.025 0.261 57.764 5.8509938e-08
242 11 55 58.195 0.432 57.763 0.00095563346
242 12 62 58.369 0.606 57.763 0.0012342471
242 13 47 58.522 0.759 57.763 0.012428118
242 14 50 58.636 0.873 57.763 0.0069819204
242 15 57 58.698 0.935 57.763 0.00026991374
242 16 61 58.705 0.942 57.763 0.00049307729
242 17 70 58.661 0.898 57.763 0.01203647
242 18 55 58.577 0.814 57.763 0.0011978088
242 19 62 58.467 0.704 57.763 0.001168522
242 20 54 58.344 0.581 57.763 0.0017665635
242 21 51 58.23 0.467 57.763 0.0048935747
242 22 67 58.146 0.383 57.763 0.0073388609
242 23 52 58.113 0.349 57.764 0.003498311
242 24 53 58.166 0.403 57.763 0.0024983796
242 25 63 58.313 0.55 57.763 0.0020565512
242 26 58 58.563 0.8 57.763 2.9673339e-05
242 27 62 58.886 1.123 57.763 0.00090779302
242 28 67 59.208 1.444 57.764 0.0056839142
242 29 59 59.461 1.698 57.763 1.9895345e-05
242 30 56 59.615 1.852 57.763 0.0012233937
242 31 58 59.651 1.888 57.763 0.00025517832
243 0 53 61.689 1.777 59.912 0.0070678808
243 1 69 61.504 1.592 59.912 0.005260279
243 2 50 61.248 1.336 59.912 0.01184405
243 3 56 60.956 1.044 59.912 0.0022993878
243 4 53 60.666 0.754 59.912 0.0055015777
243 5 67 60.41 0.499 59.911 0.0040655607
243 6 68 60.215 0.303 59.912 0.0056737064
243 7 53 60.094 0.182 59.912 0.0047112049
243 8 59 60.025 0.113 59.912 9.8355206e-05
243 9 58 60.043 0.131 59.912 0.00039073864
243 10 66 60.169 0.257 59.912 0.0031829932
243 11 57 60.337 0.425 59.912 0.0010424663
243 12 64 60.508 0.596 59.912 0.0011415583
243 13 56 60.658 0.746 59.912 0.0020311808
243 14 55 60.77 0.858 59.912 0.0031167448
243 15 57 60.831 0.919 59.912 0.0013739595
243 16 67 60.838 0.926 59.912 0.0035546186
243 17 69 60.795 0.883 59.912 0.0063024121
243 18 60 60.711 0.799 59.912 4.7324804e-05
243 19 53 60.603 0.691 59.912 0.0054115242
243 20 67 60.483 0.571 59.912 0.003975988
243 21 62 60.37 0.458 59.912 0.00024872809
243 22 69 60.288 0.376 59.912 0.0071053481
243 23 46 60.255 0.343 59.912 0.019023222
243 24 67 60.308 0.396 59.912 0.0041923882
243 25 76 60.454 0.542 59.912 0.022624915
243 26 67 60.7 0.788 59.912 0.0037156151
243 27 62 61.019 1.107 59.912 9.0092292e-05
243 28 55 61.336 1.424 59.912 0.0037582006
243 29 66 61.587 1.675 59.912 0.0018231293
243 30 59 61.738 1.826 59.912 0.00070180509
243 31 57 61.774 1.862 59.912 0.0021336071
244 0 67 58.657 1.751 56.906 0.0065161956
244 1 43 58.475 1.569 56.906 0.022418726
244 2 58 58.221 1.315 56.906 4.5722942e-06
244 3 64 57.934 1.028 56.906 0.003444724
244 4 50 57.648 0.742 56.906 0.0054757723
244 5 48 57.396 0.49 56.906 0.0082648626
244 6 54 57.204 0.298 56.906 0.0009610249
244 7 48 57.085 0.179 56.906 0.0077267967
244 8 52 57.017 0.111 56.906 0.0023563393
244 9 57 57.035 0.129 56.906 1.1467948e-07
244 10 59 57.159 0.253 56.906 0.0003172906
244 11 61 57.324 0.418 56.906 0.0012650294
244 12 67 57.492 0.586 56.906 0.0084630707
244 13 53 57.64 0.734 56.906 0.0020155129
244 14 52 57.749 0.843 56.906 0.0030940993
244 15 56 57.809 0.903 56.906 0.00030635626
244 16 63 57.815 0.909 56.906 0.002516791
244 17 58 57.773 0.866 56.907 4.8239338e-06
244 18 58 57.691 0.785 56.906 8.9385399e-06
244 19 67 57.585 0.679 56.906 0.0082983218
244 20 45 57.466 0.56 56.906 0.014548019
244 21 79 57.356 0.45 56.906 0.043855561
244 22 69 57.275 0.369 56.906 0.012869905
244 23 58 57.243 0.337 56.906 5.3646499e-05
244 24 60 57.295 0.389 56.906 0.00068498989
244 25 44 57.439 0.533 56.906 0.016907661
244 26 45 57.682 0.776 56.906 0.015056538
244 27 55 57.997 1.091 56.906 0.00084085887
244 28 76 58.309 1.403 56.906 0.029299107
244 29 62 58.556 1.65 56.906 0.0011103909
244 30 53 58.706 1.8 56.906 0.0030479873
244 31 66 58.74 1.834 56.906 0.0049342695
245 0 62 58.645 1.723 56.922 0.0010537429
245 1 68 58.465 1.544 56.921 0.0085112044
245 2 61 58.216 1.294 56.922 0.00072558465
245 3 48 57.932 1.011 56.921 0.0092347054
245 4 49 57.65 0.729 56.921 0.0070045758
245 5 48 57.402 0.481 56.921 0.0082754214
245 6 70 57.213 0.292 56.921 0.01530689
245 7 66 57.097 0.175 56.922 0.0074203155
245 8 56 57.03 0.108 56.922 9.931711e-05
245 9 57 57.048 0.126 56.922 2.1569104e-07
245 10 43 57.17 0.248 56.922 0.018797034
245 11 48 57.332 0.41 56.922 0.0081526554
245 12 69 57.497 0.575 56.922 0.012387163
245 13 49 57.642 0.72 56.922 0.0069916253
245 14 69 57.749 0.828 56.921 0.011850369
245 15 55 57.808 0.886 56.922 0.00073814865
245 16 54 57.814 0.892 56.922 0.0013617927
245 17 50 57.772 0.85 56.922 0.0056547734
245 18 57 57.691 0.77 56.921 4.4699814e-05
245 19 59 57.587 0.666 56.921 0.00018691061
245 20 66 57.471 0.549 56.922 0.0068099802
245 21 64 57.363 0.441 56.922 0.0041237588
245 22 53 57.284 0.362 56.922 0.0017181004
245 23 59 57.252 0.331 56.921 0.00028604376
245 24 53 57.304 0.382 56.922 0.0017341799
245 25 59 57.445 0.524 56.921 0.00022636559
245 26 53 57.685 0.764 56.921 0.0020547965
245 27 63 57.995 1.074 56.921 0.0023450807
245 28 71 58.303 1.382 56.921 0.015092176
245 29 54 58.546 1.625 56.921 0.0019346771
245 30 59 58.694 1.772 56.922 8.7658185e-06
245 31 55 58.728 1.806 56.922 0.0013010723
246 0 69 59.472 1.696 57.776 0.0084987122
246 1 60 59.295 1.519 57.776 4.6529443e-05
246 2 51 59.049 1.273 57.776 0.0060650373
246 3 62 58.77 0.993 57.777 0.00097668534
246 4 45 58.493 0.716 57.777 0.017043809
246 5 56 58.249 0.472 57.777 0.00047350932
246 6 46 58.063 0.286 57.777 0.013622609
246 7 52 57.948 0.171 57.777 0.0033120093
246 8 64 57.883 0.106 57.777 0.0035028907
246 9 45 57.901 0.124 57.777 0.015581038
246 10 74 58.02 0.244 57.776 0.023905794
246 11 62 58.18 0.403 57.777 0.0013660807
246 12 49 58.342 0.565 57.777 0.0081701372
246 13 54 58.484 0.707 57.777 0.0018822653
246 14 68 58.589 0.812 57.777 0.0082912721
246 15 60 58.646 0.869 57.777 0.00017162753
246 16 58 58.652 0.875 57.777 3.9796494e-05
246 17 53 58.61 0.833 57.777 0.002946289
246 18 61 58.532 0.755 57.777 0.0005702167
246 19 63 58.429 0.653 57.776 0.0019560145
246 20 59 58.315 0.538 57.777 4.3926921e-05
246 21 65 58.209 0.433 57.776 0.0043173483
246 22 61 58.132 0.355 57.777 0.00077003048
246 23 64 58.101 0.324 57.777 0.003257665
246 24 44 58.152 0.375 57.777 0.018749309
246 25 65 58.292 0.515 57.777 0.0042124594
246 26 63 58.528 0.751 57.777 0.0018722042
246 27 62 58.833 1.057 57.776 0.0009389571
246 28 63 59.136 1.359 57.777 0.0013977318
246 29 42 59.376 1.599 57.777 0.028265016
246 30 58 59.521 1.744 57.777 0.00021657486
246 31 76 59.554 1.777 57.777 0.025320379
247 0 53 59.397 1.667 57.73 0.0038309133
247 1 46 59.222 1.493 57.729 0.016366052
247 2 63 58.98 1.25 57.73 0.0015128704
247 3 43 58.705 0.976 57.729 0.023090084
247 4 64 58.432 0.703 57.729 0.0029023386
247 5 60 58.192 0.463 57.729 0.00030601765
247 6 58 58.01 0.28 57.73 9.3615901e-09
247 7 50 57.897 0.168 57.729 0.0058381319
247 8 55 57.833 0.104 57.729 0.00075135083
247 9 59 57.851 0.121 57.73 0.00012359181
247 10 60 57.968 0.239 57.729 0.0003865423
247 11 59 58.125 0.395 57.73 7.1674675e-05
247 12 54 58.284 0.554 57.73 0.0017181004
247 13 52 58.423 0.693 57.73 0.0038621174
247 14 61 58.526 0.796 57.73 0.0005729926
247 15 49 58.582 0.852 57.73 0.0085953181
247 16 72 58.587 0.857 57.73 0.016842303
247 17 52 58.546 0.817 57.729 0.0040114522
247 18 56 58.469 0.739 57.73 0.00057067888
247 19 64 58.369 0.639 57.73 0.0029683881
247 20 49 58.257 0.527 57.73 0.0080221384
247 21 55 58.153 0.424 57.729 0.00093067396
247 22 55 58.077 0.348 57.729 0.00088634871
247 23 65 58.047 0.317 57.73 0.0045257867
247 24 60 58.097 0.368 57.729 0.00033902147
247 25 54 58.235 0.506 57.729 0.0016790223
247 26 68 58.468 0.738 57.73 0.0085058494
247 27 75 58.768 1.039 57.729 0.024665714
247 28 61 59.066 1.337 57.729 0.0003501568
247 29 77 59.302 1.572 57.73 0.029322298
247 30 62 59.444 1.715 57.729 0.00061160542
247 31 61 59.477 1.748 57.729 0.0002171448
248 0 54 59.611 1.638 57.973 0.0029473395
248 1 56 59.439 1.466 57.973 0.0011071691
248 2 79 59.201 1.228 57.973 0.036697471
248 3 62 58.931 0.958 57.973 0.0008817458
248 4 60 58.662 0.689 57.973 0.00016759531
248 5 50 58.426 0.453 57.973 0.0066464927
248 6 59 58.247 0.274 57.973 5.3081059e-05
248 7 53 58.137 0.164 57.973 0.0024704084
248 8 59 58.074 0.101 57.973 8.0273389e-05
248 9 64 58.092 0.119 57.973 0.0032676129
248 10 56 58.207 0.234 57.973 0.00045598892
248 11 59 58.36 0.387 57.973 3.8345073e-05
248 12 68 58.516 0.543 57.973 0.0084203998
248 13 55 58.653 0.68 57.973 0.0012492489
248 14 63 58.753 0.78 57.973 0.0016885509
248 15 59 58.807 0.835 57.972 3.4870987e-06
248 16 47 58.813 0.84 57.973 0.013063815
248 17 51 58.772 0.799 57.973 0.0056547734
248 18 64 58.697 0.724 57.973 0.0026326485
248 19 77 58.599 0.626 57.973 0.031698045
248 20 73 58.489 0.516 57.973 0.019712618
248 21 48 58.388 0.415 57.973 0.010102143
248 22 50 58.313 0.34 57.973 0.0064694176
248 23 50 58.284 0.311 57.973 0.006424359
248 24 58 58.333 0.36 57.973 1.0380974e-05
248 25 63 58.469 0.496 57.973 0.0019219308
248 26 57 58.698 0.725 57.973 0.00026991374
248 27 62 58.993 1.02 57.973 0.00084647957
248 28 55 59.286 1.313 57.973 0.001719705
248 29 58 59.518 1.545 57.973 0.00021572137
248 30 57 59.658 1.685 57.973 0.00066139297
248 31 53 59.69 1.717 57.973 0.0041898826
249 0 50 57.683 1.608 56.075 0.0055260052
249 1 66 57.514 1.439 56.075 0.0067414866
249 2 54 57.28 1.205 56.075 0.0010071573
249 3 45 57.014 0.939 56.075 0.013512163
249 4 57 56.75 0.676 56.074 5.8509938e-06
249 5 59 56.519 0.444 56.075 0.00057623967
249 6 59 56.343 0.268 56.075 0.0006608954
249 7 50 56.235 0.16 56.075 0.0036393392
249 8 55 56.174 0.099 56.075 0.00012902855
249 9 58 56.191 0.116 56.075 0.00030635626
249 10 63 56.304 0.229 56.075 0.0041974015
249 11 51 56.454 0.38 56.074 0.0027847095
249 12 59 56.607 0.532 56.075 0.00053608668
249 13 62 56.74 0.666 56.074 0.0025901273
249 14 60 56.839 0.764 56.075 0.00093540269
249 15 69 56.892 0.817 56.075 0.013724434
249 16 52 56.897 0.822 56.075 0.0022449663
249 17 54 56.857 0.782 56.075 0.00076413502
249 18 58 56.783 0.708 56.075 0.00013865348
249 19 69 56.687 0.612 56.075 0.014193104
249 20 54 56.579 0.505 56.074 0.00062266192
249 21 44 56.48 0.405 56.075 0.014580714
249 22 57 56.408 0.333 56.075 3.2809003e-05
249 23 48 56.379 0.304 56.075 0.0065725516
249 24 62 56.428 0.353 56.075 0.0029065101
249 25 45 56.561 0.487 56.074 0.012512394
249 26 61 56.786 0.712 56.074 0.0016624121
249 27 61 57.077 1.002 56.075 0.0014407421
249 28 64 57.365 1.29 56.075 0.0041212739
249 29 58 57.592 1.517 56.075 1.5583677e-05
249 30 49 57.73 1.655 56.075 0.0071347393
249 31 65 57.761 1.687 56.074 0.0049057654
250 0 57 56.011 1.579 54.432 9.1567679e-05
250 1 54 55.845 1.413 54.432 0.00031867087
250 2 51 55.614 1.182 54.432 0.0019929886
250 3 70 55.353 0.921 54.432 0.020083851
250 4 65 55.094 0.662 54.432 0.0091864194
250 5 61 54.867 0.435 54.432 0.0035212394
250 6 60 54.694 0.262 54.432 0.002635628
250 7 55 54.588 0.156 54.432 1.5890738e-05
250 8 58 54.529 0.097 54.432 0.0011278695
250 9 50 54.546 0.114 54.432 0.0019346771
250 10 49 54.656 0.224 54.432 0.0029948041
250 11 62 54.804 0.372 54.432 0.0048476576
250 12 59 54.953 0.521 54.432 0.0015332608
250 13 54 55.084 0.652 54.432 0.00011000393
250 14 65 55.18 0.748 54.432 0.0090276061
250 15 50 55.231 0.799 54.432 0.0025616457
250 16 63 55.236 0.804 54.432 0.0056431381
250 17 44 55.197 0.765 54.432 0.011736889
250 18 49 55.124 0.692 54.432 0.0035109123
250 19 47 55.03 0.598 54.432 0.0060364376
250 20 51 54.925 0.493 54.432 0.0014422115
250 21 56 54.828 0.396 54.432 0.0001285893
250 22 54 54.757 0.325 54.432 5.3646499e-05
250 23 46 54.729 0.297 54.432 0.0071331049
250 24 60 54.777 0.346 54.431 0.0025538164
250 25 49 54.909 0.477 54.432 0.0032687191
250 26 42 55.13 0.698 54.432 0.016139091
250 27 55 55.415 0.983 54.432 1.6122999e-05
250 28 51 55.698 1.266 54.432 0.0020662157
250 29 56 55.922 1.49 54.432 5.6955914e-07
250 30 66 56.057 1.625 54.432 0.0092551722
250 31 56 56.088 1.656 54.432 7.2496154e-07
251 0 53 56.006 1.549 54.457 0.00084591666
251 1 52 55.842 1.386 54.456 0.001381861
251 2 51 55.616 1.159 54.457 0.0019947167
251 3 55 55.359 0.903 54.456 1.2065311e-05
251 4 69 55.105 0.648 54.457 0.018074518
251 5 58 54.882 0.425 54.457 0.00091012668
251 6 54 54.713 0.256 54.457 4.7591422e-05
251 7 51 54.61 0.153 54.457 0.0012200118
251 8 53 54.551 0.094 54.457 0.00022520251
251 9 67 54.568 0.111 54.457 0.01446877
251 10 52 54.676 0.22 54.456 0.00067038122
251 11 57 54.821 0.364 54.457 0.00044449214
251 12 50 54.967 0.51 54.457 0.0023096062
251 13 54 55.095 0.638 54.457 0.00011224781
251 14 59 55.188 0.731 54.457 0.0013603649
251 15 66 55.239 0.782 54.457 0.010840639
251 16 58 55.243 0.786 54.457 0.00071157905
251 17 49 55.205 0.748 54.457 0.0036044018
251 18 47 55.134 0.677 54.457 0.0061938111
251 19 50 55.042 0.585 54.457 0.0023798814
251 20 63 54.939 0.482 54.457 0.0060831352
251 21 56 54.844 0.387 54.457 0.0001251023
251 22 50 54.775 0.318 54.457 0.0021345011
251 23 58 54.747 0.291 54.456 0.00099064431
251 24 50 54.795 0.338 54.457 0.0021524191
251 25 56 54.924 0.467 54.457 0.00010838624
251 26 49 55.142 0.685 54.457 0.0035315816
251 27 56 55.422 0.965 54.457 3.1275575e-05
251 28 56 55.699 1.242 54.457 8.4816943e-06
251 29 51 55.919 1.462 54.457 0.0022651829
251 30 68 56.051 1.594 54.457 0.013366347
251 31 47 56.081 1.625 54.456 0.0077199942
252 0 54 56.53 1.519 55.011 0.00059922602
252 1 44 56.37 1.359 55.011 0.014324815
252 2 51 56.148 1.136 55.012 0.0024809996
252 3 62 55.896 0.884 55.012 0.0034880176
252 4 64 55.646 0.635 55.011 0.0065333897
252 5 54 55.427 0.416 55.011 0.00019063277
252 6 49 55.262 0.25 55.012 0.003670927
252 7 62 55.161 0.149 55.012 0.0043785955
252 8 55 55.104 0.092 55.012 1.0125496e-06
252 9 61 55.12 0.109 55.011 0.0032367136
252 10 61 55.226 0.215 55.011 0.0031210677
252 11 58 55.368 0.356 55.012 0.00064851704
252 12 51 55.51 0.499 55.011 0.0019041568
252 13 45 55.635 0.624 55.011 0.01058826
252 14 61 55.727 0.715 55.012 0.002602946
252 15 45 55.776 0.764 55.012 0.010870882
252 16 57 55.78 0.768 55.012 0.00013933791
252 17 58 55.742 0.731 55.011 0.00047730666
252 18 58 55.673 0.661 55.012 0.00050692346
252 19 63 55.583 0.571 55.012 0.0051499876
252 20 59 55.483 0.471 55.012 0.0011579621
252 21 61 55.39 0.378 55.012 0.002946289
252 22 52 55.322 0.311 55.011 0.0010331155
252 23 53 55.295 0.284 55.011 0.00049307729
252 24 64 55.342 0.331 55.011 0.0070175382
252 25 54 55.469 0.458 55.011 0.00020201946
252 26 55 55.683 0.671 55.012 4.3670788e-05
252 27 44 55.958 0.946 55.012 0.01338649
252 28 59 56.23 1.219 55.011 0.00071830545
252 29 68 56.445 1.434 55.011 0.01249941
252 30 40 56.575 1.564 55.011 0.025719155
252 31 60 56.605 1.593 55.012 0.0010790192
253 0 64 58.179 1.489 56.69 0.003172085
253 1 63 58.022 1.332 56.69 0.0023198473
253 2 58 57.803 1.113 56.69 3.6331395e-06
253 3 56 57.556 0.866 56.69 0.00022665683
253 4 62 57.311 0.621 56.69 0.0020583067
253 5 52 57.096 0.407 56.689 0.0024311316
253 6 56 56.934 0.244 56.69 8.1666393e-05
253 7 51 56.835 0.145 56.69 0.0031873617
253 8 45 56.78 0.09 56.69 0.012990929
253 9 58 56.796 0.106 56.69 0.00013570711
253 10 49 56.9 0.21 56.69 0.0058425684
253 11 67 57.038 0.348 56.69 0.0092905772
253 12 68 57.178 0.488 56.69 0.01096389
253 13 54 57.3 0.61 56.69 0.0010194772
253 14 54 57.389 0.699 56.69 0.0010752087
253 15 53 57.437 0.747 56.69 0.0018430133
253 16 68 57.441 0.751 56.69 0.010437469
253 17 55 57.404 0.714 56.69 0.00054102652
253 18 56 57.336 0.646 56.69 0.00016709465
253 19 73 57.248 0.558 56.69 0.023228493
253 20 65 57.15 0.46 56.69 0.0057688459
253 21 56 57.059 0.369 56.69 0.00010498845
253 22 52 56.993 0.303 56.69 0.002333849
253 23 58 56.967 0.277 56.69 9.9896499e-05
253 24 44 57.013 0.323 56.69 0.015852745
253 25 59 57.138 0.448 56.69 0.00032457045
253 26 61 57.348 0.658 56.69 0.001248565
253 27 54 57.617 0.927 56.69 0.0012247477
253 28 49 57.885 1.195 56.69 0.0073903412
253 29 57 58.096 1.406 56.69 0.00011245292
253 30 59 58.223 1.533 56.69 5.6518635e-05
253 31 60 58.252 1.562 56.69 0.00028604376
254 0 49 57.838 1.459 56.379 0.0073123609
254 1 58 57.684 1.305 56.379 9.3481095e-06
254 2 57 57.469 1.09 56.379 2.0591847e-05
254 3 59 57.227 0.848 56.379 0.0002942843
254 4 72 56.987 0.608 56.379 0.021100104
254 5 50 56.776 0.397 56.379 0.004298297
254 6 50 56.617 0.238 56.379 0.0040989431
254 7 56 56.521 0.142 56.379 2.5411194e-05
254 8 64 56.466 0.088 56.378 0.0053137468
254 9 64 56.482 0.104 56.378 0.0052912011
254 10 52 56.584 0.205 56.379 0.0019671562
254 11 57 56.719 0.34 56.379 7.3920052e-06
254 12 57 56.856 0.477 56.379 1.9412193e-06
254 13 54 56.975 0.596 56.379 0.00082855924
254 14 51 57.062 0.683 56.379 0.0034401825
254 15 60 57.109 0.73 56.379 0.00078243056
254 16 52 57.112 0.733 56.379 0.0024464217
254 17 55 57.076 0.697 56.379 0.00040346357
254 18 52 57.009 0.63 56.379 0.0023488305
254 19 67 56.924 0.545 56.379 0.009504427
254 20 59 56.828 0.449 56.379 0.00044164088
254 21 52 56.74 0.361 56.379 0.0021033246
254 22 57 56.675 0.296 56.379 9.8881796e-06
254 23 69 56.65 0.271 56.379 0.014278531
254 24 55 56.695 0.316 56.379 0.00026896083
254 25 58 56.818 0.439 56.379 0.00013079302
254 26 58 57.023 0.644 56.379 8.9359093e-05
254 27 52 57.288 0.909 56.379 0.0026177762
254 28 56 57.55 1.171 56.379 0.0002249122
254 29 64 57.757 1.378 56.379 0.0036486843
254 30 55 57.882 1.503 56.379 0.00077756656
254 31 54 57.91 1.531 56.379 0.0014312093
255 0 63 54.364 1.429 52.935 0.0069819204
255 1 44 54.212 1.278 52.934 0.009762729
255 2 66 54.002 1.068 52.934 0.013476197
255 3 48 53.764 0.83 52.934 0.0031102662
255 4 63 53.529 0.594 52.935 0.0083973315
255 5 59 53.323 0.388 52.935 0.0030170841
255 6 48 53.167 0.232 52.935 0.0024993469
255 7 43 53.073 0.138 52.935 0.0094987682
255 8 50 53.02 0.085 52.935 0.00085381447
255 9 54 53.035 0.101 52.934 8.7177468e-05
255 10 49 53.135 0.201 52.934 0.0016006657
255 11 60 53.267 0.333 52.934 0.0042439167
255 12 67 53.4 0.466 52.934 0.017315197
255 13 52 53.517 0.582 52.935 0.00021543724
255 14 45 53.602 0.667 52.935 0.0069270528
255 15 59 53.647 0.713 52.934 0.0026825271
255 16 53 53.65 0.716 52.934 3.9552718e-05
255 17 60 53.615 0.68 52.935 0.0038165541
255 18 58 53.55 0.615 52.935 0.0018538289
255 19 49 53.466 0.531 52.935 0.0018671838
255 20 65 53.372 0.438 52.934 0.012657842
255 21 41 53.286 0.352 52.934 0.014130927
255 22 55 53.223 0.289 52.934 0.00029561365
255 23 53 53.198 0.264 52.934 3.6701178e-06
255 24 36 53.243 0.309 52.934 0.027833978
255 25 44 53.364 0.429 52.935 0.0082086631
255 26 51 53.565 0.631 52.934 0.00061592008
255 27 59 53.825 0.89 52.935 0.0025070923
255 28 57 54.081 1.147 52.934 0.00079766
255 29 60 54.284 1.35 52.934 0.0030586801
255 30 46 54.407 1.473 52.934 0.0066165518
255 31 58 54.435 1.5 52.935 0.0011897856
256 0 55 53.187 1.4 51.787 0.00030771257
256 1 51 53.039 1.251 51.788 0.00038921008
256 2 40 52.832 1.045 51.787 0.015414815
256 3 66 52.599 0.812 51.787 0.01681218
256 4 51 52.369 0.581 51.788 0.00017545127
256 5 47 52.167 0.379 51.788 0.0024993469
256 6 48 52.014 0.227 51.787 0.0015083578
256 7 50 51.922 0.135 51.787 0.000345825
256 8 54 51.871 0.083 51.788 0.00042432727
256 9 50 51.886 0.099 51.787 0.00033299139
256 10 57 51.984 0.196 51.788 0.0023554
256 11 68 52.113 0.325 51.788 0.023628351
256 12 57 52.243 0.455 51.788 0.0021184388
256 13 37 52.357 0.569 51.788 0.022078135
256 14 58 52.439 0.651 51.788 0.0028950456
256 15 62 52.483 0.695 51.788 0.0084791001
256 16 56 52.486 0.698 51.788 0.0011559875
256 17 54 52.452 0.664 51.788 0.00022433216
256 18 59 52.388 0.6 51.788 0.0040927509
256 19 44 52.306 0.518 51.788 0.006458527
256 20 60 52.215 0.427 51.788 0.0056737064
256 21 47 52.131 0.343 51.788 0.0024646409
256 22 53 52.069 0.282 51.787 8.1142612e-05
256 23 53 52.045 0.258 51.787 8.5380042e-05
256 24 45 52.089 0.301 51.788 0.0047045661
256 25 67 52.207 0.42 51.787 0.020486234
256 26 49 52.405 0.617 51.788 0.0010853851
256 27 49 52.659 0.872 51.787 0.001253356
256 28 49 52.911 1.123 51.788 0.0014319414
256 29 57 53.11 1.322 51.788 0.0014166052
256 30 47 53.23 1.442 51.788 0.0036335046
256 31 37 53.257 1.469 51.788 0.024741751
257 0 65 60.467 1.37 59.097 0.0019236279
257 1 57 60.321 1.224 59.097 0.0010324936
257 2 53 60.119 1.022 59.097 0.004744469
257 3 53 59.891 0.794 59.097 0.0044454336
257 4 58 59.664 0.567 59.097 0.00025921269
257 5 65 59.467 0.37 59.097 0.0028659655
257 6 67 59.318 0.221 59.097 0.0055245668
257 7 53 59.228 0.131 59.097 0.0036311721
257 8 53 59.178 0.081 59.097 0.0035731021
257 9 53 59.193 0.096 59.097 0.003590474
257 10 62 59.288 0.191 59.097 0.00068853971
257 11 70 59.414 0.317 59.097 0.010490916
257 12 72 59.541 0.444 59.097 0.014531686
257 13 69 59.652 0.555 59.097 0.0081806353
257 14 52 59.733 0.636 59.097 0.0055981643
257 15 58 59.776 0.679 59.097 0.00029528103
257 16 53 59.778 0.681 59.097 0.0043008347
257 17 65 59.744 0.647 59.097 0.0025861895
257 18 55 59.682 0.585 59.097 0.0020521658
257 19 62 59.602 0.505 59.097 0.00053832925
257 20 60 59.513 0.416 59.097 2.220279e-05
257 21 54 59.431 0.334 59.097 0.0027612723
257 22 56 59.371 0.275 59.096 0.0010638175
257 23 61 59.348 0.251 59.097 0.00025548753
257 24 54 59.391 0.294 59.097 0.0027207478
257 25 59 59.507 0.41 59.097 2.4063874e-05
257 26 56 59.701 0.604 59.097 0.0012822945
257 27 59 59.95 0.853 59.097 8.4488351e-05
257 28 76 60.197 1.1 59.097 0.023379149
257 29 62 60.391 1.294 59.097 0.00024236043
257 30 47 60.509 1.412 59.097 0.017084254
257 31 72 60.535 1.438 59.097 0.012305457
258 0 44 53.626 1.34 52.286 0.0086744378
258 1 54 53.483 1.197 52.286 2.5022501e-05
258 2 54 53.285 0.999 52.286 4.7858789e-05
258 3 37 53.061 0.776 52.285 0.024148757
258 4 53 52.84 0.554 52.286 2.3965671e-06
258 5 61 52.646 0.361 52.285 0.0065333897
258 6 64 52.501 0.215 52.286 0.01237855
258 7 53 52.413 0.127 52.286 3.2257138e-05
258 8 51 52.364 0.079 52.285 0.00017417201
258 9 43 52.379 0.094 52.285 0.0082349828
258 10 45 52.472 0.187 52.285 0.0052266492
258 11 65 52.595 0.31 52.285 0.014405992
258 12 50 52.719 0.434 52.285 0.00069209871
258 13 57 52.827 0.542 52.285 0.0016302207
258 14 66 52.906 0.62 52.286 0.016050712
258 15 75 52.947 0.662 52.285 0.045528672
258 16 47 52.95 0.664 52.286 0.0033142369
258 17 51 52.917 0.631 52.286 0.00034402805
258 18 46 52.856 0.57 52.286 0.0044003907
258 19 64 52.778 0.493 52.285 0.011789358
258 20 48 52.691 0.406 52.285 0.0020600629
258 21 56 52.611 0.326 52.285 0.0010752087
258 22 61 52.553 0.267 52.286 0.0066796639
258 23 46 52.53 0.245 52.285 0.0039918663
258 24 53 52.572 0.287 52.285 1.7148935e-05
258 25 45 52.686 0.401 52.285 0.0055303216
258 26 55 52.876 0.591 52.285 0.00042233653
258 27 57 53.12 0.834 52.286 0.0014093312
258 28 47 53.361 1.076 52.285 0.0037879167
258 29 52 53.552 1.267 52.285 0.000225493
258 30 49 53.667 1.382 52.285 0.0020390376
258 31 43 53.693 1.407 52.286 0.010704065
259 0 58 56.698 1.311 55.387 0.00015869805
259 1 58 56.558 1.171 55.387 0.00019466154
259 2 50 56.364 0.977 55.387 0.0037914904
259 3 61 56.145 0.758 55.387 0.0022066228
259 4 52 55.928 0.541 55.387 0.001444417
259 5 60 55.739 0.352 55.387 0.0016997016
259 6 65 55.597 0.21 55.387 0.0082771818
259 7 63 55.511 0.124 55.387 0.0052504592
259 8 43 55.464 0.077 55.387 0.014543352
259 9 44 55.479 0.091 55.388 0.012335528
259 10 53 55.569 0.182 55.387 0.00061784258
259 11 65 55.69 0.302 55.388 0.0081142612
259 12 48 55.811 0.423 55.388 0.0057116673
259 13 67 55.916 0.528 55.388 0.011501187
259 14 58 55.992 0.605 55.387 0.00037746531
259 15 54 56.032 0.645 55.387 0.0003865423
259 16 58 56.035 0.647 55.388 0.00036147206
259 17 50 56.002 0.615 55.387 0.0033724196
259 18 60 55.943 0.556 55.387 0.0015408474
259 19 55 55.867 0.48 55.387 7.0370043e-05
259 20 50 55.783 0.395 55.388 0.0031308049
259 21 57 55.705 0.317 55.388 0.00015699621
259 22 72 55.648 0.26 55.388 0.02503176
259 23 54 55.626 0.238 55.388 0.00024750883
259 24 55 55.667 0.28 55.387 4.1648685e-05
259 25 63 55.779 0.391 55.388 0.0048813991
259 26 57 55.965 0.577 55.388 0.00010028369
259 27 52 56.203 0.816 55.387 0.0016537445
259 28 58 56.44 1.052 55.388 0.00022782366
259 29 49 56.626 1.239 55.387 0.0054443148
259 30 51 56.739 1.351 55.388 0.0030833447
259 31 51 56.764 1.376 55.388 0.0031102662
260 0 55 55.937 1.281 54.656 8.2191859e-05
260 1 53 55.8 1.144 54.656 0.00073394867
260 2 50 55.61 0.954 54.656 0.002946289
260 3 57 55.396 0.74 54.656 0.00024085649
260 4 65 55.184 0.528 54.656 0.0090202531
260 5 49 54.999 0.343 54.656 0.0033690492
260 6 56 54.86 0.204 54.656 0.00012166323
260 7 63 54.776 0.121 54.655 0.0063316344
260 8 46 54.73 0.074 54.656 0.0071347393
260 9 49 54.745 0.089 54.656 0.0030897952
260 10 54 54.833 0.177 54.656 6.4959044e-05
260 11 60 54.95 0.295 54.655 0.0023874395
260 12 56 55.068 0.412 54.656 8.1317019e-05
260 13 53 55.171 0.515 54.656 0.0004412343
260 14 71 55.245 0.589 54.656 0.023237341
260 15 50 55.284 0.628 54.656 0.0026138174
260 16 52 55.286 0.63 54.656 0.0010108454
260 17 59 55.255 0.599 54.656 0.0013129654
260 18 58 55.197 0.541 54.656 0.00073552226
260 19 50 55.123 0.467 54.656 0.0024569614
260 20 69 55.041 0.385 54.656 0.018241403
260 21 62 54.965 0.309 54.656 0.0046331656
260 22 57 54.909 0.254 54.655 0.00040931503
260 23 62 54.888 0.232 54.656 0.0047351432
260 24 67 54.929 0.273 54.656 0.013640683
260 25 42 55.038 0.382 54.656 0.015913715
260 26 53 55.22 0.564 54.656 0.00046137661
260 27 43 55.453 0.797 54.656 0.014517693
260 28 51 55.684 1.029 54.655 0.0020539194
260 29 47 55.867 1.211 54.656 0.0073604275
260 30 53 55.977 1.321 54.656 0.00082967364
260 31 55 56.001 1.346 54.655 9.3803227e-05
261 0 66 56.183 1.252 54.931 0.009022091
261 1 56 56.049 1.118 54.931 2.2477178e-07
261 2 59 55.863 0.932 54.931 0.00092125246
261 3 51 55.653 0.722 54.931 0.0020268226
261 4 53 55.446 0.515 54.931 0.00056009607
261 5 54 55.265 0.334 54.931 0.00014980651
261 6 49 55.13 0.199 54.931 0.0035177954
261 7 47 55.048 0.117 54.931 0.0060635304
261 8 60 55.003 0.072 54.931 0.0023375899
261 9 54 55.018 0.086 54.932 9.7016405e-05
261 10 56 55.104 0.173 54.931 7.5156344e-05
261 11 53 55.218 0.287 54.931 0.00046054567
261 12 62 55.333 0.402 54.931 0.0041611228
261 13 64 55.433 0.502 54.931 0.0068707976
261 14 51 55.505 0.574 54.931 0.0018999371
261 15 50 55.543 0.612 54.931 0.0028763344
261 16 57 55.545 0.614 54.931 0.0001981872
261 17 61 55.514 0.583 54.931 0.0028174825
261 18 40 55.458 0.527 54.931 0.022369498
261 19 52 55.386 0.454 54.932 0.0010733059
261 20 42 55.305 0.374 54.931 0.01657217
261 21 52 55.232 0.301 54.931 0.00097789523
261 22 58 55.178 0.247 54.931 0.00074552746
261 23 56 55.157 0.226 54.931 6.6528047e-05
261 24 67 55.197 0.266 54.931 0.013041707
261 25 68 55.304 0.373 54.931 0.015089799
261 26 55 55.482 0.551 54.931 2.1749221e-05
261 27 46 55.71 0.779 54.931 0.008826491
261 28 60 55.936 1.005 54.931 0.0015461692
261 29 56 56.114 1.183 54.931 1.2166323e-06
261 30 60 56.222 1.291 54.931 0.0013362063
261 31 61 56.246 1.315 54.931 0.0021157677
262 0 57 54.836 1.222 53.614 0.00043839353
262 1 41 54.705 1.091 53.614 0.017583596
262 2 40 54.523 0.909 53.614 0.019745235
262 3 47 54.318 0.704 53.614 0.005013424
262 4 66 54.115 0.502 53.613 0.013223548
262 5 46 53.939 0.326 53.613 0.0059003969
262 6 55 53.807 0.193 53.614 0.00013323874
262 7 50 53.727 0.114 53.613 0.0013003744
262 8 58 53.684 0.07 53.614 0.0017438635
262 9 53 53.698 0.084 53.614 4.5610042e-05
262 10 60 53.782 0.168 53.614 0.0036195207
262 11 39 53.893 0.28 53.613 0.020764143
262 12 45 54.005 0.391 53.614 0.0075913158
262 13 35 54.102 0.489 53.613 0.03415917
262 14 55 54.172 0.559 53.613 6.4181564e-05
262 15 58 54.209 0.596 53.613 0.0013454179
262 16 56 54.211 0.597 53.614 0.00029961966
262 17 68 54.181 0.567 53.614 0.017877338
262 18 50 54.126 0.512 53.614 0.0015937055
262 19 54 54.056 0.442 53.614 2.9357947e-07
262 20 55 53.978 0.364 53.614 9.7780311e-05
262 21 60 53.906 0.292 53.614 0.0034765984
262 22 56 53.853 0.24 53.613 0.0004315327
262 23 64 53.833 0.22 53.613 0.0096768781
262 24 58 53.872 0.259 53.613 0.0015952509
262 25 51 53.977 0.364 53.613 0.00082967364
262 26 72 54.151 0.538 53.613 0.029824791
262 27 61 54.374 0.761 53.613 0.0041101009
262 28 53 54.595 0.981 53.614 0.00023816119
262 29 57 54.769 1.156 53.613 0.00046596014
262 30 57 54.874 1.261 53.613 0.00042313227
262 31 56 54.898 1.284 53.614 0.00011368753
263 0 63 55.029 1.193 53.836 0.0059480586
263 1 50 54.9 1.065 53.835 0.0022477178
263 2 57 54.723 0.887 53.836 0.00048537308
263 3 63 54.523 0.687 53.836 0.0067271946
263 4 58 54.325 0.489 53.836 0.0012643413
263 5 52 54.153 0.317 53.836 0.00043394799
263 6 33 54.023 0.188 53.835 0.041375095
263 7 50 53.946 0.111 53.835 0.0014576853
263 8 57 53.904 0.068 53.836 0.00089732864
263 9 44 53.917 0.082 53.835 0.0092068327
263 10 56 53.999 0.164 53.835 0.00037483816
263 11 58 54.108 0.272 53.836 0.0014180622
263 12 56 54.217 0.381 53.836 0.00029761328
263 13 53 54.311 0.475 53.836 0.00016089962
263 14 47 54.379 0.544 53.835 0.0050973522
263 15 55 54.415 0.579 53.836 3.2037702e-05
263 16 51 54.417 0.581 53.836 0.0010930489
263 17 46 54.387 0.551 53.836 0.0065851081
263 18 56 54.334 0.498 53.836 0.00025983618
263 19 67 54.265 0.43 53.835 0.015182648
263 20 58 54.19 0.354 53.836 0.0013589378
263 21 53 54.12 0.284 53.836 0.00011743179
263 22 61 54.069 0.233 53.836 0.0044971919
263 23 62 54.049 0.214 53.835 0.0059182476
263 24 44 54.088 0.252 53.836 0.0095270791
263 25 57 54.19 0.354 53.836 0.00073920052
263 26 53 54.36 0.525 53.835 0.00017315197
263 27 59 54.578 0.742 53.836 0.0018305732
263 28 65 54.794 0.958 53.836 0.0097512603
263 29 55 54.964 1.128 53.836 1.2132621e-07
263 30 47 55.067 1.231 53.836 0.0060921942
263 31 54 55.089 1.253 53.836 0.00011102106
264 0 56 55.386 1.164 54.222 3.529282e-05
264 1 56 55.261 1.038 54.223 5.112561e-05
264 2 70 55.087 0.865 54.222 0.020819949
264 3 53 54.891 0.669 54.222 0.00033475932
264 4 60 54.698 0.476 54.222 0.0026316557
264 5 50 54.53 0.308 54.222 0.0019210826
264 6 53 54.404 0.182 54.222 0.00018453716
264 7 48 54.329 0.107 54.222 0.0037499011
264 8 43 54.288 0.066 54.222 0.011928439
264 9 59 54.302 0.079 54.223 0.0020662157
264 10 53 54.381 0.159 54.222 0.0001785406
264 11 51 54.487 0.265 54.222 0.0011382916
264 12 59 54.593 0.371 54.222 0.0018181752
264 13 54 54.685 0.462 54.223 4.3926921e-05
264 14 56 54.751 0.529 54.222 0.0001460409
264 15 62 54.785 0.563 54.222 0.0048732904
264 16 47 54.787 0.565 54.222 0.005676622
264 17 56 54.758 0.536 54.222 0.00014440852
264 18 55 54.706 0.484 54.222 8.0917841e-06
264 19 45 54.64 0.417 54.223 0.0086996883
264 20 51 54.566 0.344 54.222 0.0011904531
264 21 50 54.498 0.276 54.222 0.0018940373
264 22 49 54.449 0.226 54.223 0.002779606
264 23 57 54.43 0.207 54.223 0.00061832367
264 24 66 54.467 0.245 54.222 0.012451859
264 25 54 54.567 0.345 54.222 3.0096483e-05
264 26 60 54.734 0.511 54.223 0.0025960397
264 27 64 54.946 0.724 54.222 0.0076741557
264 28 48 55.157 0.934 54.223 0.0047952545
264 29 51 55.323 1.101 54.222 0.0017495248
264 30 62 55.423 1.201 54.222 0.0040495364
264 31 54 55.445 1.223 54.222 0.00019547234
265 0 61 55.599 1.135 54.464 0.0027308508
265 1 47 55.477 1.012 54.465 0.0067271946
265 2 56 55.307 0.843 54.464 4.4958943e-05
265 3 46 55.116 0.652 54.464 0.0077796177
265 4 51 54.928 0.463 54.465 0.001444417
265 5 54 54.764 0.3 54.464 5.4643227e-05
265 6 57 54.641 0.177 54.464 0.00052096135
265 7 57 54.568 0.104 54.464 0.00055370286
265 8 42 54.529 0.064 54.465 0.014695435
265 9 51 54.542 0.077 54.465 0.001174483
265 10 62 54.619 0.155 54.464 0.0051001158
265 11 71 54.722 0.257 54.465 0.024805713
265 12 50 54.825 0.36 54.465 0.0021794367
265 13 63 54.914 0.45 54.464 0.0061209256
265 14 50 54.978 0.514 54.464 0.0023198473
265 15 52 55.012 0.547 54.465 0.00084929694
265 16 53 55.013 0.548 54.465 0.00037934745
265 17 57 54.985 0.52 54.465 0.00038010162
265 18 65 54.934 0.47 54.464 0.0094855709
265 19 56 54.87 0.405 54.465 0.00011953814
265 20 62 54.798 0.334 54.464 0.0048557448
265 21 60 54.732 0.268 54.464 0.002598012
265 22 47 54.684 0.22 54.464 0.0055274438
265 23 46 54.666 0.201 54.465 0.0070305126
265 24 50 54.703 0.238 54.465 0.0020706161
265 25 70 54.801 0.336 54.465 0.021626172
265 26 54 54.963 0.498 54.465 8.6816485e-05
265 27 53 55.17 0.706 54.464 0.00044082792
265 28 45 55.375 0.911 54.464 0.010076874
265 29 46 55.538 1.073 54.465 0.008516561
265 30 72 55.635 1.171 54.464 0.025071576
265 31 53 55.657 1.192 54.465 0.0006608954
266 0 57 56.112 1.106 55.006 7.3820257e-05
266 1 70 55.992 0.986 55.006 0.018369693
266 2 52 55.827 0.821 55.006 0.0013710918
266 3 59 55.64 0.634 55.006 0.0010568861
266 4 62 55.457 0.451 55.006 0.0040077762
266 5 47 55.297 0.291 55.006 0.0064445382
266 6 59 55.178 0.172 55.006 0.0013675115
266 7 51 55.107 0.101 55.006 0.0015790614
266 8 53 55.068 0.062 55.006 0.00040036001
266 9 52 55.081 0.075 55.006 0.00088865465
266 10 53 55.156 0.15 55.006 0.00043515816
266 11 70 55.256 0.25 55.006 0.020350743
266 12 44 55.356 0.35 55.006 0.012072588
266 13 47 55.443 0.437 55.006 0.0066733392
266 14 45 55.505 0.499 55.006 0.010330985
266 15 64 55.537 0.531 55.006 0.0067049926
266 16 60 55.538 0.532 55.006 0.0018638405
266 17 55 55.511 0.505 55.006 2.4445078e-05
266 18 54 55.462 0.456 55.006 0.00020009875
266 19 52 55.399 0.393 55.006 0.0010815633
266 20 72 55.33 0.324 55.006 0.02601482
266 21 57 55.266 0.26 55.006 0.00028148017
266 22 57 55.219 0.213 55.006 0.00029694599
266 23 53 55.201 0.195 55.006 0.00045351297
266 24 52 55.237 0.231 55.006 0.00098092324
266 25 61 55.333 0.327 55.006 0.0030064643
266 26 49 55.491 0.485 55.006 0.0039443264
266 27 47 55.693 0.688 55.005 0.0070743897
266 28 63 55.894 0.888 55.006 0.004727157
266 29 52 56.052 1.046 55.006 0.0015370518
266 30 55 56.147 1.141 55.006 0.00012316192
266 31 52 56.168 1.162 55.006 0.0016263164
267 0 58 51.024 1.077 49.947 0.0045557781
267 1 50 50.907 0.96 49.947 7.7013028e-05
267 2 41 50.746 0.799 49.947 0.0088920611
267 3 56 50.565 0.617 49.948 0.0027653412
267 4 51 50.386 0.438 49.948 3.529282e-05
267 5 41 50.23 0.283 49.947 0.0079754101
267 6 50 50.114 0.167 49.947 1.2166323e-06
267 7 51 50.045 0.098 49.947 8.5380042e-05
267 8 38 50.007 0.06 49.947 0.013496422
267 9 38 50.02 0.073 49.947 0.013525663
267 10 42 50.093 0.146 49.947 0.0061315278
267 11 65 50.19 0.243 49.947 0.020533347
267 12 43 50.287 0.34 49.947 0.0049710389
267 13 53 50.371 0.424 49.947 0.0006470395
267 14 55 50.432 0.484 49.948 0.0019534478
267 15 50 50.463 0.516 49.947 2.0068347e-05
267 16 53 50.464 0.517 49.947 0.00060207157
267 17 56 50.437 0.49 49.947 0.0028971284
267 18 65 50.39 0.442 49.948 0.019982511
267 19 47 50.329 0.381 49.948 0.001037474
267 20 58 50.261 0.314 49.947 0.0056068549
267 21 47 50.199 0.252 49.947 0.00095802778
267 22 43 50.154 0.207 49.947 0.0047912352
267 23 46 50.137 0.19 49.947 0.0016022145
267 24 62 50.172 0.225 49.947 0.013097013
267 25 46 50.265 0.318 49.947 0.0017028943
267 26 50 50.42 0.472 49.948 1.6513845e-05
267 27 53 50.617 0.67 49.947 0.00053161559
267 28 33 50.812 0.865 49.947 0.029701268
267 29 62 50.966 1.019 49.947 0.011397657
267 30 64 51.059 1.112 49.947 0.015677806
267 31 47 51.079 1.132 49.947 0.0015576039
268 0 52 53.664 1.048 52.616 0.00025921269
268 1 55 53.55 0.935 52.615 0.00019682743
268 2 64 53.393 0.777 52.616 0.01053258
268 3 50 53.216 0.6 52.616 0.00096823706
268 4 46 53.041 0.426 52.615 0.0046410721
268 5 53 52.89 0.275 52.615 1.1327524e-06
268 6 49 52.777 0.161 52.616 0.0013354991
268 7 52 52.71 0.095 52.615 4.7191776e-05
268 8 43 52.674 0.058 52.616 0.0087611636
268 9 39 52.686 0.07 52.616 0.017534876
268 10 54 52.757 0.142 52.615 0.00014464115
268 11 63 52.851 0.236 52.615 0.0096426439
268 12 50 52.946 0.33 52.616 0.00081248454
268 13 52 53.027 0.412 52.615 9.8739406e-05
268 14 52 53.085 0.47 52.615 0.00011020698
268 15 66 53.116 0.5 52.616 0.015540001
268 16 63 53.116 0.501 52.615 0.0091456609
268 17 51 53.091 0.475 52.616 0.00040931503
268 18 47 53.044 0.429 52.615 0.0034197829
268 19 50 52.985 0.37 52.615 0.00083413875
268 20 46 52.92 0.304 52.616 0.0044829285
268 21 54 52.86 0.244 52.616 0.00012166323
268 22 46 52.816 0.2 52.616 0.0043491941
268 23 45 52.799 0.184 52.615 0.0056941311
268 24 54 52.834 0.218 52.616 0.00012727606
268 25 62 52.925 0.309 52.616 0.0077097961
268 26 56 53.075 0.46 52.615 0.00080094255
268 27 60 53.267 0.652 52.615 0.0042439167
268 28 57 53.457 0.842 52.615 0.0011751463
268 29 63 53.607 0.992 52.615 0.0082595858
268 30 53 53.698 1.082 52.616 4.5610042e-05
268 31 52 53.717 1.102 52.615 0.00027598801
269 0 44 53.35 1.02 52.33 0.0081841361
269 1 45 53.239 0.909 52.33 0.0063547523
269 2 56 53.086 0.756 52.33 0.00079492969
269 3 47 52.914 0.584 52.33 0.0032742532
269 4 51 52.744 0.414 52.33 0.00028473613
269 5 66 52.596 0.266 52.33 0.016819708
269 6 58 52.486 0.156 52.33 0.0028463162
269 7 57 52.421 0.091 52.33 0.0019628672
269 8 50 52.386 0.056 52.33 0.00053295495
269 9 37 52.398 0.068 52.33 0.022196181
269 10 55 52.468 0.138 52.33 0.00060017379
269 11 68 52.559 0.229 52.33 0.022320323
269 12 41 52.651 0.32 52.331 0.012707966
269 13 62 52.729 0.399 52.33 0.0080464216
269 14 52 52.786 0.456 52.33 5.7835529e-05
269 15 50 52.815 0.485 52.33 0.00074183347
269 16 53 52.816 0.486 52.33 3.16946e-06
269 17 51 52.791 0.461 52.33 0.00030028995
269 18 65 52.746 0.416 52.33 0.014057412
269 19 58 52.688 0.358 52.33 0.0026415921
269 20 58 52.625 0.295 52.33 0.0027046219
269 21 41 52.567 0.237 52.33 0.012525385
269 22 62 52.524 0.194 52.33 0.0084062002
269 23 49 52.508 0.178 52.33 0.0011520433
269 24 45 52.542 0.212 52.33 0.0053250376
269 25 47 52.631 0.3 52.331 0.0029683881
269 26 50 52.777 0.447 52.33 0.00072194046
269 27 45 52.964 0.634 52.33 0.0059376163
269 28 52 53.149 0.819 52.33 0.00012359181
269 29 48 53.296 0.966 52.33 0.0026257029
269 30 57 53.384 1.054 52.33 0.0012240706
269 31 69 53.403 1.073 52.33 0.022773604
270 0 62 53.027 0.993 52.034 0.0075374589
270 1 44 52.919 0.885 52.034 0.0074470102
270 2 53 52.77 0.735 52.035 4.9522812e-06
270 3 52 52.602 0.567 52.035 3.3926777e-05
270 4 61 52.437 0.402 52.035 0.0068643831
270 5 55 52.293 0.259 52.034 0.00068600319
270 6 53 52.186 0.152 52.034 6.2029522e-05
270 7 60 52.123 0.089 52.034 0.0058085979
270 8 48 52.089 0.055 52.034 0.0015652505
270 9 52 52.101 0.066 52.035 9.5497581e-07
270 10 48 52.168 0.133 52.035 0.0016263164
270 11 66 52.257 0.222 52.035 0.01768124
270 12 54 52.346 0.311 52.035 0.00025610652
270 13 48 52.422 0.387 52.035 0.0018305732
270 14 47 52.477 0.442 52.035 0.0028082457
270 15 55 52.505 0.471 52.034 0.00058276133
270 16 63 52.506 0.471 52.035 0.010309361
270 17 51 52.481 0.447 52.034 0.00020533347
270 18 56 52.437 0.403 52.034 0.001188451
270 19 55 52.382 0.347 52.035 0.00064163627
270 20 53 52.32 0.286 52.034 4.3287993e-05
270 21 39 52.264 0.229 52.035 0.016470192
270 22 56 52.223 0.188 52.035 0.0013354991
270 23 41 52.207 0.173 52.034 0.011757862
270 24 52 52.24 0.205 52.035 5.3922759e-06
270 25 50 52.327 0.292 52.035 0.00050692346
270 26 56 52.47 0.435 52.035 0.0011665384
270 27 57 52.652 0.617 52.035 0.0017698184
270 28 56 52.832 0.797 52.035 0.00093955016
270 29 50 52.974 0.94 52.034 0.00082800232
270 30 39 53.06 1.025 52.035 0.018506328
270 31 47 53.079 1.044 52.035 0.0034595046
271 0 45 51.472 0.966 50.506 0.003921269
271 1 73 51.367 0.861 50.506 0.043810996
271 2 46 51.221 0.715 50.506 0.002551861
271 3 55 51.057 0.552 50.505 0.0014554697
271 4 51 50.896 0.39 50.506 1.0125496e-06
271 5 50 50.757 0.251 50.506 5.3646499e-05
271 6 46 50.653 0.147 50.506 0.0020268226
271 7 53 50.592 0.086 50.506 0.00054282843
271 8 49 50.559 0.053 50.506 0.00022753167
271 9 52 50.57 0.064 50.506 0.00019143516
271 10 55 50.635 0.129 50.506 0.0017836848
271 11 42 50.721 0.216 50.505 0.0071200361
271 12 48 50.808 0.302 50.506 0.00073814865
271 13 53 50.882 0.376 50.506 0.00041995382
271 14 44 50.935 0.429 50.506 0.0045023842
271 15 54 50.962 0.456 50.506 0.00086402272
271 16 46 50.962 0.457 50.505 0.0023049587
271 17 45 50.939 0.433 50.506 0.003301994
271 18 40 50.896 0.39 50.506 0.011114343
271 19 49 50.842 0.336 50.506 0.00031763538
271 20 56 50.783 0.277 50.506 0.0025479523
271 21 50 50.728 0.222 50.506 4.961493e-05
271 22 54 50.688 0.182 50.506 0.001026905
271 23 51 50.673 0.167 50.506 1.0010255e-05
271 24 57 50.705 0.199 50.506 0.0037097197
271 25 56 50.79 0.284 50.506 0.0025411194
271 26 52 50.929 0.423 50.506 0.00010738128
271 27 47 51.106 0.6 50.506 0.0015782926
271 28 45 51.282 0.776 50.506 0.0036944134
271 29 44 51.42 0.914 50.506 0.0051541545
271 30 64 51.504 0.998 50.506 0.014618125
271 31 58 51.522 1.016 50.506 0.003928543
272 0 59 52.772 0.94 51.832 0.0036311721
272 1 64 52.669 0.837 51.832 0.012019492
272 2 48 52.527 0.696 51.831 0.0019185389
272 3 54 52.368 0.536 51.832 0.00024933884
272 4 50 52.211 0.379 51.832 0.0004576433
272 5 59 52.075 0.243 51.832 0.0044894091
272 6 39 51.974 0.142 51.832 0.015757866
272 7 44 51.914 0.083 51.831 0.0058632946
272 8 54 51.883 0.051 51.832 0.00041955736
272 9 53 51.894 0.062 51.832 0.00011451434
272 10 43 51.957 0.126 51.831 0.0075106024
272 11 62 52.041 0.209 51.832 0.0092849825
272 12 55 52.124 0.293 51.831 0.00077433232
272 13 54 52.196 0.365 51.831 0.00030466509
272 14 51 52.248 0.416 51.832 0.00014580714
272 15 58 52.274 0.442 51.832 0.0030693917
272 16 64 52.274 0.443 51.831 0.0128721
272 17 54 52.251 0.419 51.832 0.00028637114
272 18 41 52.21 0.378 51.832 0.011764158
272 19 41 52.158 0.326 51.832 0.01165527
272 20 50 52.1 0.268 51.832 0.00041284613
272 21 53 52.047 0.215 51.832 8.5022804e-05
272 22 54 52.008 0.177 51.831 0.00037147389
272 23 45 51.994 0.162 51.832 0.0045793188
272 24 58 52.025 0.193 51.832 0.0033421462
272 25 55 52.107 0.276 51.831 0.00078351351
272 26 58 52.243 0.411 51.832 0.0031027164
272 27 55 52.416 0.584 51.832 0.00062507862
272 28 50 52.587 0.755 51.832 0.00062653088
272 29 51 52.722 0.89 51.832 0.00027759773
272 30 47 52.803 0.971 51.832 0.0031524976
272 31 49 52.82 0.989 51.831 0.0013660807
273 0 53 52.831 0.916 51.915 2.6737638e-06
273 1 53 52.731 0.815 51.916 6.7741402e-06
273 2 54 52.592 0.677 51.915 0.00018559015
273 3 56 52.437 0.522 51.915 0.001188451
273 4 53 52.284 0.369 51.915 4.7992754e-05
273 5 52 52.152 0.236 51.916 2.1629018e-06
273 6 49 52.053 0.138 51.915 0.00087257594
273 7 59 51.996 0.08 51.916 0.0045924232
273 8 70 51.965 0.049 51.916 0.030449623
273 9 41 51.976 0.06 51.916 0.011278149
273 10 50 52.037 0.122 51.915 0.00038844692
273 11 66 52.118 0.203 51.915 0.018040713
273 12 48 52.2 0.284 51.916 0.0016513845
273 13 63 52.269 0.354 51.915 0.010780279
273 14 54 52.319 0.404 51.915 0.00026453616
273 15 47 52.345 0.429 51.916 0.002674515
273 16 56 52.345 0.429 51.916 0.0012506172
273 17 48 52.322 0.407 51.915 0.0017487155
273 18 41 52.282 0.367 51.915 0.011915762
273 19 55 52.231 0.316 51.915 0.00071778691
273 20 54 52.175 0.26 51.915 0.00031179946
273 21 50 52.124 0.209 51.915 0.00042233653
273 22 62 52.086 0.171 51.915 0.0092012632
273 23 42 52.072 0.157 51.915 0.0094968823
273 24 50 52.103 0.188 51.915 0.00041402653
273 25 52 52.183 0.268 51.915 3.1351029e-06
273 26 43 52.316 0.4 51.916 0.0081247234
273 27 51 52.484 0.569 51.915 0.00020616618
273 28 54 52.651 0.735 51.916 0.00017036231
273 29 52 52.782 0.867 51.915 5.724837e-05
273 30 51 52.861 0.946 51.915 0.00032422192
273 31 45 52.878 0.963 51.915 0.0058100728
274 0 69 52.051 0.892 51.159 0.026892909
274 1 52 51.953 0.794 51.159 2.0679753e-07
274 2 57 51.818 0.659 51.159 0.0025138794
274 3 44 51.667 0.508 51.159 0.0055030131
274 4 62 51.518 0.359 51.159 0.010285797
274 5 54 51.389 0.23 51.159 0.00063820965
274 6 56 51.293 0.134 51.159 0.0020741398
274 7 43 51.237 0.078 51.159 0.0063516675
274 8 50 51.207 0.048 51.159 0.00013638423
274 9 53 51.217 0.058 51.159 0.00029761328
274 10 51 51.277 0.118 51.159 7.1830545e-06
274 11 38 51.356 0.197 51.159 0.016699461
274 12 51 51.435 0.276 51.159 1.7714469e-05
274 13 50 51.503 0.344 51.159 0.00021147916
274 14 50 51.551 0.392 51.159 0.00022520251
274 15 51 51.576 0.417 51.159 3.1059509e-05
274 16 38 51.576 0.417 51.159 0.017254139
274 17 58 51.554 0.395 51.159 0.0038898265
274 18 51 51.515 0.356 51.159 2.4829277e-05
274 19 51 51.466 0.307 51.159 2.0329255e-05
274 20 62 51.411 0.252 51.159 0.010496863
274 21 50 51.361 0.202 51.159 0.0001734067
274 22 41 51.325 0.166 51.159 0.0099799817
274 23 53 51.311 0.152 51.159 0.00026706005
274 24 40 51.341 0.182 51.159 0.012040716
274 25 54 51.42 0.261 51.159 0.00062314489
274 26 51 51.549 0.39 51.159 2.8215926e-05
274 27 50 51.713 0.554 51.159 0.0002747036
274 28 66 51.875 0.716 51.159 0.018677835
274 29 45 52.004 0.845 51.159 0.0045924232
274 30 57 52.081 0.922 51.159 0.0022651829
274 31 52 52.097 0.939 51.158 8.8083202e-07
275 0 63 53.962 0.87 53.092 0.0076470565
275 1 59 53.867 0.774 53.093 0.0024665627
275 2 59 53.735 0.643 53.092 0.0025950539
275 3 46 53.587 0.495 53.092 0.0053887718
275 4 53 53.441 0.349 53.092 1.8206514e-05
275 5 44 53.315 0.223 53.092 0.0081229792
275 6 58 53.222 0.13 53.092 0.002137184
275 7 52 53.168 0.075 53.093 0.00012771306
275 8 58 53.139 0.046 53.093 0.0022120802
275 9 55 53.149 0.057 53.092 0.0003207469
275 10 44 53.207 0.115 53.092 0.0079357122
275 11 64 53.284 0.192 53.092 0.010750163
275 12 50 53.361 0.268 53.093 0.0010575153
275 13 61 53.426 0.334 53.092 0.0053703207
275 14 51 53.473 0.381 53.092 0.00057252948
275 15 44 53.497 0.405 53.092 0.0084434998
275 16 60 53.497 0.405 53.092 0.0039589237
275 17 46 53.476 0.383 53.093 0.0052322467
275 18 50 53.438 0.346 53.092 0.0011065254
275 19 57 53.39 0.298 53.092 0.0012200118
275 20 64 53.337 0.245 53.092 0.010644088
275 21 65 53.288 0.196 53.092 0.012841382
275 22 65 53.253 0.161 53.092 0.012918246
275 23 48 53.24 0.148 53.092 0.002570468
275 24 48 53.269 0.177 53.092 0.0025989985
275 25 48 53.346 0.254 53.092 0.0026755159
275 26 52 53.472 0.38 53.092 0.00020284544
275 27 52 53.632 0.54 53.092 0.00024933884
275 28 56 53.791 0.699 53.092 0.00045681574
275 29 55 53.916 0.824 53.092 0.00011000393
275 30 45 53.991 0.899 53.092 0.0075677298
275 31 39 54.007 0.915 53.092 0.021083242
276 0 57 51.347 0.849 50.498 0.002991628
276 1 65 51.253 0.756 50.497 0.017691534
276 2 52 51.125 0.627 50.498 7.1674675e-05
276 3 47 50.98 0.482 50.498 0.0014829133
276 4 48 50.838 0.34 50.498 0.00075400531
276 5 52 50.715 0.217 50.498 0.00015458092
276 6 55 50.624 0.126 50.498 0.0017926861
276 7 46 50.571 0.073 50.498 0.0019560145
276 8 50 50.543 0.045 50.498 2.7602555e-05
276 9 57 50.553 0.055 50.498 0.0038910334
276 10 49 50.61 0.112 50.498 0.00024266178
276 11 56 50.684 0.187 50.497 0.0026455719
276 12 60 50.759 0.261 50.498 0.0079944311
276 13 47 50.823 0.325 50.498 0.0013682272
276 14 60 50.868 0.371 50.497 0.0078069506
276 15 51 50.891 0.394 50.497 1.1122505e-06
276 16 49 50.891 0.394 50.497 0.00033475932
276 17 42 50.87 0.373 50.497 0.0073654089
276 18 60 50.833 0.336 50.497 0.0078669083
276 19 46 50.787 0.289 50.498 0.0021452429
276 20 47 50.736 0.238 50.498 0.0013066623
276 21 47 50.688 0.191 50.497 0.0012733021
276 22 44 50.654 0.156 50.498 0.0041449111
276 23 51 50.641 0.144 50.497 1.2065311e-05
276 24 36 50.67 0.173 50.497 0.020146975
276 25 54 50.745 0.248 50.497 0.00099186282
276 26 46 50.868 0.371 50.497 0.0022184557
276 27 49 51.025 0.527 50.498 0.00038388371
276 28 56 51.18 0.682 50.498 0.0021749221
276 29 53 51.302 0.804 50.498 0.00026991374
276 30 48 51.375 0.878 50.497 0.0010663436
276 31 48 51.391 0.893 50.498 0.0010764781
277 0 59 51.316 0.83 50.486 0.0055274438
277 1 44 51.224 0.738 50.486 0.0048854559
277 2 50 51.098 0.612 50.486 0.00011286371
277 3 52 50.957 0.471 50.486 0.00010183996
277 4 44 50.818 0.332 50.486 0.0043517468
277 5 52 50.698 0.212 50.486 0.00015869805
277 6 54 50.609 0.123 50.486 0.0010764781
277 7 42 50.557 0.071 50.486 0.0068547668
277 8 53 50.53 0.044 50.486 0.00057114125
277 9 57 50.54 0.054 50.486 0.0039067414
277 10 50 50.595 0.109 50.486 3.3142369e-05
277 11 53 50.668 0.182 50.486 0.00050910424
277 12 60 50.74 0.254 50.486 0.0080273389
277 13 48 50.803 0.317 50.486 0.00073552226
277 14 55 50.847 0.361 50.486 0.0016146317
277 15 54 50.869 0.383 50.486 0.00091773175
277 16 58 50.869 0.383 50.486 0.0047604773
277 17 38 50.849 0.363 50.486 0.015455686
277 18 59 50.813 0.327 50.486 0.0062747901
277 19 60 50.767 0.281 50.486 0.0079805954
277 20 55 50.717 0.231 50.486 0.0017172984
277 21 55 50.672 0.185 50.487 0.0017535741
277 22 51 50.638 0.152 50.486 1.2267802e-05
277 23 50 50.626 0.14 50.486 3.6685825e-05
277 24 42 50.654 0.168 50.486 0.0070110555
277 25 43 50.728 0.241 50.487 0.0055909274
277 26 38 50.848 0.362 50.486 0.01545328
277 27 66 51.001 0.515 50.486 0.021060769
277 28 53 51.152 0.666 50.486 0.00031970804
277 29 48 51.272 0.786 50.486 0.0010022503
277 30 43 51.344 0.858 50.486 0.0065177577
277 31 41 51.359 0.873 50.486 0.010045818
278 0 61 52.576 0.811 51.765 0.0066433379
278 1 53 52.487 0.722 51.765 2.4636803e-05
278 2 48 52.363 0.598 51.765 0.0017820507
278 3 43 52.225 0.46 51.765 0.0079667717
278 4 58 52.089 0.324 51.765 0.0032709322
278 5 45 51.972 0.206 51.766 0.0045505551
278 6 43 51.885 0.12 51.765 0.0073903412
278 7 40 51.834 0.069 51.765 0.013110304
278 8 53 51.808 0.043 51.765 0.00013301546
278 9 49 51.817 0.052 51.765 0.00074288796
278 10 52 51.871 0.106 51.765 1.5578622e-06
278 11 45 51.942 0.177 51.765 0.004511478
278 12 61 52.013 0.248 51.765 0.0075609977
278 13 65 52.074 0.309 51.765 0.015641483
278 14 49 52.117 0.352 51.765 0.00090954298
278 15 57 52.138 0.373 51.765 0.0022129904
278 16 51 52.138 0.373 51.765 0.00012123671
278 17 43 52.118 0.353 51.765 0.0077830317
278 18 52 52.083 0.318 51.765 6.4491994e-07
278 19 35 52.039 0.274 51.765 0.027179273
278 20 55 51.99 0.225 51.765 0.00084816943
278 21 68 51.946 0.181 51.765 0.024127712
278 22 46 51.913 0.148 51.765 0.003273146
278 23 43 51.901 0.136 51.765 0.007416982
278 24 67 51.929 0.164 51.765 0.021263452
278 25 64 52.001 0.236 51.765 0.013478443
278 26 50 52.119 0.354 51.765 0.00042035047
278 27 54 52.269 0.503 51.766 0.00028050704
278 28 55 52.417 0.651 51.766 0.0006245949
278 29 57 52.534 0.769 51.765 0.0018671838
278 30 48 52.604 0.839 51.765 0.001984359
278 31 58 52.619 0.854 51.765 0.0027106635
279 0 44 47.489 0.794 46.695 0.0011395977
279 1 40 47.401 0.706 46.695 0.0051277924
279 2 46 47.28 0.585 46.695 0.00015338029
279 3 49 47.144 0.45 46.694 0.00032248207
279 4 45 47.011 0.316 46.695 0.00037859403
279 5 57 46.896 0.201 46.695 0.0095573238
279 6 47 46.811 0.116 46.695 3.3440536e-06
279 7 47 46.762 0.067 46.695 5.3027791e-06
279 8 42 46.736 0.041 46.695 0.0020997762
279 9 53 46.745 0.051 46.694 0.0036627245
279 10 43 46.798 0.104 46.694 0.001350391
279 11 53 46.867 0.173 46.694 0.0035212394
279 12 46 46.936 0.242 46.694 8.2016517e-05
279 13 44 46.996 0.301 46.695 0.00084029783
279 14 56 47.037 0.343 46.694 0.007520668
279 15 48 47.059 0.364 46.695 8.2895102e-05
279 16 47 47.058 0.364 46.694 3.1492389e-07
279 17 52 47.039 0.344 46.695 0.0023040297
279 18 36 47.004 0.31 46.694 0.011335764
279 19 51 46.961 0.267 46.694 0.001527205
279 20 54 46.914 0.219 46.695 0.0047005851
279 21 43 46.87 0.176 46.694 0.001402076
279 22 56 46.839 0.144 46.695 0.0078566135
279 23 54 46.827 0.133 46.694 0.0048167187
279 24 49 46.854 0.16 46.694 0.00043113081
279 25 39 46.925 0.23 46.695 0.0058796052
279 26 44 47.041 0.346 46.695 0.00086572999
279 27 40 47.187 0.493 46.694 0.0048355393
279 28 44 47.332 0.638 46.694 0.0010393447
279 29 52 47.447 0.752 46.695 0.0019406398
279 30 43 47.516 0.821 46.695 0.0019092267
279 31 41 47.53 0.836 46.694 0.0039918663
280 0 48 51.729 0.778 50.951 0.0013017704
280 1 52 51.643 0.692 50.951 1.1931253e-05
280 2 50 51.525 0.573 50.952 0.00021771548
280 3 45 51.391 0.44 50.951 0.0038237304
280 4 45 51.261 0.309 50.952 0.0036697547
280 5 55 51.148 0.197 50.951 0.0013890638
280 6 48 51.065 0.114 50.951 0.00087944884
280 7 57 51.017 0.065 50.952 0.0033511019
280 8 52 50.992 0.04 50.952 9.5119747e-05
280 9 55 51.001 0.05 50.951 0.0014971056
280 10 50 51.053 0.101 50.952 0.00010380215
280 11 62 51.12 0.169 50.951 0.011081726
280 12 68 51.188 0.236 50.952 0.026459911
280 13 58 51.245 0.294 50.951 0.0042716959
280 14 49 51.286 0.335 50.951 0.0004892176
280 15 58 51.307 0.355 50.952 0.0041936412
280 16 46 51.306 0.355 50.951 0.002635628
280 17 41 51.287 0.336 50.951 0.0099066565
280 18 42 51.254 0.302 50.952 0.0080169396
280 19 56 51.212 0.26 50.952 0.0021461393
280 20 38 51.165 0.214 50.951 0.016225248
280 21 52 51.123 0.171 50.952 7.2002705e-05
280 22 41 51.092 0.141 50.951 0.0095346358
280 23 58 51.081 0.129 50.952 0.004481633
280 24 60 51.108 0.156 50.952 0.0074019906
280 25 49 51.177 0.225 50.952 0.00044367656
280 26 62 51.29 0.339 50.951 0.010738128
280 27 47 51.434 0.482 50.952 0.0018405219
280 28 62 51.576 0.624 50.952 0.010172283
280 29 43 51.688 0.737 50.951 0.0070662541
280 30 46 51.756 0.804 50.952 0.0031016386
280 31 46 51.77 0.819 50.951 0.0031167448
281 0 55 52.235 0.762 51.473 0.00071571463
281 1 49 52.15 0.677 51.473 0.00092890378
281 2 56 52.034 0.561 51.473 0.0014724991
281 3 53 51.903 0.431 51.472 0.00011265822
281 4 49 51.775 0.302 51.473 0.00072090095
281 5 42 51.665 0.192 51.473 0.0087448696
281 6 67 51.583 0.111 51.472 0.022250992
281 7 38 51.536 0.064 51.472 0.017152614
281 8 51 51.512 0.039 51.473 2.4540847e-05
281 9 46 51.521 0.048 51.473 0.0028535476
281 10 44 51.571 0.099 51.472 0.0053660673
281 11 37 51.637 0.165 51.472 0.020056436
281 12 51 51.703 0.231 51.472 4.6265821e-05
281 13 63 51.76 0.287 51.473 0.011827208
281 14 46 51.799 0.327 51.472 0.0031481531
281 15 51 51.819 0.347 51.472 6.2793896e-05
281 16 57 51.819 0.346 51.473 0.0025129093
281 17 53 51.8 0.327 51.473 0.0001348069
281 18 49 51.767 0.295 51.472 0.0007167504
281 19 39 51.726 0.254 51.472 0.015161196
281 20 50 51.681 0.209 51.472 0.00026453616
281 21 53 51.64 0.167 51.473 0.00017315197
281 22 46 51.61 0.137 51.473 0.002946289
281 23 63 51.599 0.126 51.473 0.012168457
281 24 58 51.625 0.152 51.473 0.0038046087
281 25 47 51.693 0.22 51.473 0.0020618199
281 26 57 51.804 0.332 51.472 0.0025274811
281 27 67 51.945 0.473 51.472 0.021218327
281 28 55 52.085 0.612 51.473 0.00079547538
281 29 56 52.195 0.722 51.473 0.0013553734
281 30 61 52.261 0.788 51.473 0.0071494577
281 31 49 52.275 0.802 51.473 0.0010040891
282 0 55 50.114 0.747 49.367 0.002234892
282 1 50 50.031 0.664 49.367 8.9964881e-08
282 2 48 49.916 0.55 49.366 0.00034366922
282 3 38 49.788 0.422 49.366 0.01300858
282 4 61 49.663 0.296 49.367 0.012032224
282 5 53 49.554 0.188 49.366 0.001111681
282 6 46 49.475 0.108 49.367 0.0011304705
282 7 44 49.429 0.062 49.367 0.0027592389
282 8 48 49.405 0.038 49.367 0.00018480013
282 9 59 49.414 0.047 49.367 0.0086024959
282 10 52 49.463 0.096 49.367 0.00060254649
282 11 39 49.528 0.161 49.367 0.010376273
282 12 49 49.592 0.225 49.367 3.2809003e-05
282 13 62 49.647 0.28 49.367 0.014285469
282 14 58 49.686 0.319 49.367 0.0064709741
282 15 57 49.705 0.339 49.366 0.0049819598
282 16 51 49.705 0.338 49.367 0.00015699621
282 17 48 49.686 0.32 49.366 0.00026611219
282 18 48 49.654 0.288 49.366 0.00025610652
282 19 42 49.614 0.248 49.366 0.0054271943
282 20 57 49.57 0.204 49.366 0.0051680565
282 21 42 49.53 0.163 49.367 0.0053081059
282 22 42 49.5 0.134 49.366 0.0052658945
282 23 64 49.49 0.123 49.367 0.019709901
282 24 48 49.516 0.149 49.367 0.00021515331
282 25 50 49.582 0.216 49.366 1.6356945e-05
282 26 53 49.692 0.325 49.367 0.0010244261
282 27 33 49.83 0.463 49.367 0.026516601
282 28 49 49.966 0.6 49.366 8.735824e-05
282 29 49 50.075 0.708 49.367 0.00010818488
282 30 46 50.139 0.773 49.366 0.0016037641
282 31 49 50.153 0.787 49.366 0.00012445382
283 0 42 52.635 0.733 51.902 0.01058826
283 1 48 52.553 0.651 51.902 0.0019406398
283 2 51 52.441 0.539 51.902 0.00019439164
283 3 51 52.315 0.413 51.902 0.00016188296
283 4 51 52.192 0.29 51.902 0.00013301546
283 5 51 52.086 0.184 51.902 0.00011041022
283 6 63 52.008 0.106 51.902 0.011311054
283 7 52 51.963 0.061 51.902 1.2816017e-07
283 8 47 51.94 0.037 51.903 0.002284565
283 9 59 51.949 0.046 51.903 0.0046542644
283 10 55 51.997 0.094 51.903 0.00084422904
283 11 53 52.06 0.157 51.903 8.271901e-05
283 12 40 52.123 0.22 51.903 0.01375846
283 13 53 52.176 0.274 51.902 6.356295e-05
283 14 41 52.214 0.312 51.902 0.011772555
283 15 43 52.233 0.331 51.902 0.0079805954
283 16 64 52.233 0.33 51.903 0.012962272
283 17 54 52.215 0.312 51.903 0.00029828133
283 18 57 52.183 0.281 51.902 0.0021722155
283 19 78 52.144 0.242 51.902 0.062585295
283 20 54 52.101 0.199 51.902 0.00033759776
283 21 52 52.062 0.159 51.903 3.5985952e-07
283 22 50 52.033 0.131 51.902 0.00038692285
283 23 39 52.023 0.12 51.903 0.015877119
283 24 44 52.048 0.146 51.902 0.0060635304
283 25 52 52.114 0.211 51.903 1.2166323e-06
283 26 52 52.221 0.318 51.903 4.5722942e-06
283 27 52 52.357 0.454 51.903 1.1931253e-05
283 28 57 52.491 0.588 51.903 0.0019033125
283 29 56 52.597 0.694 51.903 0.0010841104
283 30 48 52.66 0.758 51.902 0.0020329255
283 31 62 52.674 0.771 51.903 0.0081421752
284 0 48 51.443 0.718 50.725 0.0011097462
284 1 52 51.363 0.638 50.725 3.7986431e-05
284 2 47 51.253 0.528 50.725 0.0016933253
284 3 58 51.13 0.405 50.725 0.0044183803
284 4 54 51.008 0.284 50.724 0.00083805554
284 5 49 50.905 0.18 50.725 0.00033973445
284 6 44 50.828 0.103 50.725 0.0043645216
284 7 55 50.784 0.059 50.725 0.0016639904
284 8 50 50.761 0.036 50.725 5.4214934e-05
284 9 54 50.77 0.045 50.725 0.00097668534
284 10 44 50.817 0.092 50.725 0.0043504703
284 11 50 50.879 0.154 50.725 7.2331484e-05
284 12 58 50.94 0.215 50.725 0.0046661535
284 13 44 50.993 0.268 50.725 0.0045780094
284 14 37 51.03 0.305 50.725 0.018427438
284 15 42 51.048 0.323 50.725 0.0076639878
284 16 56 51.047 0.322 50.725 0.0022966049
284 17 46 51.03 0.305 50.725 0.0023685666
284 18 50 50.999 0.274 50.725 9.3428763e-05
284 19 43 50.961 0.236 50.725 0.0059331438
284 20 69 50.919 0.194 50.725 0.03060515
284 21 56 50.88 0.155 50.725 0.0024540847
284 22 51 50.852 0.127 50.725 2.0505627e-06
284 23 60 50.842 0.117 50.725 0.0078514687
284 24 48 50.867 0.142 50.725 0.00076949359
284 25 60 50.932 0.207 50.725 0.0076979068
284 26 56 51.037 0.312 50.725 0.0023058878
284 27 48 51.17 0.445 50.725 0.00094073683
284 28 62 51.302 0.577 50.725 0.010714078
284 29 45 51.406 0.681 50.725 0.0038417004
284 30 44 51.468 0.743 50.725 0.0052210547
284 31 53 51.481 0.757 50.724 0.00021600568
285 0 57 51.433 0.704 50.729 0.0029012962
285 1 48 51.354 0.626 50.728 0.0010531149
285 2 58 51.246 0.518 50.728 0.0042704313
285 3 50 51.125 0.396 50.729 0.00011848263
285 4 40 51.006 0.278 50.728 0.011339885
285 5 59 50.904 0.176 50.728 0.0061360745
285 6 43 50.829 0.101 50.728 0.005738022
285 7 52 50.786 0.058 50.728 0.00013797074
285 8 51 50.764 0.035 50.729 5.2140312e-06
285 9 52 50.773 0.044 50.729 0.00014094145
285 10 44 50.819 0.09 50.729 0.0043530234
285 11 68 50.879 0.15 50.729 0.027441502
285 12 41 50.939 0.21 50.729 0.0092477271
285 13 39 50.99 0.262 50.728 0.013458231
285 14 56 51.026 0.298 50.728 0.0023161207
285 15 55 51.044 0.316 50.728 0.0014650829
285 16 49 51.043 0.315 50.728 0.00039073864
285 17 47 51.026 0.298 50.728 0.0015173898
285 18 50 50.996 0.268 50.728 9.2868472e-05
285 19 56 50.959 0.23 50.729 0.0023789374
285 20 52 50.918 0.189 50.729 0.00010959838
285 21 50 50.88 0.152 50.728 7.2496154e-05
285 22 53 50.853 0.124 50.729 0.0004315327
285 23 50 50.843 0.115 50.728 6.6528047e-05
285 24 52 50.868 0.139 50.729 0.00011996166
285 25 68 50.931 0.203 50.728 0.027275064
285 26 52 51.035 0.306 50.729 8.7177468e-05
285 27 37 51.165 0.436 50.729 0.018783771
285 28 56 51.294 0.566 50.728 0.0020732586
285 29 47 51.396 0.668 50.728 0.0018091101
285 30 51 51.458 0.729 50.729 1.9637246e-05
285 31 50 51.471 0.742 50.729 0.00020256993
286 0 57 49.853 0.691 49.162 0.0047818636
286 1 57 49.776 0.613 49.163 0.0048854559
286 2 41 49.67 0.507 49.163 0.0070370043
286 3 43 49.551 0.388 49.163 0.0040175827
286 4 45 49.434 0.272 49.162 0.0018405219
286 5 55 49.334 0.172 49.162 0.0030054033
286 6 52 49.261 0.098 49.163 0.00070231782
286 7 45 49.219 0.056 49.163 0.0016663594
286 8 41 49.197 0.035 49.162 0.0062901282
286 9 30 49.205 0.043 49.162 0.034528542
286 10 59 49.251 0.088 49.163 0.0088975362
286 11 42 49.31 0.147 49.163 0.0050024687
286 12 51 49.368 0.206 49.162 0.00024933884
286 13 42 49.418 0.256 49.162 0.0051513764
286 14 56 49.453 0.291 49.162 0.0040126779
286 15 54 49.471 0.308 49.163 0.0019202345
286 16 43 49.47 0.307 49.163 0.0039188459
286 17 47 49.453 0.291 49.162 0.00056330644
286 18 48 49.424 0.261 49.163 0.00018983208
286 19 43 49.387 0.225 49.162 0.0038189455
286 20 49 49.347 0.185 49.162 1.1272197e-05
286 21 59 49.311 0.148 49.163 0.0087883539
286 22 52 49.284 0.121 49.163 0.0006905723
286 23 47 49.274 0.112 49.162 0.00048409494
286 24 53 49.299 0.136 49.163 0.0012822945
286 25 58 49.361 0.198 49.163 0.006986772
286 26 45 49.462 0.3 49.162 0.0018638405
286 27 56 49.59 0.428 49.162 0.0038464995
286 28 49 49.717 0.555 49.162 4.8126905e-05
286 29 47 49.817 0.655 49.162 0.00074288796
286 30 61 49.877 0.715 49.162 0.011582265
286 31 56 49.89 0.728 49.162 0.0034948782
287 0 49 48.759 0.677 48.082 5.4373052e-06
287 1 48 48.684 0.601 48.083 4.3798761e-05
287 2 50 48.579 0.497 48.082 0.00018903307
287 3 43 48.463 0.38 48.083 0.0027939075
287 4 38 48.348 0.266 48.082 0.010024494
287 5 44 48.25 0.168 48.082 0.0016909372
287 6 52 48.178 0.096 48.082 0.0013675115
287 7 43 48.137 0.055 48.082 0.0024704084
287 8 50 48.116 0.034 48.082 0.00033228552
287 9 53 48.124 0.042 48.082 0.0022257533
287 10 37 48.168 0.086 48.082 0.011676171
287 11 50 48.226 0.144 48.082 0.00029461636
287 12 57 48.283 0.201 48.082 0.0071135062
287 13 50 48.332 0.25 48.082 0.00026046041
287 14 50 48.366 0.284 48.082 0.00024995034
287 15 50 48.383 0.301 48.082 0.00024477647
287 16 52 48.383 0.3 48.083 0.0012247477
287 17 52 48.366 0.284 48.082 0.0012362875
287 18 48 48.338 0.255 48.083 1.0695055e-05
287 19 43 48.302 0.219 48.083 0.0026316557
287 20 49 48.263 0.18 48.083 5.0849256e-05
287 21 50 48.227 0.144 48.083 0.0002942843
287 22 43 48.201 0.118 48.083 0.0025323477
287 23 44 48.192 0.109 48.083 0.0016450995
287 24 54 48.215 0.133 48.082 0.0031329708
287 25 44 48.277 0.194 48.083 0.0017124903
287 26 58 48.376 0.294 48.082 0.0086708336
287 27 60 48.502 0.419 48.083 0.012376397
287 28 40 48.626 0.544 48.082 0.0069657604
287 29 44 48.724 0.642 48.082 0.0020891489
287 30 51 48.783 0.701 48.082 0.00046013049
287 31 52 48.796 0.713 48.083 0.0009610249
288 0 43 51.318 0.664 50.654 0.0064772022
288 1 63 51.243 0.589 50.654 0.01294025
288 2 54 51.141 0.487 50.654 0.00076520524
288 3 45 51.026 0.372 50.654 0.0033994439
288 4 53 50.914 0.26 50.654 0.00040735986
288 5 41 50.818 0.164 50.654 0.0090239292
288 6 46 50.747 0.093 50.654 0.0021095416
288 7 55 50.707 0.053 50.654 0.0017253269
288 8 50 50.687 0.033 50.654 4.4183803e-05
288 9 53 50.695 0.041 50.654 0.00049738362
288 10 36 50.738 0.084 50.654 0.020334183
288 11 54 50.794 0.14 50.654 0.00096222505
288 12 51 50.85 0.196 50.654 2.1063578e-06
288 13 58 50.898 0.244 50.654 0.0047218367
288 14 51 50.931 0.277 50.654 4.4570531e-07
288 15 54 50.948 0.294 50.654 0.00087200441
288 16 61 50.947 0.293 50.654 0.009461086
288 17 42 50.931 0.277 50.654 0.0074670628
288 18 61 50.903 0.249 50.654 0.0095440858
288 19 45 50.868 0.214 50.654 0.003223516
288 20 40 50.83 0.176 50.654 0.010980106
288 21 55 50.795 0.141 50.654 0.0016553187
288 22 54 50.769 0.115 50.654 0.00097729019
288 23 51 50.76 0.106 50.654 5.3922759e-06
288 24 65 50.784 0.13 50.654 0.018919273
288 25 50 50.844 0.19 50.654 6.6685977e-05
288 26 51 50.942 0.288 50.654 3.1492389e-07
288 27 54 51.065 0.411 50.654 0.00080642844
288 28 52 51.187 0.533 50.654 6.1877209e-05
288 29 50 51.283 0.629 50.654 0.00015410011
288 30 50 51.341 0.687 50.654 0.0001683477
288 31 42 51.353 0.699 50.654 0.0081893888
289 0 63 51.018 0.65 50.368 0.013440278
289 1 50 50.945 0.577 50.368 8.360134e-05
289 2 57 50.845 0.477 50.368 0.0035465471
289 3 32 50.732 0.365 50.367 0.03284868
289 4 49 50.622 0.255 50.367 0.00024629258
289 5 46 50.528 0.16 50.368 0.0019193866
289 6 37 50.459 0.091 50.368 0.016958023
289 7 53 50.42 0.052 50.368 0.00062314489
289 8 50 50.4 0.032 50.368 1.4978544e-05
289 9 33 50.408 0.04 50.368 0.028369219
289 10 39 50.45 0.082 50.368 0.012273279
289 11 58 50.505 0.137 50.368 0.0052588756
289 12 66 50.559 0.192 50.367 0.022320323
289 13 44 50.606 0.238 50.368 0.0040853264
289 14 68 50.639 0.271 50.368 0.028216237
289 15 44 50.655 0.287 50.368 0.004146157
289 16 50 50.654 0.286 50.368 4.0041019e-05
289 17 54 50.638 0.27 50.368 0.0010581447
289 18 41 50.611 0.243 50.368 0.0086474245
289 19 62 50.577 0.209 50.368 0.012215464
289 20 46 50.539 0.171 50.368 0.0019287236
289 21 57 50.505 0.137 50.368 0.0039491891
289 22 63 50.48 0.113 50.367 0.01467433
289 23 56 50.472 0.104 50.368 0.0028607881
289 24 30 50.495 0.127 50.368 0.039322894
289 25 61 50.554 0.186 50.368 0.010215266
289 26 38 50.649 0.282 50.367 0.014978282
289 27 59 50.77 0.403 50.367 0.0063408765
289 28 44 50.89 0.522 50.368 0.0044441434
289 29 46 50.984 0.617 50.367 0.002325443
289 30 60 51.041 0.674 50.367 0.0075139568
289 31 65 51.053 0.685 50.368 0.018210054
290 0 52 50.175 0.637 49.538 0.00031179946
290 1 50 50.103 0.566 49.537 9.931711e-07
290 2 57 50.004 0.467 49.537 0.0045819382
290 3 39 49.894 0.357 49.537 0.011110264
290 4 55 49.786 0.249 49.537 0.0025450228
290 5 63 49.694 0.157 49.537 0.016574661
290 6 54 49.626 0.089 49.537 0.0017910478
290 7 46 49.588 0.051 49.537 0.0012051871
290 8 51 49.568 0.031 49.537 0.00019197101
290 9 55 49.576 0.039 49.537 0.0027541588
290 10 47 49.617 0.08 49.537 0.00064114619
290 11 41 49.671 0.134 49.537 0.0070386277
290 12 52 49.724 0.187 49.537 0.00048494685
290 13 50 49.77 0.233 49.537 4.9522812e-06
290 14 37 49.802 0.264 49.538 0.015342823
290 15 42 49.817 0.28 49.537 0.0057204454
290 16 55 49.816 0.279 49.537 0.0025158203
290 17 50 49.801 0.264 49.537 3.7072833e-06
290 18 45 49.774 0.237 49.537 0.0021336071
290 19 47 49.741 0.204 49.537 0.00070334385
290 20 49 49.704 0.167 49.537 4.6397539e-05
290 21 53 49.671 0.134 49.537 0.001037474
290 22 47 49.647 0.11 49.537 0.00065593002
290 23 53 49.638 0.101 49.537 0.0010581447
290 24 47 49.661 0.124 49.537 0.0006628868
290 25 43 49.719 0.182 49.537 0.0042262862
290 26 51 49.813 0.276 49.537 0.0001319019
290 27 49 49.932 0.394 49.538 8.1317019e-05
290 28 62 50.049 0.512 49.537 0.013370822
290 29 48 50.142 0.604 49.538 0.00042952511
290 30 49 50.197 0.66 49.537 0.00013413371
290 31 55 50.209 0.672 49.537 0.0021488295
291 0 46 49.079 0.624 48.455 0.00088750131
291 1 57 49.008 0.554 48.454 0.0059794408
291 2 42 48.912 0.457 48.455 0.0044725693
291 3 48 48.803 0.349 48.454 6.0364376e-05
291 4 48 48.698 0.244 48.454 4.5610042e-05
291 5 53 48.607 0.153 48.454 0.0018066417
291 6 55 48.541 0.087 48.454 0.0039055319
291 7 53 48.503 0.049 48.454 0.0018931952
291 8 57 48.484 0.03 48.454 0.0067892364
291 9 38 48.492 0.038 48.454 0.010305432
291 10 48 48.532 0.078 48.454 2.6495547e-05
291 11 49 48.585 0.131 48.454 1.6122999e-05
291 12 56 48.637 0.183 48.454 0.0050752709
291 13 39 48.681 0.227 48.454 0.0087738471
291 14 53 48.712 0.258 48.454 0.0017213103
291 15 51 48.727 0.273 48.454 0.00048366927
291 16 45 48.726 0.272 48.454 0.0012996767
291 17 55 48.711 0.257 48.454 0.0037026513
291 18 48 48.685 0.231 48.454 4.3926921e-05
291 19 41 48.653 0.199 48.454 0.0054829344
291 20 45 48.617 0.163 48.454 0.0012247477
291 21 49 48.585 0.131 48.454 1.6122999e-05
291 22 29 48.561 0.107 48.454 0.035820507
291 23 57 48.553 0.099 48.454 0.0066796639
291 24 57 48.575 0.121 48.454 0.0066449152
291 25 47 48.632 0.178 48.454 0.00024933884
291 26 49 48.724 0.27 48.454 7.1312849e-06
291 27 55 48.84 0.386 48.454 0.0035523115
291 28 56 48.955 0.501 48.454 0.0046463468
291 29 41 49.046 0.592 48.454 0.0060605171
291 30 44 49.101 0.647 48.454 0.0024359046
291 31 48 49.112 0.658 48.454 0.00011576018
292 0 47 50.511 0.612 49.899 0.0011540145
292 1 42 50.441 0.543 49.898 0.006670178
292 2 31 50.347 0.448 49.899 0.035041032
292 3 44 50.241 0.342 49.899 0.0036463469
292 4 51 50.137 0.238 49.899 6.9722221e-05
292 5 52 50.048 0.15 49.898 0.00035670504
292 6 65 49.983 0.085 49.898 0.021111349
292 7 52 49.947 0.048 49.899 0.00039457314
292 8 36 49.928 0.03 49.898 0.018160472
292 9 57 49.936 0.037 49.899 0.0046714425
292 10 41 49.975 0.076 49.899 0.0075408194
292 11 45 50.026 0.128 49.898 0.002364801
292 12 56 50.077 0.179 49.898 0.0032842264
292 13 41 50.121 0.222 49.899 0.0077881541
292 14 52 50.151 0.252 49.899 0.00032005414
292 15 56 50.165 0.267 49.898 0.0031873617
292 16 40 50.164 0.266 49.898 0.0096711682
292 17 40 50.15 0.251 49.899 0.0096445442
292 18 47 50.124 0.225 49.899 0.00091363278
292 19 63 50.092 0.194 49.898 0.01559795
292 20 60 50.058 0.159 49.899 0.0092533106
292 21 56 50.026 0.127 49.899 0.0033410276
292 22 57 50.003 0.104 49.899 0.0045832481
292 23 45 49.995 0.096 49.899 0.0023357191
292 24 55 50.017 0.118 49.899 0.0023245099
292 25 49 50.073 0.174 49.899 0.0001077827
292 26 56 50.163 0.265 49.898 0.003189547
292 27 54 50.277 0.378 49.899 0.0012975846
292 28 52 50.39 0.491 49.899 0.00024266178
292 29 59 50.479 0.58 49.899 0.006797211
292 30 61 50.533 0.634 49.899 0.010256379
292 31 43 50.544 0.645 49.899 0.0053278622
293 0 52 50.709 0.599 50.11 0.00015602784
293 1 58 50.641 0.531 50.11 0.005069758
293 2 68 50.548 0.438 50.11 0.028512811
293 3 40 50.444 0.334 50.11 0.010211354
293 4 51 50.343 0.233 50.11 4.040921e-05
293 5 47 50.256 0.146 50.11 0.00099247235
293 6 51 50.192 0.083 50.109 6.1118452e-05
293 7 29 50.156 0.047 50.109 0.041900262
293 8 44 50.138 0.029 50.109 0.0035269832
293 9 47 50.146 0.036 50.11 0.00092654616
293 10 50 50.184 0.074 50.11 3.16946e-06
293 11 52 50.234 0.125 50.109 0.00029196515
293 12 38 50.284 0.174 50.11 0.014126326
293 13 46 50.326 0.216 50.11 0.0017519538
293 14 40 50.355 0.246 50.109 0.010038061
293 15 53 50.37 0.26 50.11 0.00064753183
293 16 39 50.369 0.259 50.11 0.012100245
293 17 58 50.354 0.244 50.11 0.0054729088
293 18 49 50.329 0.22 50.109 0.00016534824
293 19 50 50.299 0.189 50.11 8.3693552e-06
293 20 50 50.265 0.155 50.11 6.5741767e-06
293 21 54 50.234 0.124 50.11 0.0013277315
293 22 51 50.211 0.102 50.109 5.8277865e-05
293 23 61 50.204 0.094 50.11 0.010911272
293 24 49 50.225 0.115 50.11 0.00014048236
293 25 61 50.28 0.17 50.11 0.01075819
293 26 53 50.369 0.259 50.11 0.00064802434
293 27 52 50.48 0.371 50.109 0.00021629018
293 28 47 50.591 0.481 50.11 0.0012072034
293 29 53 50.678 0.568 50.11 0.00050474736
293 30 60 50.73 0.621 50.109 0.0080446859
293 31 59 50.741 0.632 50.109 0.0063856418
294 0 57 50.646 0.587 50.059 0.0037795844
294 1 46 50.58 0.52 50.06 0.0019637246
294 2 49 50.489 0.429 50.06 0.00020755778
294 3 50 50.387 0.327 50.06 1.402076e-05
294 4 61 50.287 0.228 50.059 0.010744144
294 5 57 50.202 0.143 50.059 0.0043262533
294 6 42 50.14 0.08 50.06 0.0062029522
294 7 52 50.105 0.045 50.06 0.00033617704
294 8 44 50.087 0.028 50.059 0.003468616
294 9 40 50.094 0.035 50.059 0.0095384152
294 10 41 50.132 0.073 50.059 0.0078069506
294 11 36 50.181 0.122 50.059 0.018826229
294 12 59 50.229 0.17 50.059 0.0072019126
294 13 54 50.271 0.211 50.06 0.0013017704
294 14 47 50.299 0.24 50.059 0.0010188594
294 15 50 50.313 0.254 50.059 9.1714562e-06
294 16 55 50.312 0.253 50.059 0.0020574289
294 17 51 50.298 0.238 50.06 4.6134291e-05
294 18 54 50.274 0.214 50.06 0.0012996767
294 19 50 50.243 0.184 50.059 5.5279254e-06
294 20 50 50.21 0.151 50.059 4.1284613e-06
294 21 51 50.18 0.121 50.059 6.2947332e-05
294 22 48 50.158 0.099 50.059 0.00043596588
294 23 55 50.151 0.092 50.059 0.0022011721
294 24 52 50.172 0.113 50.059 0.0003128254
294 25 57 50.226 0.166 50.06 0.00429576
294 26 55 50.313 0.253 50.06 0.0020565512
294 27 41 50.422 0.363 50.059 0.0083106659
294 28 48 50.53 0.471 50.059 0.00059922602
294 29 59 50.616 0.557 50.059 0.006580398
294 30 52 50.667 0.608 50.059 0.00016634507
294 31 47 50.678 0.619 50.059 0.0012664063
295 0 40 49.047 0.575 48.472 0.0076622939
295 1 47 48.981 0.509 48.472 0.00036738259
295 2 41 48.892 0.42 48.472 0.0058307413
295 3 46 48.792 0.32 48.472 0.00072976067
295 4 58 48.694 0.223 48.471 0.0081072902
295 5 41 48.611 0.139 48.472 0.0054229184
295 6 45 48.55 0.078 48.472 0.0011797944
295 7 51 48.516 0.044 48.472 0.00057763408
295 8 42 48.499 0.027 48.472 0.0039540549
295 9 62 48.506 0.034 48.472 0.017046336
295 10 45 48.543 0.071 48.472 0.0011751463
295 11 46 48.591 0.119 48.472 0.00062846985
295 12 30 48.638 0.166 48.472 0.032519828
295 13 58 48.678 0.206 48.472 0.0081351922
295 14 55 48.706 0.234 48.472 0.0037085411
295 15 39 48.719 0.247 48.472 0.0088428608
295 16 50 48.718 0.246 48.472 0.00015385998
295 17 57 48.704 0.232 48.472 0.0064429848
295 18 55 48.681 0.209 48.472 0.0037380606
295 19 39 48.651 0.179 48.472 0.0087195537
295 20 52 48.619 0.147 48.472 0.0010701384
295 21 54 48.59 0.118 48.472 0.0027399596
295 22 55 48.569 0.097 48.472 0.0038717441
295 23 33 48.561 0.089 48.472 0.022668596
295 24 45 48.582 0.11 48.472 0.0012011598
295 25 51 48.635 0.163 48.472 0.0005236148
295 26 56 48.72 0.248 48.472 0.004961493
295 27 47 48.827 0.355 48.472 0.00031248323
295 28 57 48.933 0.461 48.472 0.0060921942
295 29 39 49.017 0.545 48.472 0.0093934466
295 30 60 49.067 0.595 48.472 0.011189954
295 31 63 49.078 0.606 48.472 0.018144829
296 0 54 49.165 0.563 48.602 0.00218848
296 1 44 49.101 0.499 48.602 0.0024359046
296 2 51 49.014 0.411 48.603 0.00036923946
296 3 54 48.916 0.313 48.603 0.0024196954
296 4 42 48.82 0.218 48.602 0.0043543003
296 5 53 48.739 0.136 48.603 0.0016997016
296 6 45 48.679 0.076 48.603 0.0012670951
296 7 45 48.646 0.043 48.603 0.0012444658
296 8 37 48.629 0.026 48.603 0.012660019
296 9 47 48.636 0.033 48.603 0.00025056259
296 10 50 48.672 0.069 48.603 0.00016509951
296 11 47 48.719 0.116 48.603 0.00027663134
296 12 53 48.765 0.162 48.603 0.0016790223
296 13 58 48.804 0.201 48.603 0.0079167613
296 14 56 48.831 0.228 48.603 0.0048113482
296 15 45 48.844 0.241 48.603 0.0013833
296 16 48 48.843 0.24 48.603 6.6528047e-05
296 17 41 48.829 0.227 48.602 0.005738022
296 18 38 48.806 0.203 48.603 0.010931495
296 19 61 48.778 0.175 48.603 0.013984089
296 20 68 48.746 0.143 48.603 0.034704961
296 21 47 48.717 0.115 48.602 0.00027598801
296 22 44 48.697 0.094 48.603 0.0020653361
296 23 52 48.69 0.087 48.603 0.0010256652
296 24 51 48.71 0.107 48.603 0.00049093115
296 25 36 48.762 0.159 48.603 0.015247095
296 26 55 48.845 0.243 48.602 0.0035465471
296 27 45 48.95 0.348 48.602 0.0014606421
296 28 40 49.054 0.452 48.602 0.0076741557
296 29 50 49.136 0.534 48.602 6.9883896e-05
296 30 42 49.186 0.583 48.603 0.0048341937
296 31 64 49.196 0.593 48.603 0.020516713
297 0 44 50.125 0.551 49.574 0.0035120591
297 1 44 50.062 0.488 49.574 0.0034401825
297 2 49 49.976 0.402 49.574 8.9176261e-05
297 3 66 49.88 0.306 49.574 0.024326504
297 4 56 49.786 0.213 49.573 0.0036148653
297 5 43 49.706 0.133 49.573 0.0042099479
297 6 58 49.648 0.074 49.574 0.0065302618
297 7 43 49.616 0.042 49.574 0.0040977043
297 8 46 49.6 0.026 49.574 0.0012132621
297 9 47 49.606 0.033 49.573 0.00063576768
297 10 41 49.641 0.067 49.574 0.0069900074
297 11 40 49.687 0.113 49.574 0.0087847261
297 12 43 49.732 0.158 49.574 0.0042426562
297 13 57 49.77 0.196 49.574 0.0048935747
297 14 49 49.796 0.222 49.574 5.9316533e-05
297 15 42 49.809 0.235 49.574 0.0057087427
297 16 64 49.808 0.234 49.574 0.018855447
297 17 56 49.795 0.221 49.574 0.0036044018
297 18 38 49.772 0.198 49.574 0.01297329
297 19 46 49.744 0.17 49.574 0.0013122643
297 20 56 49.713 0.14 49.573 0.0037002967
297 21 55 49.686 0.112 49.574 0.0026435816
297 22 42 49.665 0.092 49.573 0.0055001425
297 23 46 49.659 0.085 49.574 0.001253356
297 24 39 49.679 0.105 49.574 0.010676055
297 25 53 49.729 0.155 49.574 0.0010016378
297 26 62 49.811 0.237 49.574 0.013908676
297 27 50 49.914 0.34 49.574 6.9238321e-07
297 28 64 50.016 0.442 49.574 0.018306801
297 29 52 50.096 0.523 49.573 0.00033937786
297 30 49 50.145 0.571 49.574 0.00012273279
297 31 54 50.155 0.581 49.574 0.0013840198
298 0 46 49.999 0.539 49.46 0.0014971056
298 1 49 49.937 0.478 49.459 8.2191859e-05
298 2 41 49.853 0.394 49.459 0.0073372033
298 3 49 49.759 0.299 49.46 5.3930342e-05
298 4 42 49.667 0.208 49.459 0.0055030131
298 5 58 49.589 0.13 49.459 0.0066228495
298 6 56 49.532 0.073 49.459 0.0039164235
298 7 32 49.5 0.041 49.459 0.02866987
298 8 55 49.485 0.025 49.46 0.0028473487
298 9 52 49.491 0.032 49.459 0.00058931968
298 10 50 49.525 0.066 49.459 2.1122088e-05
298 11 50 49.57 0.11 49.46 1.730958e-05
298 12 53 49.614 0.154 49.46 0.0010733059
298 13 47 49.651 0.191 49.46 0.00065791393
298 14 53 49.677 0.217 49.46 0.0010337376
298 15 46 49.689 0.229 49.46 0.0012739927
298 16 45 49.688 0.228 49.46 0.0020574289
298 17 44 49.675 0.215 49.46 0.0030149586
298 18 45 49.653 0.193 49.46 0.0020268226
298 19 53 49.626 0.166 49.46 0.0010657118
298 20 58 49.596 0.136 49.46 0.0066118305
298 21 43 49.568 0.109 49.459 0.0040384612
298 22 67 49.549 0.089 49.46 0.028509543
298 23 49 49.542 0.083 49.459 2.7500982e-05
298 24 36 49.562 0.102 49.46 0.017218571
298 25 44 49.612 0.152 49.46 0.0029483901
298 26 59 49.692 0.232 49.46 0.0081107753
298 27 61 49.793 0.333 49.46 0.011757862
298 28 51 49.892 0.433 49.459 0.00011492887
298 29 52 49.971 0.512 49.459 0.00038540178
298 30 43 50.019 0.559 49.46 0.0046121148
298 31 61 50.028 0.569 49.459 0.01126993
299 0 55 48.297 0.528 47.769 0.004206182
299 1 45 48.236 0.467 47.769 0.00098031726
299 2 48 48.154 0.385 47.769 2.2201947e-06
299 3 48 48.062 0.293 47.769 3.5985952e-07
299 4 53 47.972 0.203 47.769 0.0023666834
299 5 35 47.895 0.126 47.769 0.015566548
299 6 55 47.84 0.071 47.769 0.0047992754
299 7 53 47.809 0.04 47.769 0.0025226191
299 8 42 47.793 0.024 47.769 0.0031416419
299 9 37 47.8 0.031 47.769 0.010919359
299 10 45 47.833 0.064 47.769 0.00075135083
299 11 30 47.876 0.107 47.769 0.02991509
299 12 33 47.919 0.15 47.769 0.020836705
299 13 55 47.955 0.186 47.769 0.0046463468
299 14 58 47.981 0.211 47.77 0.009397198
299 15 47 47.993 0.224 47.769 9.2309866e-05
299 16 42 47.991 0.222 47.769 0.0033600695
299 17 40 47.979 0.21 47.769 0.005960004
299 18 52 47.957 0.188 47.769 0.0015302314
299 19 60 47.931 0.162 47.769 0.013636163
299 20 44 47.902 0.132 47.77 0.0014253586
299 21 48 47.875 0.106 47.769 1.4627485e-06
299 22 49 47.856 0.087 47.769 0.0001225185
299 23 53 47.849 0.08 47.769 0.0024838921
299 24 36 47.869 0.1 47.769 0.013187968
299 25 51 47.918 0.148 47.77 0.00088923161
299 26 60 47.996 0.227 47.769 0.013489678
299 27 48 48.095 0.326 47.769 8.4488351e-07
299 28 51 48.193 0.423 47.77 0.000737623
299 29 59 48.27 0.501 47.769 0.01077827
299 30 56 48.316 0.547 47.769 0.0055274438
299 31 48 48.326 0.557 47.769 9.9491235e-06
